/tmp/tmpXX26iw57.asm:
     1                          MODULE bas56k_asm
     2                          LINE 0, "bas56k.asm"
bas56k.asm:
                                
     1                          ;==============================================================================
     2                          ;
     3                          ; The rework to support MS Basic HLOAD, RESET, MEEK, MOKE,
     4                          ; and the Z80 instruction tuning are copyright (C) 2020-23 Phillip Stevens
     5                          ;
     6                          ; This Source Code Form is subject to the terms of the Mozilla Public
     7                          ; License, v. 2.0. If a copy of the MPL was not distributed with this
     8                          ; file, You can obtain one at http://mozilla.org/MPL/2.0/.
     9                          ;
    10                          ; The HLOAD function supports Intel HEX encoded program upload.
    11                          ; Updates LSTRAM and STRSPC, adds program origin address to USR+1.
    12                          ; It resets and clears runtime variables.
    13                          ;
    14                          ; The RESET function returns to cold start status.
    15                          ;
    16                          ; feilipu, August 2020
    17                          ;
    18                          ;==============================================================================
    19                          ;
    20                          ; The updates to the original BASIC within this file are copyright Grant Searle
    21                          ;
    22                          ; You have permission to use this for NON COMMERCIAL USE ONLY
    23                          ; If you wish to use it elsewhere, please include an acknowledgement to myself.
    24                          ;
    25                          ; http://searle.wales/
    26                          ;
    27                          ;==============================================================================
    28                          ;
    29                          ; NASCOM ROM BASIC Ver 4.7, (C) 1978 Microsoft
    30                          ; Scanned from source published in 80-BUS NEWS from Vol 2, Issue 3
    31                          ; (May-June 1983) to Vol 3, Issue 3 (May-June 1984)
    32                          ; Adapted for the freeware Zilog Macro Assembler 2.10 to produce
    33                          ; the original ROM code (checksum A934H). PA
    34                          ;
    35                          ;==============================================================================
    36                          
    37                          
    38                          ; GENERAL EQUATES
    39                          
    40                                  DEFC    CTRLC   =   03H         ; Control "C"
    41                                  DEFC    CTRLG   =   07H         ; Control "G"
    42                                  DEFC    BKSP    =   08H         ; Back space
    43                                  DEFC    LF      =   0AH         ; Line feed
    44                                  DEFC    FF      =   0CH         ; Form feed
    45                                  DEFC    CR      =   0DH         ; Carriage return
    46                                  DEFC    CTRLO   =   0FH         ; Control "O"
    47                                  DEFC    CTRLQ   =   11H         ; Control "Q"
    48                                  DEFC    CTRLR   =   12H         ; Control "R"
    49                                  DEFC    CTRLS   =   13H         ; Control "S"
    50                                  DEFC    CTRLU   =   15H         ; Control "U"
    51                                  DEFC    ESC     =   1BH         ; Escape
    52                                  DEFC    DEL     =   7FH         ; Delete
    53                          
    54                          ; BASIC WORK SPACE LOCATIONS
    55                          
    56                                  PUBLIC WRKSPC                   ; Start of BASIC RAM
    57                          
    58                                  DEFC    WRKSPC  =   2200H       ; <<<< BASIC Work space ** Rx buffer & Tx buffer located from 2080H **
    59                                  DEFC    USR     =   WRKSPC+003H ; "USR (x)" jump
    60                                  DEFC    OUTSUB  =   WRKSPC+006H ; "OUT p,n"
    61                                  DEFC    OTPORT  =   WRKSPC+007H ; Port (p)
    62                                  DEFC    DIVSUP  =   WRKSPC+009H ; Division support routine
    63                                  DEFC    DIV1    =   WRKSPC+00AH ; <- Values
    64                                  DEFC    DIV2    =   WRKSPC+00EH ; <-   to
    65                                  DEFC    DIV3    =   WRKSPC+012H ; <-   be
    66                                  DEFC    DIV4    =   WRKSPC+015H ; <-inserted
    67                                  DEFC    SEED    =   WRKSPC+017H ; Random number seed
    68                                  DEFC    LSTRND  =   WRKSPC+03AH ; Last random number
    69                                  DEFC    INPSUB  =   WRKSPC+03EH ; #INP (x)" Routine
    70                                  DEFC    INPORT  =   WRKSPC+03FH ; PORT (x)
    71                                  DEFC    NULLS   =   WRKSPC+041H ; Number of nulls
    72                                  DEFC    LWIDTH  =   WRKSPC+042H ; Terminal width
    73                                  DEFC    COMMAN  =   WRKSPC+043H ; Width for commas
    74                                  DEFC    NULFLG  =   WRKSPC+044H ; Null after input byte flag
    75                                  DEFC    CTLOFG  =   WRKSPC+045H ; Control "O" flag
    76                                  DEFC    LINESC  =   WRKSPC+046H ; Lines counter
    77                                  DEFC    LINESN  =   WRKSPC+048H ; Lines number
    78                                  DEFC    CHKSUM  =   WRKSPC+04AH ; Array load/save check sum
    79                                  DEFC    NMIFLG  =   WRKSPC+04CH ; Flag for NMI break routine
    80                                  DEFC    BRKFLG  =   WRKSPC+04DH ; Break flag
    81                                  DEFC    RINPUT  =   WRKSPC+04EH ; Input reflection
    82                                  DEFC    STRSPC  =   WRKSPC+051H ; Bottom of string space
    83                                  DEFC    LINEAT  =   WRKSPC+053H ; Current line number
    84                                  DEFC    BASTXT  =   WRKSPC+055H ; Pointer to start of program
    85                                  DEFC    BUFFER  =   WRKSPC+058H ; Input buffer
    86                                  DEFC    STACK   =   WRKSPC+05DH ; Initial stack
    87                                  DEFC    CURPOS  =   WRKSPC+0A2H ; <<<< Character position on line ** Top of Loader TEMPSTACK **
    88                                  DEFC    LCRFLG  =   WRKSPC+0A3H ; Locate/Create flag
    89                                  DEFC    TYPE    =   WRKSPC+0A4H ; Data type flag
    90                                  DEFC    DATFLG  =   WRKSPC+0A5H ; Literal statement flag
    91                                  DEFC    LSTRAM  =   WRKSPC+0A6H ; Last available RAM
    92                                  DEFC    TMSTPT  =   WRKSPC+0A8H ; Temporary string pointer
    93                                  DEFC    TMSTPL  =   WRKSPC+0AAH ; Temporary string pool
    94                                  DEFC    TMPSTR  =   WRKSPC+0B6H ; Temporary string
    95                                  DEFC    STRBOT  =   WRKSPC+0BAH ; Bottom of string space
    96                                  DEFC    CUROPR  =   WRKSPC+0BCH ; Current operator in EVAL
    97                                  DEFC    LOOPST  =   WRKSPC+0BEH ; First statement of loop
    98                                  DEFC    DATLIN  =   WRKSPC+0C0H ; Line of current DATA item
    99                                  DEFC    FORFLG  =   WRKSPC+0C2H ; "FOR" loop flag
   100                                  DEFC    LSTBIN  =   WRKSPC+0C3H ; Last byte entered
   101                                  DEFC    READFG  =   WRKSPC+0C4H ; Read/Input flag
   102                                  DEFC    BRKLIN  =   WRKSPC+0C5H ; Line of break
   103                                  DEFC    NXTOPR  =   WRKSPC+0C7H ; Next operator in EVAL
   104                                  DEFC    ERRLIN  =   WRKSPC+0C9H ; Line of error
   105                                  DEFC    CONTAD  =   WRKSPC+0CBH ; Where to CONTinue
   106                                  DEFC    PROGND  =   WRKSPC+0CDH ; End of program
   107                                  DEFC    VAREND  =   WRKSPC+0CFH ; End of variables
   108                                  DEFC    ARREND  =   WRKSPC+0D1H ; End of arrays
   109                                  DEFC    NXTDAT  =   WRKSPC+0D3H ; Next data item
   110                                  DEFC    FNRGNM  =   WRKSPC+0D5H ; Name of FN argument
   111                                  DEFC    FNARG   =   WRKSPC+0D7H ; FN argument value
   112                                  DEFC    FPREG   =   WRKSPC+0DBH ; Floating point register
   113                                  DEFC    FPEXP   =   FPREG+3     ; Floating point exponent
   114                                  DEFC    SGNRES  =   WRKSPC+0DFH ; Sign of result
   115                                  DEFC    PBUFF   =   WRKSPC+0E0H ; Number print buffer
   116                                  DEFC    MULVAL  =   WRKSPC+0EDH ; Multiplier
   117                                  DEFC    PROGST  =   WRKSPC+0F0H ; Start of program text area
   118                                  DEFC    STLOOK  =   WRKSPC+154H ; Start of memory test
   119                          
   120                          ; BASIC ERROR CODE VALUES
   121                          
   122                                  PUBLIC  UFERR           ; User Function undefined (RSTnn) error
   123                          
   124                                  DEFC    NF      =   00H ; NEXT without FOR
   125                                  DEFC    SN      =   02H ; Syntax error
   126                                  DEFC    RG      =   04H ; RETURN without GOSUB
   127                                  DEFC    OD      =   06H ; Out of DATA
   128                                  DEFC    FC      =   08H ; Function call error
   129                                  DEFC    OV      =   0AH ; Overflow
   130                                  DEFC    OM      =   0CH ; Out of memory
   131                                  DEFC    UL      =   0EH ; Undefined line number
   132                                  DEFC    BS      =   10H ; Bad subscript
   133                                  DEFC    DD      =   12H ; Re-DIMensioned array
   134                                  DEFC    DZ      =   14H ; Division by zero (/0)
   135                                  DEFC    ID      =   16H ; Illegal direct
   136                                  DEFC    TM      =   18H ; Type miss-match
   137                                  DEFC    OS      =   1AH ; Out of string space
   138                                  DEFC    LS      =   1CH ; String too long
   139                                  DEFC    ST      =   1EH ; String formula too complex
   140                                  DEFC    CN      =   20H ; Can't CONTinue
   141                                  DEFC    UF      =   22H ; UnDEFined user function FN
   142                                  DEFC    MO      =   24H ; Missing operand
   143                                  DEFC    HX      =   26H ; HEX error
   144                          
   145                          ; BASIC CODE COMMENCES
   146                          
   147                                  ORG     0240H           ; <<<< Modified to allow for ACIA Tx/Rx on RST_38 (INT)
   148                          
   149  0000  c31000            COLD:   JP      CSTART          ; Jump in for cold start (0x0240)
   150  0003  c39f00            WARM:   JP      WARMST          ; Jump in for warm start (0x0243)
   151                          
   152  0006  ffffffffff                DEFS    5               ; pad so DEINT is 0x024B, ABPASS is 0x024D
   153                          
   154  000b  a108                      DEFW    DEINT           ; 0x024B Get integer -32768 to 32767
   155  000d  3410                      DEFW    ABPASS          ; 0x024D Return integer in AB
   156                          
   157  000f  c0                RESET:  RET     NZ              ; Return if any more on line
   158  0010  210022            CSTART: LD      HL,WRKSPC       ; Start of workspace RAM
   159  0013  f9                        LD      SP,HL           ; Set up a temporary stack
   160  0014  af                        XOR     A               ; Clear break flag
   161  0015  324d22                    LD      (BRKFLG),A
   162                          
   163  0018  21c302            INIT:   LD      HL,INITAB       ; Initialise workspace
   164  001b  015a00                    LD      BC,INITBE-INITAB+3  ; Bytes to copy
   165  001e  110022                    LD      DE,WRKSPC       ; Into workspace RAM
   166  0021  edb0                      LDIR                    ; Copy
   167  0023  eb                        EX      DE,HL           ; End of copy destination to HL
   168  0024  f9                        LD      SP,HL           ; Temporary stack
   169  0025  cdbe04                    CALL    CLREG           ; Clear registers and stack
   170  0028  cda60a                    CALL    PRNTCRLF        ; Output CRLF
   171  002b  32a122                    LD      (BUFFER+72+1),A ; Mark end of buffer
   172  002e  32f022                    LD      (PROGST),A      ; Initialise program area
   173  0031  21ee00            MSIZE:  LD      HL,MEMMSG       ; Point to message
   174  0034  cd6111                    CALL    PRS             ; Output "Memory size"
   175  0037  cddb04                    CALL    PROMPT          ; Get input with '?'
   176  003a  cdea07                    CALL    GETCHR          ; Get next character
   177  003d  c25500                    JP      NZ,TSTMEM       ; If number - Test if RAM there
   178  0040  215423                    LD      HL,STLOOK       ; Point to start of RAM
   179  0043  23                MLOOP:  INC     HL              ; Next byte
   180  0044  7c                        LD      A,H             ; Above address FFFF ?
   181  0045  b5                        OR      L
   182  0046  ca6700                    JP      Z,SETTOP        ; Yes - 64K RAM
   183  0049  7e                        LD      A,(HL)          ; Get contents
   184  004a  47                        LD      B,A             ; Save it
   185  004b  2f                        CPL                     ; Flip all bits
   186  004c  77                        LD      (HL),A          ; Put it back
   187  004d  be                        CP      (HL)            ; RAM there if same
   188  004e  70                        LD      (HL),B          ; Restore old contents
   189  004f  ca4300                    JP      Z,MLOOP         ; If RAM - test next byte
   190  0052  c36700                    JP      SETTOP          ; Top of RAM found
   191                          
   192  0055  cdbb08            TSTMEM: CALL    ATOH            ; Get high memory into DE
   193  0058  b7                        OR      A               ; Set flags on last byte
   194  0059  c28c03                    JP      NZ,SNERR        ; ?SN Error if bad character
   195  005c  eb                        EX      DE,HL           ; Address into HL
   196  005d  2b                        DEC     HL              ; Back one byte
   197  005e  3ed9                      LD      A,11011001B     ; Test byte
   198  0060  46                        LD      B,(HL)          ; Get old contents
   199  0061  77                        LD      (HL),A          ; Load test byte
   200  0062  be                        CP      (HL)            ; RAM there if same
   201  0063  70                        LD      (HL),B          ; Restore old contents
   202  0064  c23100                    JP      NZ,MSIZE        ; Ask again if no RAM
   203                          
   204  0067  2b                SETTOP: DEC     HL              ; Back one byte
   205  0068  115323                    LD      DE,STLOOK-1     ; See if enough RAM
   206  006b  cd5406                    CALL    CPDEHL          ; Compare DE with HL
   207  006e  da3100                    JP      C,MSIZE         ; Ask again if not enough RAM
   208  0071  11ceff                    LD      DE,-50          ; 50 Bytes string space
   209  0074  22a622                    LD      (LSTRAM),HL     ; Save last available RAM
   210  0077  19                        ADD     HL,DE           ; Allocate string space
   211  0078  225122                    LD      (STRSPC),HL     ; Save string space
   212  007b  cd9904                    CALL    CLRPTR          ; Clear program area
   213  007e  2a5122                    LD      HL,(STRSPC)     ; Get end of memory
   214  0081  11efff                    LD      DE,-17          ; Offset for free bytes
   215  0084  19                        ADD     HL,DE           ; Adjust HL
   216  0085  11f022                    LD      DE,PROGST       ; Start of program text
   217  0088  7d                        LD      A,L             ; Get LSB
   218  0089  93                        SUB     E               ; Adjust it
   219  008a  6f                        LD      L,A             ; Re-save
   220  008b  7c                        LD      A,H             ; Get MSB
   221  008c  9a                        SBC     A,D             ; Adjust it
   222  008d  67                        LD      H,A             ; Re-save
   223  008e  e5                        PUSH    HL              ; Save bytes free
   224  008f  21b700                    LD      HL,SIGNON       ; Sign-on message
   225  0092  cd6111                    CALL    PRS             ; Output string
   226  0095  e1                        POP     HL              ; Get bytes free back
   227  0096  cdf617                    CALL    PRNTHL          ; Output amount of free memory
   228  0099  21a800                    LD      HL,BFREE        ; " Bytes free" message
   229  009c  cd6111                    CALL    PRS             ; Output string
   230                          
   231  009f  315d22            WARMST: LD      SP,STACK        ; Temporary stack
   232  00a2  cdbe04            BRKRET: CALL    CLREG           ; Clear registers and stack
   233  00a5  c3da03                    JP      PRNTOK          ; Go to get command line
   234                          
   235  00a8  2042797465732066  BFREE:  DEFB    " Bytes free",CR,LF,0,0
              7265650d0a0000    
   236                          
   237  00b7  5a38302042415349  SIGNON: DEFB    "Z80 BASIC Ver 4.7c",CR,LF
              432056657220342e  
              37630d0a          
   238  00cb  436f707972696768          DEFB    "Copyright ",40,"C",41
              7420284329        
   239  00d8  2031393738206279          DEFB    " 1978 by Microsoft",CR,LF,0,0
              204d6963726f736f  
              66740d0a0000      
   240                          
   241  00ee  4d656d6f72792074  MEMMSG: DEFB    "Memory top",0
              6f7000            
   242                          
   243                          ; FUNCTION ADDRESS TABLE
   244                          
   245  00f9  7516              FNCTAB: DEFW    SGN
   246  00fb  2b17                      DEFW    INT
   247  00fd  8b16                      DEFW    ABS
   248  00ff  0322                      DEFW    USR
   249  0101  1210                      DEFW    FRE
   250  0103  8e13                      DEFW    INP
   251  0105  4010                      DEFW    POS
   252  0107  0319                      DEFW    SQR
   253  0109  fc19                      DEFW    RND
   254  010b  0f15                      DEFW    LOG
   255  010d  5e19                      DEFW    EXP
   256  010f  8a1a                      DEFW    COS
   257  0111  901a                      DEFW    SIN
   258  0113  f61a                      DEFW    TAN
   259  0115  101b                      DEFW    ATN
   260  0117  e213                      DEFW    PEEK
   261  0119  8d1b                      DEFW    DEEK
   262  011b  cf12                      DEFW    LEN
   263  011d  e410                      DEFW    STR
   264  011f  6913                      DEFW    VAL
   265  0121  de12                      DEFW    ASC
   266  0123  ef12                      DEFW    CHR
   267  0125  001d                      DEFW    HEX
   268  0127  ff12                      DEFW    LEFT
   269  0129  2f13                      DEFW    RIGHT
   270  012b  3913                      DEFW    MID
   271                          
   272                          ; RESERVED WORD LIST
   273                          
   274  012d  c54e44            WORDS:  DEFB    'E'+80H,"ND"    ; 80h
   275  0130  c64f52                    DEFB    'F'+80H,"OR"
   276  0133  ce455854                  DEFB    'N'+80H,"EXT"
   277  0137  c4415441                  DEFB    'D'+80H,"ATA"
   278  013b  c94e505554                DEFB    'I'+80H,"NPUT"
   279  0140  c4494d                    DEFB    'D'+80H,"IM"
   280  0143  d2454144                  DEFB    'R'+80H,"EAD"
   281  0147  cc4554                    DEFB    'L'+80H,"ET"
   282  014a  c74f544f                  DEFB    'G'+80H,"OTO"
   283  014e  d2554e                    DEFB    'R'+80H,"UN"
   284  0151  c946                      DEFB    'I'+80H,"F"
   285  0153  d24553544f5245            DEFB    'R'+80H,"ESTORE"
   286  015a  c74f535542                DEFB    'G'+80H,"OSUB"
   287  015f  d2455455524e              DEFB    'R'+80H,"ETURN"
   288  0165  d2454d                    DEFB    'R'+80H,"EM"
   289  0168  d3544f50                  DEFB    'S'+80H,"TOP"
   290  016c  cf5554                    DEFB    'O'+80H,"UT"    ; 90h
   291  016f  cf4e                      DEFB    'O'+80H,"N"
   292  0171  ce554c4c                  DEFB    'N'+80H,"ULL"
   293  0175  d7414954                  DEFB    'W'+80H,"AIT"
   294  0179  c44546                    DEFB    'D'+80H,"EF"
   295  017c  d04f4b45                  DEFB    'P'+80H,"OKE"
   296  0180  c44f4b45                  DEFB    'D'+80H,"OKE"
   297  0184  cd4f4b45                  DEFB    'M'+80H,"OKE"
   298  0188  cd45454b                  DEFB    'M'+80H,"EEK"
   299  018c  cc494e4553                DEFB    'L'+80H,"INES"
   300  0191  c34c53                    DEFB    'C'+80H,"LS"
   301  0194  d749445448                DEFB    'W'+80H,"IDTH"
   302  0199  cd4f4e49544f52            DEFB    'M'+80H,"ONITOR"
   303  01a0  d245534554                DEFB    'R'+80H,"ESET"
   304  01a5  d052494e54                DEFB    'P'+80H,"RINT"
   305  01aa  c34f4e54                  DEFB    'C'+80H,"ONT"
   306  01ae  cc495354                  DEFB    'L'+80H,"IST"   ; A0h
   307  01b2  c34c454152                DEFB    'C'+80H,"LEAR"
   308  01b7  c84c4f4144                DEFB    'H'+80H,"LOAD"
   309  01bc  ce4557                    DEFB    'N'+80H,"EW"
   310                          
   311  01bf  d4414228                  DEFB    'T'+80H,"AB("
   312  01c3  d44f                      DEFB    'T'+80H,"O"
   313  01c5  c64e                      DEFB    'F'+80H,"N"
   314  01c7  d3504328                  DEFB    'S'+80H,"PC("
   315  01cb  d448454e                  DEFB    'T'+80H,"HEN"
   316  01cf  ce4f54                    DEFB    'N'+80H,"OT"
   317  01d2  d3544550                  DEFB    'S'+80H,"TEP"
   318                          
   319  01d6  a6                        DEFB    '&'+80H
   320  01d7  ab                        DEFB    '+'+80H
   321  01d8  ad                        DEFB    '-'+80H
   322  01d9  aa                        DEFB    '*'+80H
   323  01da  af                        DEFB    '/'+80H
   324  01db  de                        DEFB    '^'+80H        ; B0h
   325  01dc  c14e44                    DEFB    'A'+80H,"ND"
   326  01df  cf52                      DEFB    'O'+80H,"R"
   327  01e1  be                        DEFB    '>'+80H
   328  01e2  bd                        DEFB    '='+80H
   329  01e3  bc                        DEFB    '<'+80H
   330                          
   331  01e4  d3474e                    DEFB    'S'+80H,"GN"
   332  01e7  c94e54                    DEFB    'I'+80H,"NT"
   333  01ea  c14253                    DEFB    'A'+80H,"BS"
   334  01ed  d55352                    DEFB    'U'+80H,"SR"
   335  01f0  c65245                    DEFB    'F'+80H,"RE"
   336  01f3  c94e50                    DEFB    'I'+80H,"NP"
   337  01f6  d04f53                    DEFB    'P'+80H,"OS"
   338  01f9  d35152                    DEFB    'S'+80H,"QR"
   339  01fc  d24e44                    DEFB    'R'+80H,"ND"
   340  01ff  cc4f47                    DEFB    'L'+80H,"OG"
   341  0202  c55850                    DEFB    'E'+80H,"XP"    ; C0h
   342  0205  c34f53                    DEFB    'C'+80H,"OS"
   343  0208  d3494e                    DEFB    'S'+80H,"IN"
   344  020b  d4414e                    DEFB    'T'+80H,"AN"
   345  020e  c1544e                    DEFB    'A'+80H,"TN"
   346  0211  d045454b                  DEFB    'P'+80H,"EEK"
   347  0215  c445454b                  DEFB    'D'+80H,"EEK"
   348  0219  cc454e                    DEFB    'L'+80H,"EN"
   349  021c  d3545224                  DEFB    'S'+80H,"TR$"
   350  0220  d6414c                    DEFB    'V'+80H,"AL"
   351  0223  c15343                    DEFB    'A'+80H,"SC"
   352  0226  c3485224                  DEFB    'C'+80H,"HR$"
   353  022a  c8455824                  DEFB    'H'+80H,"EX$"
   354  022e  cc45465424                DEFB    'L'+80H,"EFT$"
   355  0233  d24947485424              DEFB    'R'+80H,"IGHT$"
   356  0239  cd494424                  DEFB    'M'+80H,"ID$"
   357  023d  80                        DEFB    80H             ; End of list marker
   358                          
   359                          ; KEYWORD ADDRESS TABLE
   360                          
   361  023e  3908              WORDTB: DEFW    PEND
   362  0240  2c07                      DEFW    FOR
   363  0242  280c                      DEFW    NEXT
   364  0244  8609                      DEFW    DATA
   365  0246  270b                      DEFW    INPUT
   366  0248  6b0e                      DEFW    DIM
   367  024a  560b                      DEFW    READ
   368  024c  9d09                      DEFW    LET
   369  024e  4309                      DEFW    GOTO
   370  0250  2609                      DEFW    RUN
   371  0252  240a                      DEFW    IF
   372  0254  fa07                      DEFW    RESTOR
   373  0256  3209                      DEFW    GOSUB
   374  0258  6109                      DEFW    RETURN
   375  025a  8809                      DEFW    REM
   376  025c  3708                      DEFW    STOP
   377  025e  9a13                      DEFW    POUT
   378  0260  060a                      DEFW    ON
   379  0262  7808                      DEFW    NULL
   380  0264  a013                      DEFW    WAIT
   381  0266  4810                      DEFW    DEF
   382  0268  e913                      DEFW    POKE
   383  026a  981b                      DEFW    DOKE
   384  026c  0a1c                      DEFW    MOKE
   385  026e  b21b                      DEFW    MEEK
   386  0270  7e1b                      DEFW    LINES
   387  0272  5f1b                      DEFW    CLS
   388  0274  6d1b                      DEFW    WIDTH
   389  0276  af1b                      DEFW    MONITR
   390  0278  0f00                      DEFW    RESET
   391  027a  480a                      DEFW    PRINT
   392  027c  6508                      DEFW    CONT
   393  027e  a306                      DEFW    LIST
   394  0280  e008                      DEFW    CLEAR
   395  0282  7c1c                      DEFW    HLOAD
   396  0284  9804                      DEFW    NEW
   397                          
   398                          ; RESERVED WORD TOKEN VALUES
   399                          
   400                                  DEFC    ZEND    =   080H        ; END
   401                                  DEFC    ZFOR    =   081H        ; FOR
   402                                  DEFC    ZDATA   =   083H        ; DATA
   403                                  DEFC    ZGOTO   =   088H        ; GOTO
   404                                  DEFC    ZGOSUB  =   08CH        ; GOSUB
   405                                  DEFC    ZREM    =   08EH        ; REM
   406                                  DEFC    ZPRINT  =   09EH        ; PRINT
   407                                  DEFC    ZNEW    =   0A3H        ; NEW
   408                          
   409                                  DEFC    ZTAB    =   0A4H        ; TAB
   410                                  DEFC    ZTO     =   0A5H        ; TO
   411                                  DEFC    ZFN     =   0A6H        ; FN
   412                                  DEFC    ZSPC    =   0A7H        ; SPC
   413                                  DEFC    ZTHEN   =   0A8H        ; THEN
   414                                  DEFC    ZNOT    =   0A9H        ; NOT
   415                                  DEFC    ZSTEP   =   0AAH        ; STEP
   416                          
   417                                  DEFC    ZAMP    =   0ABH        ; &
   418                                  DEFC    ZPLUS   =   0ACH        ; +
   419                                  DEFC    ZMINUS  =   0ADH        ; -
   420                                  DEFC    ZTIMES  =   0AEH        ; *
   421                                  DEFC    ZDIV    =   0AFH        ; /
   422                                  DEFC    ZOR     =   0B2H        ; OR
   423                                  DEFC    ZGTR    =   0B3H        ; >
   424                                  DEFC    ZEQUAL  =   0B4H        ; =
   425                                  DEFC    ZLTH    =   0B5H        ; <
   426                                  DEFC    ZSGN    =   0B6H        ; SGN
   427                                  DEFC    ZLEFT   =   0CDH        ; LEFT$
   428                          
   429                          ; ARITHMETIC PRECEDENCE TABLE
   430                          
   431  0286  79                PRITAB: DEFB    79H             ; Precedence value
   432  0287  dd17                      DEFW    PADD            ; FPREG = <last> + FPREG
   433                          
   434  0289  79                        DEFB    79H             ; Precedence value
   435  028a  0714                      DEFW    PSUB            ; FPREG = <last> - FPREG
   436                          
   437  028c  7c                        DEFB    7CH             ; Precedence value
   438  028d  4e15                      DEFW    MULT            ; FPREG = <last> * FPREG
   439                          
   440  028f  7c                        DEFB    7CH             ; Precedence value
   441  0290  b915                      DEFW    DIV             ; FPREG = <last> / FPREG
   442                          
   443  0292  7f                        DEFB    7FH             ; Precedence value
   444  0293  1419                      DEFW    POWER           ; FPREG = <last> ^ FPREG
   445                          
   446  0295  50                        DEFB    50H             ; Precedence value
   447  0296  bf0d                      DEFW    PAND            ; FPREG = <last> AND FPREG
   448                          
   449  0298  46                        DEFB    46H             ; Precedence value
   450  0299  be0d                      DEFW    POR             ; FPREG = <last> OR FPREG
   451                          
   452                          ; BASIC ERROR CODE LIST
   453                          
   454  029b  4e46              ERRORS: DEFB    "NF"            ; NEXT without FOR
   455  029d  534e                      DEFB    "SN"            ; Syntax error
   456  029f  5247                      DEFB    "RG"            ; RETURN without GOSUB
   457  02a1  4f44                      DEFB    "OD"            ; Out of DATA
   458  02a3  4643                      DEFB    "FC"            ; Illegal function call
   459  02a5  4f56                      DEFB    "OV"            ; Overflow error
   460  02a7  4f4d                      DEFB    "OM"            ; Out of memory
   461  02a9  554c                      DEFB    "UL"            ; Undefined line
   462  02ab  4253                      DEFB    "BS"            ; Bad subscript
   463  02ad  4444                      DEFB    "DD"            ; Re-DIMensioned array
   464  02af  2f30                      DEFB    "/0"            ; Division by zero
   465  02b1  4944                      DEFB    "ID"            ; Illegal direct
   466  02b3  544d                      DEFB    "TM"            ; Type mis-match
   467  02b5  4f53                      DEFB    "OS"            ; Out of string space
   468  02b7  4c53                      DEFB    "LS"            ; String too long
   469  02b9  5354                      DEFB    "ST"            ; String formula too complex
   470  02bb  434e                      DEFB    "CN"            ; Can't CONTinue
   471  02bd  5546                      DEFB    "UF"            ; Undefined FN function
   472  02bf  4d4f                      DEFB    "MO"            ; Missing operand
   473  02c1  4858                      DEFB    "HX"            ; HEX error
   474                          
   475                          ; INITIALISATION TABLE --------------------------------------------------------
   476                          
   477  02c3  c39f00            INITAB: JP      WARMST          ; Warm start jump
   478  02c6  c3b608                    JP      FCERR           ; "USR (X)" jump (Set to Error)
   479                          
   480  02c9  d300                      OUT     (0),A           ; "OUT p,n" skeleton
   481  02cb  c9                        RET
   482                          
   483  02cc  d600                      SUB     0               ; Division support routine
   484  02ce  6f                        LD      L,A
   485  02cf  7c                        LD      A,H
   486  02d0  de00                      SBC     A,0
   487  02d2  67                        LD      H,A
   488  02d3  78                        LD      A,B
   489  02d4  de00                      SBC     A,0
   490  02d6  47                        LD      B,A
   491  02d7  3e00                      LD      A,0
   492  02d9  c9                        RET
   493                          
   494  02da  000000                    DEFB    0,0,0                   ; Random number seed
   495                                                                  ; table used by RND
   496  02dd  354aca99                  DEFB    035H,04AH,0CAH,099H     ;-2.65145E+07
   497  02e1  391c7698                  DEFB    039H,01CH,076H,098H     ; 1.61291E+07
   498  02e5  2295b398                  DEFB    022H,095H,0B3H,098H     ;-1.17691E+07
   499  02e9  0add4798                  DEFB    00AH,0DDH,047H,098H     ; 1.30983E+07
   500  02ed  53d19999                  DEFB    053H,0D1H,099H,099H     ;-2-01612E+07
   501  02f1  0a1a9f98                  DEFB    00AH,01AH,09FH,098H     ;-1.04269E+07
   502  02f5  65bccd98                  DEFB    065H,0BCH,0CDH,098H     ;-1.34831E+07
   503  02f9  d6773e98                  DEFB    0D6H,077H,03EH,098H     ; 1.24825E+07
   504  02fd  52c74f80                  DEFB    052H,0C7H,04FH,080H     ; Last random number
   505                          
   506  0301  db00                      IN      A,(0)           ; INP (x) skeleton
   507  0303  c9                        RET
   508                          
   509  0304  01                        DEFB    1               ; POS (x) number (1)
   510  0305  ff                        DEFB    255             ; Terminal width (255 = no auto CRLF)
   511  0306  46                        DEFB    70              ; Width for commas (6 columns of 14 width)
   512  0307  00                        DEFB    0               ; No nulls after input bytes
   513  0308  00                        DEFB    0               ; Output enabled (^O off)
   514                          
   515  0309  1400                      DEFW    20              ; Initial lines counter
   516  030b  1400                      DEFW    20              ; Initial lines number
   517  030d  0000                      DEFW    0               ; Array load/save check sum
   518                          
   519  030f  00                        DEFB    0               ; Break not by NMI
   520  0310  00                        DEFB    0               ; Break flag
   521                          
   522  0311  c3d105                    JP      TTYLIN          ; Input reflection (set to TTY)
   523                          
   524  0314  5423                      DEFW    STLOOK          ; Temp string space
   525  0316  feff                      DEFW    -2              ; Current line number (cold)
   526  0318  f122                      DEFW    PROGST+1        ; Start of program text
   527                          INITBE:
   528  031a  ffffff                    DEFS    3               ; Fill 3 Bytes for copy
   529                          
   530                          ; END OF INITIALISATION TABLE -------------------------------------------------
   531                          
   532  031d  204572726f7200    ERRMSG: DEFB    " Error",0
   533  0324  20696e2000        INMSG:  DEFB    " in ",0
   534                                  DEFC    ZERBYT  =   $-1 ; A zero byte
   535  0329  4f6b0d0a0000      OKMSG:  DEFB    "Ok",CR,LF,0,0
   536  032f  427265616b00      BRKMSG: DEFB    "Break",0
   537                          
   538  0335  210400            BAKSTK: LD      HL,4            ; Look for "FOR" block with
   539  0338  39                        ADD     HL,SP           ; same index as specified
   540  0339  7e                LOKFOR: LD      A,(HL)          ; Get block ID
   541  033a  23                        INC     HL              ; Point to index address
   542  033b  fe81                      CP      ZFOR            ; Is it a "FOR" token
   543  033d  c0                        RET     NZ              ; No - exit
   544  033e  4e                        LD      C,(HL)          ; BC = Address of "FOR" index
   545  033f  23                        INC     HL
   546  0340  46                        LD      B,(HL)
   547  0341  23                        INC     HL              ; Point to sign of STEP
   548  0342  e5                        PUSH    HL              ; Save pointer to sign
   549  0343  6069                      LD      HL,BC           ; HL = address of "FOR" index
   550  0345  7a                        LD      A,D             ; See if an index was specified
   551  0346  b3                        OR      E               ; DE = 0 if no index specified
   552  0347  eb                        EX      DE,HL           ; Specified index into HL
   553  0348  ca4f03                    JP      Z,INDFND        ; Skip if no index given
   554  034b  eb                        EX      DE,HL           ; Index back into DE
   555  034c  cd5406                    CALL    CPDEHL          ; Compare index with one given
   556  034f  010d00            INDFND: LD      BC,16-3         ; Offset to next block
   557  0352  e1                        POP     HL              ; Restore pointer to sign
   558  0353  c8                        RET     Z               ; Return if block found
   559  0354  09                        ADD     HL,BC           ; Point to next block
   560  0355  c33903                    JP      LOKFOR          ; Keep on looking
   561                          
   562  0358  cd7203            MOVUP:  CALL    ENFMEM          ; See if enough memory
   563  035b  c5                MOVSTR: PUSH    BC              ; Save end of source
   564  035c  e3                        EX      (SP),HL         ; Swap source and dest" end
   565  035d  c1                        POP     BC              ; Get end of destination
   566  035e  cd5406            MOVLP:  CALL    CPDEHL          ; See if list moved
   567  0361  7e                        LD      A,(HL)          ; Get byte
   568  0362  02                        LD      (BC),A          ; Move it
   569  0363  c8                        RET     Z               ; Exit if all done
   570  0364  0b                        DEC     BC              ; Next byte to move to
   571  0365  2b                        DEC     HL              ; Next byte to move
   572  0366  c35e03                    JP      MOVLP           ; Loop until all bytes moved
   573                          
   574  0369  e5                CHKSTK: PUSH    HL              ; Save code string address
   575  036a  2ad122                    LD      HL,(ARREND)     ; Lowest free memory
   576  036d  0600                      LD      B,0             ; BC = Number of levels to test
   577  036f  09                        ADD     HL,BC           ; 2 Bytes for each level
   578  0370  09                        ADD     HL,BC
   579  0371  3e                        DEFB    3EH             ; Skip "PUSH HL"
   580  0372  e5                ENFMEM: PUSH    HL              ; Save code string address
   581  0373  3ed0                      LD      A,0D0H          ; 48 Bytes minimum RAM
   582  0375  95                        SUB     L
   583  0376  6f                        LD      L,A
   584  0377  3eff                      LD      A,0FFH          ; 48 Bytes minimum RAM
   585  0379  9c                        SBC     A,H
   586  037a  da8103                    JP      C,OMERR         ; Not enough - ?OM Error
   587  037d  67                        LD      H,A
   588  037e  39                        ADD     HL,SP           ; Test if stack is overflowed
   589  037f  e1                        POP     HL              ; Restore code string address
   590  0380  d8                        RET     C               ; Return if enough mmory
   591  0381  1e0c              OMERR:  LD      E,OM            ; ?OM Error
   592  0383  c3a303                    JP      ERROR
   593                          
   594  0386  2ac022            DATSNR: LD      HL,(DATLIN)     ; Get line of current DATA item
   595  0389  225322                    LD      (LINEAT),HL     ; Save as current line
   596  038c  1e02              SNERR:  LD      E,SN            ; ?SN Error
   597  038e  01                        DEFB    01H             ; Skip "LD E,DZ"
   598  038f  1e14              DZERR:  LD      E,DZ            ; ?/0 Error
   599  0391  01                        DEFB    01H             ; Skip "LD E,NF"
   600  0392  1e00              NFERR:  LD      E,NF            ; ?NF Error
   601  0394  01                        DEFB    01H             ; Skip "LD E,DD"
   602  0395  1e12              DDERR:  LD      E,DD            ; ?DD Error
   603  0397  01                        DEFB    01H             ; Skip "LD E,UF"
   604  0398  1e22              UFERR:  LD      E,UF            ; ?UF Error
   605  039a  01                        DEFB    01H             ; Skip "LD E,OV
   606  039b  1e0a              OVERR:  LD      E,OV            ; ?OV Error
   607  039d  01                        DEFB    01H             ; Skip "LD E,TM"
   608  039e  1e18              TMERR:  LD      E,TM            ; ?TM Error
   609  03a0  01                        DEFB    01H             ; Skip "LD E,HX"
   610  03a1  1e26              HXERR:  LD      E,HX            ; ?HEX Error
   611                          
   612  03a3  cdbe04            ERROR:  CALL    CLREG           ; Clear registers and stack
   613  03a6  324522                    LD      (CTLOFG),A      ; Enable output (A is 0)
   614  03a9  cd990a                    CALL    STTLIN          ; Start new line
   615  03ac  219b02                    LD      HL,ERRORS       ; Point to error codes
   616  03af  57                        LD      D,A             ; D = 0 (A is 0)
   617  03b0  3e3f                      LD      A,'?'
   618  03b2  cd6506                    CALL    OUTC            ; Output '?'
   619  03b5  19                        ADD     HL,DE           ; Offset to correct error code
   620  03b6  7e                        LD      A,(HL)          ; First character
   621  03b7  cd6506                    CALL    OUTC            ; Output it
   622  03ba  cdea07                    CALL    GETCHR          ; Get next character
   623  03bd  cd6506                    CALL    OUTC            ; Output it
   624  03c0  211d03                    LD      HL,ERRMSG       ; "Error" message
   625  03c3  cd6111            ERRIN:  CALL    PRS             ; Output message
   626  03c6  2a5322                    LD      HL,(LINEAT)     ; Get line of error
   627  03c9  11feff                    LD      DE,-2           ; Cold start error if -2
   628  03cc  cd5406                    CALL    CPDEHL          ; See if cold start error
   629  03cf  ca1000                    JP      Z,CSTART        ; Cold start error - Restart
   630  03d2  7c                        LD      A,H             ; Was it a direct error?
   631  03d3  a5                        AND     L               ; Line = -1 if direct error
   632  03d4  3c                        INC     A
   633  03d5  c4ee17                    CALL    NZ,LINEIN       ; No - output line of error
   634  03d8  3e                        DEFB    3EH             ; Skip "POP BC"
   635  03d9  c1                POPNOK: POP     BC              ; Drop address in input buffer
   636                          
   637  03da  af                PRNTOK: XOR     A               ; Output "Ok" and get command
   638  03db  324522                    LD      (CTLOFG),A      ; Enable output
   639  03de  cd990a                    CALL    STTLIN          ; Start new line
   640  03e1  212903                    LD      HL,OKMSG        ; "Ok" message
   641  03e4  cd6111                    CALL    PRS             ; Output "Ok"
   642  03e7  21ffff            GETCMD: LD      HL,-1           ; Flag direct mode
   643  03ea  225322                    LD      (LINEAT),HL     ; Save as current line
   644  03ed  cd4e22                    CALL    RINPUT          ; Get an input line
   645  03f0  dae703                    JP      C,GETCMD        ; Get line again if break
   646  03f3  cdea07                    CALL    GETCHR          ; Get first character
   647  03f6  cae703                    JP      Z,GETCMD        ; Nothing entered - Get another
   648  03f9  f5                        PUSH    AF              ; Save Carry status
   649  03fa  cdbb08                    CALL    ATOH            ; Get line number into DE
   650  03fd  d5                        PUSH    DE              ; Save line number
   651  03fe  cde804                    CALL    CRUNCH          ; Tokenise rest of line
   652  0401  47                        LD      B,A             ; Length of tokenised line
   653  0402  d1                        POP     DE              ; Restore line number
   654  0403  f1                        POP     AF              ; Restore Carry
   655  0404  d2ca07                    JP      NC,EXCUTE       ; No line number - Direct mode
   656  0407  d5                        PUSH    DE              ; Save line number
   657  0408  c5                        PUSH    BC              ; Save length of tokenised line
   658  0409  af                        XOR     A
   659  040a  32c322                    LD      (LSTBIN),A      ; Clear last byte input
   660  040d  cdea07                    CALL    GETCHR          ; Get next character
   661  0410  f5                        PUSH    AF              ; Save flags
   662  0411  cd7804                    CALL    SRCHLN          ; Search for line number in DE
   663  0414  da1d04                    JP      C,LINFND        ; Jump if line found
   664  0417  f1                        POP     AF              ; Get status
   665  0418  f5                        PUSH    AF              ; And re-save
   666  0419  ca5c09                    JP      Z,ULERR         ; Nothing after number - Error
   667  041c  b7                        OR      A               ; Clear Carry
   668  041d  c5                LINFND: PUSH    BC              ; Save address of line in prog
   669  041e  d23404                    JP      NC,INEWLN       ; Line not found - Insert new
   670  0421  eb                        EX      DE,HL           ; Next line address in DE
   671  0422  2acd22                    LD      HL,(PROGND)     ; End of program
   672  0425  1a                SFTPRG: LD      A,(DE)          ; Shift rest of program down
   673  0426  02                        LD      (BC),A
   674  0427  03                        INC     BC              ; Next destination
   675  0428  13                        INC     DE              ; Next source
   676  0429  cd5406                    CALL    CPDEHL          ; All done?
   677  042c  c22504                    JP      NZ,SFTPRG       ; More to do
   678  042f  6069                      LD      HL,BC           ; HL - New end of program
   679  0431  22cd22                    LD      (PROGND),HL     ; Update end of program
   680                          
   681  0434  d1                INEWLN: POP     DE              ; Get address of line,
   682  0435  f1                        POP     AF              ; Get status
   683  0436  ca5b04                    JP      Z,SETPTR        ; No text - Set up pointers
   684  0439  2acd22                    LD      HL,(PROGND)     ; Get end of program
   685  043c  e3                        EX      (SP),HL         ; Get length of input line
   686  043d  c1                        POP     BC              ; End of program to BC
   687  043e  09                        ADD     HL,BC           ; Find new end
   688  043f  e5                        PUSH    HL              ; Save new end
   689  0440  cd5803                    CALL    MOVUP           ; Make space for line
   690  0443  e1                        POP     HL              ; Restore new end
   691  0444  22cd22                    LD      (PROGND),HL     ; Update end of program pointer
   692  0447  eb                        EX      DE,HL           ; Get line to move up in HL
   693  0448  74                        LD      (HL),H          ; Save MSB
   694  0449  d1                        POP     DE              ; Get new line number
   695  044a  23                        INC     HL              ; Skip pointer
   696  044b  23                        INC     HL
   697  044c  73                        LD      (HL),E          ; Save LSB of line number
   698  044d  23                        INC     HL
   699  044e  72                        LD      (HL),D          ; Save MSB of line number
   700  044f  23                        INC     HL              ; To first byte in line
   701  0450  115822                    LD      DE,BUFFER       ; Copy buffer to program
   702  0453  1a                MOVBUF: LD      A,(DE)          ; Get source
   703  0454  77                        LD      (HL),A          ; Save destinations
   704  0455  23                        INC     HL              ; Next source
   705  0456  13                        INC     DE              ; Next destination
   706  0457  b7                        OR      A               ; Done?
   707  0458  c25304                    JP      NZ,MOVBUF       ; No - Repeat
   708  045b  cda404            SETPTR: CALL    RUNFST          ; Set line pointers
   709  045e  23                        INC     HL              ; To LSB of pointer
   710  045f  eb                        EX      DE,HL           ; Address to DE
   711  0460  626b              PTRLP:  LD      HL,DE           ; Address to HL
   712  0462  7e                        LD      A,(HL)          ; Get LSB of pointer
   713  0463  23                        INC     HL              ; To MSB of pointer
   714  0464  b6                        OR      (HL)            ; Compare with MSB pointer
   715  0465  cae703                    JP      Z,GETCMD        ; Get command line if end
   716  0468  23                        INC     HL              ; To LSB of line number
   717  0469  23                        INC     HL              ; Skip line number
   718  046a  23                        INC     HL              ; Point to first byte in line
   719  046b  af                        XOR     A               ; Looking for 00 byte
   720  046c  be                FNDEND: CP      (HL)            ; Found end of line?
   721  046d  23                        INC     HL              ; Move to next byte
   722  046e  c26c04                    JP      NZ,FNDEND       ; No - Keep looking
   723  0471  eb                        EX      DE,HL           ; Next line address to HL
   724  0472  73                        LD      (HL),E          ; Save LSB of pointer
   725  0473  23                        INC     HL
   726  0474  72                        LD      (HL),D          ; Save MSB of pointer
   727  0475  c36004                    JP      PTRLP           ; Do next line
   728                          
   729  0478  2a5522            SRCHLN: LD      HL,(BASTXT)     ; Start of program text
   730  047b  444d              SRCHLP: LD      BC,HL           ; BC = Address to look at
   731  047d  7e                        LD      A,(HL)          ; Get address of next line
   732  047e  23                        INC     HL
   733  047f  b6                        OR      (HL)            ; End of program found?
   734  0480  2b                        DEC     HL
   735  0481  c8                        RET     Z               ; Yes - Line not found
   736  0482  23                        INC     HL
   737  0483  23                        INC     HL
   738  0484  7e                        LD      A,(HL)          ; Get LSB of line number
   739  0485  23                        INC     HL
   740  0486  66                        LD      H,(HL)          ; Get MSB of line number
   741  0487  6f                        LD      L,A
   742  0488  cd5406                    CALL    CPDEHL          ; Compare with line in DE
   743  048b  6069                      LD      HL,BC           ; HL = Start of this line
   744  048d  7e                        LD      A,(HL)          ; Get LSB of next line address
   745  048e  23                        INC     HL
   746  048f  66                        LD      H,(HL)          ; Get MSB of next line address
   747  0490  6f                        LD      L,A             ; Next line to HL
   748  0491  3f                        CCF
   749  0492  c8                        RET     Z               ; Lines found - Exit
   750  0493  3f                        CCF
   751  0494  d0                        RET     NC              ; Line not found,at line after
   752  0495  c37b04                    JP      SRCHLP          ; Keep looking
   753                          
   754  0498  c0                NEW:    RET     NZ              ; Return if any more on line
   755  0499  2a5522            CLRPTR: LD      HL,(BASTXT)     ; Point to start of program
   756  049c  af                        XOR     A               ; Set program area to empty
   757  049d  77                        LD      (HL),A          ; Save LSB = 00
   758  049e  23                        INC     HL
   759  049f  77                        LD      (HL),A          ; Save MSB = 00
   760  04a0  23                        INC     HL
   761  04a1  22cd22                    LD      (PROGND),HL     ; Set program end
   762                          
   763  04a4  2a5522            RUNFST: LD      HL,(BASTXT)     ; Clear all variables
   764  04a7  2b                        DEC     HL
   765                          
   766  04a8  22c522            INTVAR: LD      (BRKLIN),HL     ; Initialise RUN variables
   767  04ab  2aa622                    LD      HL,(LSTRAM)     ; Get end of RAM
   768  04ae  22ba22                    LD      (STRBOT),HL     ; Clear string space
   769  04b1  af                        XOR     A
   770  04b2  cdfa07                    CALL    RESTOR          ; Reset DATA pointers
   771  04b5  2acd22                    LD      HL,(PROGND)     ; Get end of program
   772  04b8  22cf22                    LD      (VAREND),HL     ; Clear variables
   773  04bb  22d122                    LD      (ARREND),HL     ; Clear arrays
   774                          
   775  04be  c1                CLREG:  POP     BC              ; Save return address
   776  04bf  2a5122                    LD      HL,(STRSPC)     ; Get end of working RAM
   777  04c2  f9                        LD      SP,HL           ; Set stack
   778  04c3  21aa22                    LD      HL,TMSTPL       ; Temporary string pool
   779  04c6  22a822                    LD      (TMSTPT),HL     ; Reset temporary string ptr
   780  04c9  af                        XOR     A               ; A = 00
   781  04ca  6f                        LD      L,A             ; HL = 0000
   782  04cb  67                        LD      H,A
   783  04cc  22cb22                    LD      (CONTAD),HL     ; No CONTinue
   784  04cf  32c222                    LD      (FORFLG),A      ; Clear FOR flag
   785  04d2  22d522                    LD      (FNRGNM),HL     ; Clear FN argument
   786  04d5  e5                        PUSH    HL              ; HL = 0000
   787  04d6  c5                        PUSH    BC              ; Put back return
   788  04d7  2ac522            DOAGN:  LD      HL,(BRKLIN)     ; Get address of code to RUN
   789  04da  c9                        RET                     ; Return to execution driver
   790                          
   791  04db  3e3f              PROMPT: LD      A,'?'           ; '?'
   792  04dd  cd6506                    CALL    OUTC            ; Output character
   793  04e0  3e20                      LD      A,' '           ; Space
   794  04e2  cd6506                    CALL    OUTC            ; Output character
   795  04e5  c34e22                    JP      RINPUT          ; Get input line
   796                          
   797  04e8  af                CRUNCH: XOR     A               ; Tokenise line @ HL to BUFFER
   798  04e9  32a522                    LD      (DATFLG),A      ; Reset literal flag
   799  04ec  0e05                      LD      C,2+3           ; 2 byte number and 3 nulls
   800  04ee  115822                    LD      DE,BUFFER       ; Start of input buffer
   801  04f1  7e                CRNCLP: LD      A,(HL)          ; Get byte
   802  04f2  fe20                      CP      ' '             ; Is it a space?
   803  04f4  ca7005                    JP      Z,MOVDIR        ; Yes - Copy direct
   804  04f7  47                        LD      B,A             ; Save character
   805  04f8  fe22                      CP      '"'             ; Is it a quote?
   806  04fa  ca9005                    JP      Z,CPYLIT        ; Yes - Copy literal string
   807  04fd  b7                        OR      A               ; Is it end of buffer?
   808  04fe  ca9705                    JP      Z,ENDBUF        ; Yes - End buffer
   809  0501  3aa522                    LD      A,(DATFLG)      ; Get data type
   810  0504  b7                        OR      A               ; Literal?
   811  0505  7e                        LD      A,(HL)          ; Get byte to copy
   812  0506  c27005                    JP      NZ,MOVDIR       ; Literal - Copy direct
   813  0509  fe3f                      CP      '?'             ; Is it '?' short for PRINT
   814  050b  3e9e                      LD      A,ZPRINT        ; "PRINT" token
   815  050d  ca7005                    JP      Z,MOVDIR        ; Yes - replace it
   816  0510  7e                        LD      A,(HL)          ; Get byte again
   817  0511  fe30                      CP      '0'             ; Is it less than '0'
   818  0513  da1b05                    JP      C,FNDWRD        ; Yes - Look for reserved words
   819  0516  fe3c                      CP      60              ; ';'+1 Is it "0123456789:;" ?
   820  0518  da7005                    JP      C,MOVDIR        ; Yes - copy it direct
   821  051b  d5                FNDWRD: PUSH    DE              ; Look for reserved words
   822  051c  112c01                    LD      DE,WORDS-1      ; Point to table
   823  051f  c5                        PUSH    BC              ; Save count
   824  0520  016c05                    LD      BC,RETNAD       ; Where to return to
   825  0523  c5                        PUSH    BC              ; Save return address
   826  0524  067f                      LD      B,ZEND-1        ; First token value -1
   827  0526  7e                        LD      A,(HL)          ; Get byte
   828  0527  fe61                      CP      'a'             ; Less than 'a' ?
   829  0529  da3405                    JP      C,SEARCH        ; Yes - search for words
   830  052c  fe7b                      CP      'z'+1           ; Greater than 'z' ?
   831  052e  d23405                    JP      NC,SEARCH       ; Yes - search for words
   832  0531  e65f                      AND     01011111B       ; Force upper case
   833  0533  77                        LD      (HL),A          ; Replace byte
   834  0534  4e                SEARCH: LD      C,(HL)          ; Search for a word
   835  0535  eb                        EX      DE,HL
   836  0536  23                GETNXT: INC     HL              ; Get next reserved word
   837  0537  b6                        OR      (HL)            ; Start of word?
   838  0538  f23605                    JP      P,GETNXT        ; No - move on
   839  053b  04                        INC     B               ; Increment token value
   840  053c  7e                        LD      A,(HL)          ; Get byte from table
   841  053d  e67f                      AND     01111111B       ; Strip bit 7
   842  053f  c8                        RET     Z               ; Return if end of list
   843  0540  b9                        CP      C               ; Same character as in buffer?
   844  0541  c23605                    JP      NZ,GETNXT       ; No - get next word
   845  0544  eb                        EX      DE,HL
   846  0545  e5                        PUSH    HL              ; Save start of word
   847                          
   848  0546  13                NXTBYT: INC     DE              ; Look through rest of word
   849  0547  1a                        LD      A,(DE)          ; Get byte from table
   850  0548  b7                        OR      A               ; End of word ?
   851  0549  fa6805                    JP      M,MATCH         ; Yes - Match found
   852  054c  4f                        LD      C,A             ; Save it
   853  054d  78                        LD      A,B             ; Get token value
   854  054e  fe88                      CP      ZGOTO           ; Is it "GOTO" token ?
   855  0550  c25705                    JP      NZ,NOSPC        ; No - Don't allow spaces
   856  0553  cdea07                    CALL    GETCHR          ; Get next character
   857  0556  2b                        DEC     HL              ; Cancel increment from GETCHR
   858  0557  23                NOSPC:  INC     HL              ; Next byte
   859  0558  7e                        LD      A,(HL)          ; Get byte
   860  0559  fe61                      CP      'a'             ; Less than 'a' ?
   861  055b  da6005                    JP      C,NOCHNG        ; Yes - don't change
   862  055e  e65f                      AND     01011111B       ; Make upper case
   863  0560  b9                NOCHNG: CP      C               ; Same as in buffer ?
   864  0561  ca4605                    JP      Z,NXTBYT        ; Yes - keep testing
   865  0564  e1                        POP     HL              ; Get back start of word
   866  0565  c33405                    JP      SEARCH          ; Look at next word
   867                          
   868  0568  48                MATCH:  LD      C,B             ; Word found - Save token value
   869  0569  f1                        POP     AF              ; Throw away return
   870  056a  eb                        EX      DE,HL
   871  056b  c9                        RET                     ; Return to "RETNAD"
   872  056c  eb                RETNAD: EX      DE,HL           ; Get address in string
   873  056d  79                        LD      A,C             ; Get token value
   874  056e  c1                        POP     BC              ; Restore buffer length
   875  056f  d1                        POP     DE              ; Get destination address
   876  0570  23                MOVDIR: INC     HL              ; Next source in buffer
   877  0571  12                        LD      (DE),A          ; Put byte in buffer
   878  0572  13                        INC     DE              ; Move up buffer
   879  0573  0c                        INC     C               ; Increment length of buffer
   880  0574  d63a                      SUB     ':'             ; End of statement?
   881  0576  ca7e05                    JP      Z,SETLIT        ; Jump if multi-statement line
   882  0579  fe49                      CP      ZDATA-3AH       ; Is it DATA statement ?
   883  057b  c28105                    JP      NZ,TSTREM       ; No - see if REM
   884  057e  32a522            SETLIT: LD      (DATFLG),A      ; Set literal flag
   885  0581  d654              TSTREM: SUB     ZREM-3AH        ; Is it REM?
   886  0583  c2f104                    JP      NZ,CRNCLP       ; No - Leave flag
   887  0586  47                        LD      B,A             ; Copy rest of buffer
   888  0587  7e                NXTCHR: LD      A,(HL)          ; Get byte
   889  0588  b7                        OR      A               ; End of line ?
   890  0589  ca9705                    JP      Z,ENDBUF        ; Yes - Terminate buffer
   891  058c  b8                        CP      B               ; End of statement ?
   892  058d  ca7005                    JP      Z,MOVDIR        ; Yes - Get next one
   893  0590  23                CPYLIT: INC     HL              ; Move up source string
   894  0591  12                        LD      (DE),A          ; Save in destination
   895  0592  0c                        INC     C               ; Increment length
   896  0593  13                        INC     DE              ; Move up destination
   897  0594  c38705                    JP      NXTCHR          ; Repeat
   898                          
   899  0597  215722            ENDBUF: LD      HL,BUFFER-1     ; Point to start of buffer
   900  059a  12                        LD      (DE),A          ; Mark end of buffer (A = 00)
   901  059b  13                        INC     DE
   902  059c  12                        LD      (DE),A          ; A = 00
   903  059d  13                        INC     DE
   904  059e  12                        LD      (DE),A          ; A = 00
   905  059f  c9                        RET
   906                          
   907  05a0  3a4422            DODEL:  LD      A,(NULFLG)      ; Get null flag status
   908  05a3  b7                        OR      A               ; Is it zero?
   909  05a4  3e00                      LD      A,0             ; Zero A - Leave flags
   910  05a6  324422                    LD      (NULFLG),A      ; Zero null flag
   911  05a9  c2b405                    JP      NZ,ECHDEL       ; Set - Echo it
   912  05ac  05                        DEC     B               ; Decrement length
   913  05ad  ca4e22                    JP      Z,RINPUT        ; Get line again if empty
   914  05b0  cd6506                    CALL    OUTC            ; Output null character
   915  05b3  3e                        DEFB    3EH             ; Skip "DEC B"
   916  05b4  05                ECHDEL: DEC     B               ; Count bytes in buffer
   917  05b5  2b                        DEC     HL              ; Back space buffer
   918  05b6  cac805                    JP      Z,OTKLN         ; No buffer - Try again
   919  05b9  7e                        LD      A,(HL)          ; Get deleted byte
   920  05ba  cd6506                    CALL    OUTC            ; Echo it
   921  05bd  c3da05                    JP      MORINP          ; Get more input
   922                          
   923  05c0  cd6506            DELCHR: CALL    OUTC            ; Output character in A
   924  05c3  2b                        DEC     HL              ; Back space buffer
   925  05c4  05                        DEC     B               ; Count bytes in buffer
   926  05c5  c2da05                    JP      NZ,MORINP       ; Not end - Get more
   927  05c8  cd6506            OTKLN:  CALL    OUTC            ; Output character in A
   928  05cb  cda60a            KILIN:  CALL    PRNTCRLF        ; Output CRLF
   929  05ce  c34e22                    JP      RINPUT          ; Get line again
   930                          
   931  05d1  215822            TTYLIN: LD      HL,BUFFER       ; Get a line by character
   932  05d4  0601                      LD      B,1             ; Set buffer as empty
   933  05d6  af                        XOR     A
   934  05d7  324422                    LD      (NULFLG),A      ; Clear null flag
   935  05da  cd9406            MORINP: CALL    CLOTST          ; Get character and test ^O
   936  05dd  4f                        LD      C,A             ; Save character in C
   937  05de  fe7f                      CP      DEL             ; Delete character?
   938  05e0  caa005                    JP      Z,DODEL         ; Yes - Process it
   939  05e3  3a4422                    LD      A,(NULFLG)      ; Get null flag
   940  05e6  b7                        OR      A               ; Test null flag status
   941  05e7  caf305                    JP      Z,PROCES        ; Reset - Process character
   942  05ea  3e00                      LD      A,0             ; Set a null
   943  05ec  cd6506                    CALL    OUTC            ; Output null
   944  05ef  af                        XOR     A               ; Clear A
   945  05f0  324422                    LD      (NULFLG),A      ; Reset null flag
   946  05f3  79                PROCES: LD      A,C             ; Get character
   947  05f4  fe07                      CP      CTRLG           ; Bell?
   948  05f6  ca3706                    JP      Z,PUTCTL        ; Yes - Save it
   949  05f9  fe03                      CP      CTRLC           ; Is it control "C"?
   950  05fb  cca60a                    CALL    Z,PRNTCRLF      ; Yes - Output CRLF
   951  05fe  37                        SCF                     ; Flag break
   952  05ff  c8                        RET     Z               ; Return if control "C"
   953  0600  fe0d                      CP      CR              ; Is it enter?
   954  0602  caa10a                    JP      Z,ENDINP        ; Yes - Terminate input
   955  0605  fe15                      CP      CTRLU           ; Is it control "U"?
   956  0607  cacb05                    JP      Z,KILIN         ; Yes - Get another line
   957  060a  fe40                      CP      '@'             ; Is it "kill line"?
   958  060c  cac805                    JP      Z,OTKLN         ; Yes - Kill line
   959  060f  fe5f                      CP      '_'             ; Is it delete?
   960  0611  cac005                    JP      Z,DELCHR        ; Yes - Delete character
   961  0614  fe08                      CP      BKSP            ; Is it backspace?
   962  0616  cac005                    JP      Z,DELCHR        ; Yes - Delete character
   963  0619  fe12                      CP      CTRLR           ; Is it control "R"?
   964  061b  c23206                    JP      NZ,PUTBUF       ; No - Put in buffer
   965  061e  c5                        PUSH    BC              ; Save buffer length
   966  061f  d5                        PUSH    DE              ; Save DE
   967  0620  e5                        PUSH    HL              ; Save buffer address
   968  0621  3600                      LD      (HL),0          ; Mark end of buffer
   969  0623  cd8e06                    CALL    OUTNCR          ; Output and do CRLF
   970  0626  215822                    LD      HL,BUFFER       ; Point to buffer start
   971  0629  cd6111                    CALL    PRS             ; Output buffer
   972  062c  e1                        POP     HL              ; Restore buffer address
   973  062d  d1                        POP     DE              ; Restore DE
   974  062e  c1                        POP     BC              ; Restore buffer length
   975  062f  c3da05                    JP      MORINP          ; Get another character
   976                          
   977  0632  fe20              PUTBUF: CP      ' '             ; Is it a control code?
   978  0634  dada05                    JP      C,MORINP        ; Yes - Ignore
   979  0637  78                PUTCTL: LD      A,B             ; Get number of bytes in buffer
   980  0638  fe49                      CP      72+1            ; Test for line overflow
   981  063a  3e07                      LD      A,CTRLG         ; Set a bell
   982  063c  d24c06                    JP      NC,OUTNBS       ; Ring bell if buffer full
   983  063f  79                        LD      A,C             ; Get character
   984  0640  71                        LD      (HL),C          ; Save in buffer
   985  0641  32c322                    LD      (LSTBIN),A      ; Save last input byte
   986  0644  23                        INC     HL              ; Move up buffer
   987  0645  04                        INC     B               ; Increment length
   988  0646  cd6506            OUTIT:  CALL    OUTC            ; Output the character entered
   989  0649  c3da05                    JP      MORINP          ; Get another character
   990                          
   991  064c  cd6506            OUTNBS: CALL    OUTC            ; Output bell and back over it
   992  064f  3e08                      LD      A,BKSP          ; Set back space
   993  0651  c34606                    JP      OUTIT           ; Output it and get more
   994                          
   995  0654  7c                CPDEHL: LD      A,H             ; Get H
   996  0655  92                        SUB     D               ; Compare with D
   997  0656  c0                        RET     NZ              ; Different - Exit
   998  0657  7d                        LD      A,L             ; Get L
   999  0658  93                        SUB     E               ; Compare with E
  1000  0659  c9                        RET                     ; Return status
  1001                          
  1002  065a  7e                CHKSYN: LD      A,(HL)          ; Check syntax of character
  1003  065b  e3                        EX      (SP),HL         ; Address of test byte
  1004  065c  be                        CP      (HL)            ; Same as in code string?
  1005  065d  23                        INC     HL              ; Return address
  1006  065e  e3                        EX      (SP),HL         ; Put it back
  1007  065f  caea07                    JP      Z,GETCHR        ; Yes - Get next character
  1008  0662  c38c03                    JP      SNERR           ; Different - ?SN Error
  1009                          
  1010  0665  f5                OUTC:   PUSH    AF              ; Save character
  1011  0666  3a4522                    LD      A,(CTLOFG)      ; Get control "O" flag
  1012  0669  b7                        OR      A               ; Is it set?
  1013  066a  c29611                    JP      NZ,POPAF        ; Yes - don't output
  1014  066d  f1                        POP     AF              ; Restore character
  1015  066e  c5                        PUSH    BC              ; Save buffer length
  1016  066f  f5                        PUSH    AF              ; Save character
  1017  0670  fe20                      CP      ' '             ; Is it a control code?
  1018  0672  da8906                    JP      C,DINPOS        ; Yes - Don't INC POS(X)
  1019  0675  3a4222                    LD      A,(LWIDTH)      ; Get line width
  1020  0678  47                        LD      B,A             ; To B
  1021  0679  3aa222                    LD      A,(CURPOS)      ; Get cursor position
  1022  067c  04                        INC     B               ; Width 255?
  1023  067d  ca8506                    JP      Z,INCLEN        ; Yes - No width limit
  1024  0680  05                        DEC     B               ; Restore width
  1025  0681  b8                        CP      B               ; At end of line?
  1026  0682  cca60a                    CALL    Z,PRNTCRLF      ; Yes - output CRLF
  1027  0685  3c                INCLEN: INC     A               ; Move on one character
  1028  0686  32a222                    LD      (CURPOS),A      ; Save new position
  1029  0689  f1                DINPOS: POP     AF              ; Restore character
  1030  068a  c1                        POP     BC              ; Restore buffer length
  1031  068b  c30800                    JP      $0008           ; Send it via RST 08
  1032                          
  1033  068e  cd6506            OUTNCR: CALL    OUTC            ; Output character in A
  1034  0691  c3a60a                    JP      PRNTCRLF        ; Output CRLF
  1035                          
  1036  0694  d7                CLOTST: RST     10H             ; Get input character
  1037  0695  e67f                      AND     01111111B       ; Strip bit 7
  1038  0697  fe0f                      CP      CTRLO           ; Is it control "O"?
  1039  0699  c0                        RET     NZ              ; No don't flip flag
  1040  069a  3a4522                    LD      A,(CTLOFG)      ; Get flag
  1041  069d  2f                        CPL                     ; Flip it
  1042  069e  324522                    LD      (CTLOFG),A      ; Put it back
  1043  06a1  af                        XOR     A               ; Null character
  1044  06a2  c9                        RET
  1045                          
  1046  06a3  cdbb08            LIST:   CALL    ATOH            ; ASCII number to DE
  1047  06a6  c0                        RET     NZ              ; Return if anything extra
  1048  06a7  c1                        POP     BC              ; Rubbish - Not needed
  1049  06a8  cd7804                    CALL    SRCHLN          ; Search for line number in DE
  1050  06ab  c5                        PUSH    BC              ; Save address of line
  1051  06ac  cdf906                    CALL    SETLIN          ; Set up lines counter
  1052  06af  e1                LISTLP: POP     HL              ; Restore address of line
  1053  06b0  4e                        LD      C,(HL)          ; Get LSB of next line
  1054  06b1  23                        INC     HL
  1055  06b2  46                        LD      B,(HL)          ; Get MSB of next line
  1056  06b3  23                        INC     HL
  1057  06b4  78                        LD      A,B             ; BC = 0 (End of program)?
  1058  06b5  b1                        OR      C
  1059  06b6  cada03                    JP      Z,PRNTOK        ; Yes - Go to command mode
  1060  06b9  cd0207                    CALL    COUNT           ; Count lines
  1061  06bc  cd1508                    CALL    TSTBRK          ; Test for break key
  1062  06bf  c5                        PUSH    BC              ; Save address of next line
  1063  06c0  cda60a                    CALL    PRNTCRLF        ; Output CRLF
  1064  06c3  5e                        LD      E,(HL)          ; Get LSB of line number
  1065  06c4  23                        INC     HL
  1066  06c5  56                        LD      D,(HL)          ; Get MSB of line number
  1067  06c6  23                        INC     HL
  1068  06c7  e5                        PUSH    HL              ; Save address of line start
  1069  06c8  eb                        EX      DE,HL           ; Line number to HL
  1070  06c9  cdf617                    CALL    PRNTHL          ; Output line number in decimal
  1071  06cc  3e20                      LD      A,' '           ; Space after line number
  1072  06ce  e1                        POP     HL              ; Restore start of line address
  1073  06cf  cd6506            LSTLP2: CALL    OUTC            ; Output character in A
  1074  06d2  7e                LSTLP3: LD      A,(HL)          ; Get next byte in line
  1075  06d3  b7                        OR      A               ; End of line?
  1076  06d4  23                        INC     HL              ; To next byte in line
  1077  06d5  caaf06                    JP      Z,LISTLP        ; Yes - get next line
  1078  06d8  f2cf06                    JP      P,LSTLP2        ; No token - output it
  1079  06db  d67f                      SUB     ZEND-1          ; Find and output word
  1080  06dd  4f                        LD      C,A             ; Token offset+1 to C
  1081  06de  112d01                    LD      DE,WORDS        ; Reserved word list
  1082  06e1  1a                FNDTOK: LD      A,(DE)          ; Get character in list
  1083  06e2  13                        INC     DE              ; Move on to next
  1084  06e3  b7                        OR      A               ; Is it start of word?
  1085  06e4  f2e106                    JP      P,FNDTOK        ; No - Keep looking for word
  1086  06e7  0d                        DEC     C               ; Count words
  1087  06e8  c2e106                    JP      NZ,FNDTOK       ; Not there - keep looking
  1088  06eb  e67f              OUTWRD: AND     01111111B       ; Strip bit 7
  1089  06ed  cd6506                    CALL    OUTC            ; Output first character
  1090  06f0  1a                        LD      A,(DE)          ; Get next character
  1091  06f1  13                        INC     DE              ; Move on to next
  1092  06f2  b7                        OR      A               ; Is it end of word?
  1093  06f3  f2eb06                    JP      P,OUTWRD        ; No - output the rest
  1094  06f6  c3d206                    JP      LSTLP3          ; Next byte in line
  1095                          
  1096  06f9  e5                SETLIN: PUSH    HL              ; Set up LINES counter
  1097  06fa  2a4822                    LD      HL,(LINESN)     ; Get LINES number
  1098  06fd  224622                    LD      (LINESC),HL     ; Save in LINES counter
  1099  0700  e1                        POP     HL
  1100  0701  c9                        RET
  1101                          
  1102  0702  e5                COUNT:  PUSH    HL              ; Save code string address
  1103  0703  c5                        PUSH    BC
  1104  0704  2a4622                    LD      HL,(LINESC)     ; Get LINES counter
  1105  0707  010100                    LD      BC,1
  1106  070a  ed42                      SBC     HL,BC           ; Decrement
  1107  070c  224622                    LD      (LINESC),HL     ; Put it back
  1108  070f  c1                        POP     BC
  1109  0710  e1                        POP     HL              ; Restore code string address
  1110  0711  f0                        RET     P               ; Return if more lines to go
  1111  0712  e5                        PUSH    HL              ; Save code string address
  1112  0713  2a4822                    LD      HL,(LINESN)     ; Get LINES number
  1113  0716  224622                    LD      (LINESC),HL     ; Reset LINES counter
  1114  0719  d7                        RST     10H             ; Get input character
  1115  071a  fe03                      CP      CTRLC           ; Is it control "C"?
  1116  071c  ca2307                    JP      Z,RSLNBK        ; Yes - Reset LINES and break
  1117  071f  e1                        POP     HL              ; Restore code string address
  1118  0720  c30207                    JP      COUNT           ; Keep on counting
  1119                          
  1120  0723  2a4822            RSLNBK: LD      HL,(LINESN)     ; Get LINES number
  1121  0726  224622                    LD      (LINESC),HL     ; Reset LINES counter
  1122  0729  c3a200                    JP      BRKRET          ; Go and output "Break"
  1123                          
  1124  072c  3e64              FOR:    LD      A,64H           ; Flag "FOR" assignment
  1125  072e  32c222                    LD      (FORFLG),A      ; Save "FOR" flag
  1126  0731  cd9d09                    CALL    LET             ; Set up initial index
  1127  0734  c1                        POP     BC              ; Drop RETurn address
  1128  0735  e5                        PUSH    HL              ; Save code string address
  1129  0736  cd8609                    CALL    DATA            ; Get next statement address
  1130  0739  22be22                    LD      (LOOPST),HL     ; Save it for start of loop
  1131  073c  210200                    LD      HL,2            ; Offset for "FOR" block
  1132  073f  39                        ADD     HL,SP           ; Point to it
  1133  0740  cd3903            FORSLP: CALL    LOKFOR          ; Look for existing "FOR" block
  1134  0743  d1                        POP     DE              ; Get code string address
  1135  0744  c25c07                    JP      NZ,FORFND       ; No nesting found
  1136  0747  09                        ADD     HL,BC           ; Move into "FOR" block
  1137  0748  d5                        PUSH    DE              ; Save code string address
  1138  0749  2b                        DEC     HL
  1139  074a  56                        LD      D,(HL)          ; Get MSB of loop statement
  1140  074b  2b                        DEC     HL
  1141  074c  5e                        LD      E,(HL)          ; Get LSB of loop statement
  1142  074d  23                        INC     HL
  1143  074e  23                        INC     HL
  1144  074f  e5                        PUSH    HL              ; Save block address
  1145  0750  2abe22                    LD      HL,(LOOPST)     ; Get address of loop statement
  1146  0753  cd5406                    CALL    CPDEHL          ; Compare the FOR loops
  1147  0756  e1                        POP     HL              ; Restore block address
  1148  0757  c24007                    JP      NZ,FORSLP       ; Different FORs - Find another
  1149  075a  d1                        POP     DE              ; Restore code string address
  1150  075b  f9                        LD      SP,HL           ; Remove all nested loops
  1151                          
  1152  075c  eb                FORFND: EX      DE,HL           ; Code string address to HL
  1153  075d  0e08                      LD      C,8
  1154  075f  cd6903                    CALL    CHKSTK          ; Check for 8 levels of stack
  1155  0762  e5                        PUSH    HL              ; Save code string address
  1156  0763  2abe22                    LD      HL,(LOOPST)     ; Get first statement of loop
  1157  0766  e3                        EX      (SP),HL         ; Save and restore code string
  1158  0767  e5                        PUSH    HL              ; Re-save code string address
  1159  0768  2a5322                    LD      HL,(LINEAT)     ; Get current line number
  1160  076b  e3                        EX      (SP),HL         ; Save and restore code string
  1161  076c  cd860c                    CALL    TSTNUM          ; Make sure it's a number
  1162  076f  cd5a06                    CALL    CHKSYN          ; Make sure "TO" is next
  1163  0772  a5                        DEFB    ZTO             ; "TO" token
  1164  0773  cd830c                    CALL    GETNUM          ; Get "TO" expression value
  1165  0776  ed5bdb22                  LD      DE,(FPREG)      ; Move "TO" value to BCDE
  1166  077a  ed4bdd22                  LD      BC,(FPREG+2)
  1167  077e  c5                        PUSH    BC              ; Save "TO" value in block
  1168  077f  d5                        PUSH    DE
  1169  0780  010081                    LD      BC,8100H        ; BCDE - 1 (default STEP)
  1170  0783  51                        LD      D,C             ; C=0
  1171  0784  5a                        LD      E,D             ; D=0
  1172  0785  7e                        LD      A,(HL)          ; Get next byte in code string
  1173  0786  feaa                      CP      ZSTEP           ; See if "STEP" is stated
  1174  0788  3e01                      LD      A,1             ; Sign of step = 1
  1175  078a  c29e07                    JP      NZ,SAVSTP       ; No STEP given - Default to 1
  1176  078d  cdea07                    CALL    GETCHR          ; Jump over "STEP" token
  1177  0790  cd830c                    CALL    GETNUM          ; Get step value
  1178  0793  ed5bdb22                  LD      DE,(FPREG)      ; Move STEP to BCDE
  1179  0797  ed4bdd22                  LD      BC,(FPREG+2)
  1180  079b  cd6616                    CALL    TSTSGN          ; Test sign of FPREG
  1181  079e  c5                SAVSTP: PUSH    BC              ; Save the STEP value in block
  1182  079f  d5                        PUSH    DE
  1183  07a0  f5                        PUSH    AF              ; Save sign of STEP
  1184  07a1  33                        INC     SP              ; Don't save flags
  1185  07a2  e5                        PUSH    HL              ; Save code string address
  1186  07a3  2ac522                    LD      HL,(BRKLIN)     ; Get address of index variable
  1187  07a6  e3                        EX      (SP),HL         ; Save and restore code string
  1188  07a7  0681              PUTFID: LD      B,ZFOR          ; "FOR" block marker
  1189  07a9  c5                        PUSH    BC              ; Save it
  1190  07aa  33                        INC     SP              ; Don't save C
  1191                          
  1192  07ab  cd1508            RUNCNT: CALL    TSTBRK          ; Execution driver - Test break
  1193  07ae  22c522                    LD      (BRKLIN),HL     ; Save code address for break
  1194  07b1  7e                        LD      A,(HL)          ; Get next byte in code string
  1195  07b2  fe3a                      CP      ':'             ; Multi statement line?
  1196  07b4  caca07                    JP      Z,EXCUTE        ; Yes - Execute it
  1197  07b7  b7                        OR      A               ; End of line?
  1198  07b8  c28c03                    JP      NZ,SNERR        ; No - Syntax error
  1199  07bb  23                        INC     HL              ; Point to address of next line
  1200  07bc  7e                        LD      A,(HL)          ; Get LSB of line pointer
  1201  07bd  23                        INC     HL
  1202  07be  b6                        OR      (HL)            ; Is it zero (End of prog)?
  1203  07bf  ca4108                    JP      Z,ENDPRG        ; Yes - Terminate execution
  1204  07c2  23                        INC     HL              ; Point to line number
  1205  07c3  5e                        LD      E,(HL)          ; Get LSB of line number
  1206  07c4  23                        INC     HL
  1207  07c5  56                        LD      D,(HL)          ; Get MSB of line number
  1208  07c6  ed535322                  LD      (LINEAT),DE     ; Save as current line number
  1209  07ca  cdea07            EXCUTE: CALL    GETCHR          ; Get key word
  1210  07cd  11ab07                    LD      DE,RUNCNT       ; Where to RETurn to
  1211  07d0  d5                        PUSH    DE              ; Save for RETurn
  1212  07d1  c8                IFJMP:  RET     Z               ; Go to RUNCNT if end of STMT
  1213  07d2  d680              ONJMP:  SUB     ZEND            ; Is it a token?
  1214  07d4  da9d09                    JP      C,LET           ; No - try to assign it
  1215  07d7  fe24                      CP      ZNEW+1-ZEND     ; END to NEW ?
  1216  07d9  d28c03                    JP      NC,SNERR        ; Not a key word - ?SN Error
  1217  07dc  07                        RLCA                    ; Double it
  1218  07dd  4f                        LD      C,A             ; BC = Offset into table
  1219  07de  0600                      LD      B,0
  1220  07e0  eb                        EX      DE,HL           ; Save code string address
  1221  07e1  213e02                    LD      HL,WORDTB       ; Keyword address table
  1222  07e4  09                        ADD     HL,BC           ; Point to routine address
  1223  07e5  4e                        LD      C,(HL)          ; Get LSB of routine address
  1224  07e6  23                        INC     HL
  1225  07e7  46                        LD      B,(HL)          ; Get MSB of routine address
  1226  07e8  c5                        PUSH    BC              ; Save routine address
  1227  07e9  eb                        EX      DE,HL           ; Restore code string address
  1228                          
  1229  07ea  23                GETCHR: INC     HL              ; Point to next character
  1230  07eb  7e                        LD      A,(HL)          ; Get next code string byte
  1231  07ec  fe3a                      CP      ':'             ; Z if ':'
  1232  07ee  d0                        RET     NC              ; NC if > "9"
  1233  07ef  fe20                      CP      ' '
  1234  07f1  caea07                    JP      Z,GETCHR        ; Skip over spaces
  1235  07f4  fe30                      CP      '0'
  1236  07f6  3f                        CCF                     ; NC if < '0'
  1237  07f7  3c                        INC     A               ; Test for zero - Leave carry
  1238  07f8  3d                        DEC     A               ; Z if Null
  1239  07f9  c9                        RET
  1240                          
  1241  07fa  eb                RESTOR: EX      DE,HL           ; Save code string address
  1242  07fb  2a5522                    LD      HL,(BASTXT)     ; Point to start of program
  1243  07fe  ca0f08                    JP      Z,RESTNL        ; Just RESTORE - reset pointer
  1244  0801  eb                        EX      DE,HL           ; Restore code string address
  1245  0802  cdbb08                    CALL    ATOH            ; Get line number to DE
  1246  0805  e5                        PUSH    HL              ; Save code string address
  1247  0806  cd7804                    CALL    SRCHLN          ; Search for line number in DE
  1248  0809  6069                      LD      HL,BC           ; HL = Address of line
  1249  080b  d1                        POP     DE              ; Restore code string address
  1250  080c  d25c09                    JP      NC,ULERR        ; ?UL Error if not found
  1251  080f  2b                RESTNL: DEC     HL              ; Byte before DATA statement
  1252  0810  22d322            UPDATA: LD      (NXTDAT),HL     ; Update DATA pointer
  1253  0813  eb                        EX      DE,HL           ; Restore code string address
  1254  0814  c9                        RET
  1255                          
  1256                          
  1257  0815  df                TSTBRK: RST     18H             ; Check input status
  1258  0816  b7                        OR      A               ; Check count Zero
  1259  0817  c8                        RET     Z               ; No key, go back
  1260  0818  d7                        RST     10H             ; Get the key into A
  1261  0819  fe1b                      CP      ESC             ; Escape key?
  1262  081b  ca3208                    JP      Z,BRK           ; Yes, break
  1263  081e  fe03                      CP      CTRLC           ; <Ctrl-C>
  1264  0820  ca3208                    JP      Z,BRK           ; Yes, break
  1265  0823  fe13                      CP      CTRLS           ; Stop scrolling?
  1266  0825  c0                        RET     NZ              ; Other key, ignore
  1267                          
  1268                          
  1269  0826  d7                STALL:  RST     10H             ; Wait for key
  1270  0827  fe11                      CP      CTRLQ           ; Resume scrolling?
  1271  0829  c8                        RET      Z              ; Release the chokehold
  1272  082a  fe03                      CP      CTRLC           ; Second break?
  1273  082c  ca3708                    JP      Z,STOP          ; Break during hold exits prog
  1274  082f  c32608                    JP      STALL           ; Loop until <Ctrl-Q> or <brk>
  1275                          
  1276  0832  3eff              BRK:    LD      A,$FF           ; Set BRKFLG
  1277  0834  324d22                    LD      (BRKFLG),A      ; Store it
  1278                          
  1279                          
  1280  0837  c0                STOP:   RET     NZ              ; Exit if anything else
  1281  0838  f6                        DEFB    0F6H            ; Flag "STOP"
  1282  0839  c0                PEND:   RET     NZ              ; Exit if anything else
  1283  083a  22c522                    LD      (BRKLIN),HL     ; Save point of break
  1284  083d  21                        DEFB    21H             ; Skip "OR 11111111B"
  1285  083e  f6ff              INPBRK: OR      11111111B       ; Flag "Break" wanted
  1286  0840  c1                        POP     BC              ; Return not needed and more
  1287  0841  2a5322            ENDPRG: LD      HL,(LINEAT)     ; Get current line number
  1288  0844  f5                        PUSH    AF              ; Save STOP / END status
  1289  0845  7d                        LD      A,L             ; Is it direct break?
  1290  0846  a4                        AND     H
  1291  0847  3c                        INC     A               ; Line is -1 if direct break
  1292  0848  ca5408                    JP      Z,NOLIN         ; Yes - No line number
  1293  084b  22c922                    LD      (ERRLIN),HL     ; Save line of break
  1294  084e  2ac522                    LD      HL,(BRKLIN)     ; Get point of break
  1295  0851  22cb22                    LD      (CONTAD),HL     ; Save point to CONTinue
  1296  0854  af                NOLIN:  XOR     A
  1297  0855  324522                    LD      (CTLOFG),A      ; Enable output
  1298  0858  cd990a                    CALL    STTLIN          ; Start a new line
  1299  085b  f1                        POP     AF              ; Restore STOP / END status
  1300  085c  212f03                    LD      HL,BRKMSG       ; "Break" message
  1301  085f  c2c303                    JP      NZ,ERRIN        ; "in line" wanted?
  1302  0862  c3da03                    JP      PRNTOK          ; Go to command mode
  1303                          
  1304  0865  2acb22            CONT:   LD      HL,(CONTAD)     ; Get CONTinue address
  1305  0868  7c                        LD      A,H             ; Is it zero?
  1306  0869  b5                        OR      L
  1307  086a  1e20                      LD      E,CN            ; ?CN Error
  1308  086c  caa303                    JP      Z,ERROR         ; Yes - output "?CN Error"
  1309  086f  eb                        EX      DE,HL           ; Save code string address
  1310  0870  2ac922                    LD      HL,(ERRLIN)     ; Get line of last break
  1311  0873  225322                    LD      (LINEAT),HL     ; Set up current line number
  1312  0876  eb                        EX      DE,HL           ; Restore code string address
  1313  0877  c9                        RET                     ; CONTinue where left off
  1314                          
  1315  0878  cdd113            NULL:   CALL    GETINT          ; Get integer 0-255
  1316  087b  c0                        RET     NZ              ; Return if bad value
  1317  087c  324122                    LD      (NULLS),A       ; Set nulls number
  1318  087f  c9                        RET
  1319                          
  1320  0880  e5                ACCSUM: PUSH    HL              ; Save address in array
  1321  0881  2a4a22                    LD      HL,(CHKSUM)     ; Get check sum
  1322  0884  0600                      LD      B,0             ; BC - Value of byte
  1323  0886  4f                        LD      C,A
  1324  0887  09                        ADD     HL,BC           ; Add byte to check sum
  1325  0888  224a22                    LD      (CHKSUM),HL     ; Re-save check sum
  1326  088b  e1                        POP     HL              ; Restore address in array
  1327  088c  c9                        RET
  1328                          
  1329  088d  7e                CHKLTR: LD      A,(HL)          ; Get byte
  1330  088e  fe41                      CP      'A'             ; < 'a' ?
  1331  0890  d8                        RET     C               ; Carry set if not letter
  1332  0891  fe5b                      CP      'Z'+1           ; > 'z' ?
  1333  0893  3f                        CCF
  1334  0894  c9                        RET                     ; Carry set if not letter
  1335                          
  1336  0895  cdea07            FPSINT: CALL    GETCHR          ; Get next character
  1337  0898  cd830c            POSINT: CALL    GETNUM          ; Get integer 0 to 32767
  1338  089b  cd6616            DEPINT: CALL    TSTSGN          ; Test sign of FPREG
  1339  089e  fab608                    JP      M,FCERR         ; Negative - ?FC Error
  1340  08a1  3ade22            DEINT:  LD      A,(FPEXP)       ; Get integer value to DE
  1341  08a4  fe90                      CP      80H+16          ; Exponent in range (16 bits)?
  1342  08a6  dafb16                    JP      C,FPINT         ; Yes - convert it
  1343  08a9  018090                    LD      BC,9080H        ; BCDE = -32768
  1344  08ac  110000                    LD      DE,0000
  1345  08af  e5                        PUSH    HL              ; Save code string address
  1346  08b0  cdce16                    CALL    CMPNUM          ; Compare FPREG with BCDE
  1347  08b3  e1                        POP     HL              ; Restore code string address
  1348  08b4  51                        LD      D,C             ; MSB to D
  1349  08b5  c8                        RET     Z               ; Return if in range
  1350  08b6  1e08              FCERR:  LD      E,FC            ; ?FC Error
  1351  08b8  c3a303                    JP      ERROR           ; Output error-
  1352                          
  1353  08bb  2b                ATOH:   DEC     HL              ; ASCII number to DE binary
  1354  08bc  110000            GETLN:  LD      DE,0            ; Get number to DE
  1355  08bf  cdea07            GTLNLP: CALL    GETCHR          ; Get next character
  1356  08c2  d0                        RET     NC              ; Exit if not a digit
  1357  08c3  e5                        PUSH    HL              ; Save code string address
  1358  08c4  f5                        PUSH    AF              ; Save digit
  1359  08c5  219819                    LD      HL,65529/10     ; Largest number 65529
  1360  08c8  cd5406                    CALL    CPDEHL          ; Number in range?
  1361  08cb  da8c03                    JP      C,SNERR         ; No - ?SN Error
  1362  08ce  626b                      LD      HL,DE           ; HL = Number
  1363  08d0  19                        ADD     HL,DE           ; Times 2
  1364  08d1  29                        ADD     HL,HL           ; Times 4
  1365  08d2  19                        ADD     HL,DE           ; Times 5
  1366  08d3  29                        ADD     HL,HL           ; Times 10
  1367  08d4  f1                        POP     AF              ; Restore digit
  1368  08d5  d630                      SUB     '0'             ; Make it 0 to 9
  1369  08d7  5f                        LD      E,A             ; DE = Value of digit
  1370  08d8  1600                      LD      D,0
  1371  08da  19                        ADD     HL,DE           ; Add to number
  1372  08db  eb                        EX      DE,HL           ; Number to DE
  1373  08dc  e1                        POP     HL              ; Restore code string address
  1374  08dd  c3bf08                    JP      GTLNLP          ; Go to next character
  1375                          
  1376  08e0  caa804            CLEAR:  JP      Z,INTVAR        ; Just "CLEAR" Keep parameters
  1377  08e3  cd9808                    CALL    POSINT          ; Get integer 0 to 32767 to DE
  1378  08e6  2b                        DEC     HL              ; Cancel increment
  1379  08e7  cdea07                    CALL    GETCHR          ; Get next character
  1380  08ea  e5                        PUSH    HL              ; Save code string address
  1381  08eb  2aa622                    LD      HL,(LSTRAM)     ; Get end of RAM
  1382  08ee  ca0309                    JP      Z,STORED        ; No value given - Use stored
  1383  08f1  e1                        POP     HL              ; Restore code string address
  1384  08f2  cd5a06                    CALL    CHKSYN          ; Check for comma
  1385  08f5  2c                        DEFB    ','
  1386  08f6  d5                        PUSH    DE              ; Save number
  1387  08f7  cd9808                    CALL    POSINT          ; Get integer 0 to 32767
  1388  08fa  2b                        DEC     HL              ; Cancel increment
  1389  08fb  cdea07                    CALL    GETCHR          ; Get next character
  1390  08fe  c28c03                    JP      NZ,SNERR        ; ?SN Error if more on line
  1391  0901  e3                        EX      (SP),HL         ; Save code string address
  1392  0902  eb                        EX      DE,HL           ; Number to DE
  1393  0903  7d                STORED: LD      A,L             ; Get LSB of new RAM top
  1394  0904  93                        SUB     E               ; Subtract LSB of string space
  1395  0905  5f                        LD      E,A             ; Save LSB
  1396  0906  7c                        LD      A,H             ; Get MSB of new RAM top
  1397  0907  9a                        SBC     A,D             ; Subtract MSB of string space
  1398  0908  57                        LD      D,A             ; Save MSB
  1399  0909  da8103                    JP      C,OMERR         ; ?OM Error if not enough mem
  1400  090c  e5                        PUSH    HL              ; Save RAM top
  1401  090d  2acd22                    LD      HL,(PROGND)     ; Get program end
  1402  0910  012800                    LD      BC,40           ; 40 Bytes minimum working RAM
  1403  0913  09                        ADD     HL,BC           ; Get lowest address
  1404  0914  cd5406                    CALL    CPDEHL          ; Enough memory?
  1405  0917  d28103                    JP      NC,OMERR        ; No - ?OM Error
  1406  091a  eb                        EX      DE,HL           ; RAM top to HL
  1407  091b  225122                    LD      (STRSPC),HL     ; Set new string space
  1408  091e  e1                        POP     HL              ; End of memory to use
  1409  091f  22a622                    LD      (LSTRAM),HL     ; Set new top of RAM
  1410  0922  e1                        POP     HL              ; Restore code string address
  1411  0923  c3a804                    JP      INTVAR          ; Initialise variables
  1412                          
  1413  0926  caa404            RUN:    JP      Z,RUNFST        ; RUN from start if just RUN
  1414  0929  cda804                    CALL    INTVAR          ; Initialise variables
  1415  092c  01ab07                    LD      BC,RUNCNT       ; Execution driver loop
  1416  092f  c34209                    JP      RUNLIN          ; RUN from line number
  1417                          
  1418  0932  0e03              GOSUB:  LD      C,3             ; 3 Levels of stack needed
  1419  0934  cd6903                    CALL    CHKSTK          ; Check for 3 levels of stack
  1420  0937  c1                        POP     BC              ; Get return address
  1421  0938  e5                        PUSH    HL              ; Save code string for RETURN
  1422  0939  e5                        PUSH    HL              ; And for GOSUB routine
  1423  093a  2a5322                    LD      HL,(LINEAT)     ; Get current line
  1424  093d  e3                        EX      (SP),HL         ; Into stack - Code string out
  1425  093e  3e8c                      LD      A,ZGOSUB        ; "GOSUB" token
  1426  0940  f5                        PUSH    AF              ; Save token
  1427  0941  33                        INC     SP              ; Don't save flags
  1428                          
  1429  0942  c5                RUNLIN: PUSH    BC              ; Save return address
  1430  0943  cdbb08            GOTO:   CALL    ATOH            ; ASCII number to DE binary
  1431  0946  cd8809                    CALL    REM             ; Get end of line
  1432  0949  e5                        PUSH    HL              ; Save end of line
  1433  094a  2a5322                    LD      HL,(LINEAT)     ; Get current line
  1434  094d  cd5406                    CALL    CPDEHL          ; Line after current?
  1435  0950  e1                        POP     HL              ; Restore end of line
  1436  0951  23                        INC     HL              ; Start of next line
  1437  0952  dc7b04                    CALL    C,SRCHLP        ; Line is after current line
  1438  0955  d47804                    CALL    NC,SRCHLN       ; Line is before current line
  1439  0958  6069                      LD      HL,BC           ; Set up code string address
  1440  095a  2b                        DEC     HL              ; Incremented after
  1441  095b  d8                        RET     C               ; Line found
  1442  095c  1e0e              ULERR:  LD      E,UL            ; ?UL Error
  1443  095e  c3a303                    JP      ERROR           ; Output error message
  1444                          
  1445  0961  c0                RETURN: RET     NZ              ; Return if not just RETURN
  1446  0962  16ff                      LD      D,-1            ; Flag "GOSUB" search
  1447  0964  cd3503                    CALL    BAKSTK          ; Look "GOSUB" block
  1448  0967  f9                        LD      SP,HL           ; Kill all FORs in subroutine
  1449  0968  fe8c                      CP      ZGOSUB          ; Test for "GOSUB" token
  1450  096a  1e04                      LD      E,RG            ; ?RG Error
  1451  096c  c2a303                    JP      NZ,ERROR        ; Error if no "GOSUB" found
  1452  096f  e1                        POP     HL              ; Get RETURN line number
  1453  0970  225322                    LD      (LINEAT),HL     ; Save as current
  1454  0973  23                        INC     HL              ; Was it from direct statement?
  1455  0974  7c                        LD      A,H
  1456  0975  b5                        OR      L               ; Return to line
  1457  0976  c28009                    JP      NZ,RETLIN       ; No - Return to line
  1458  0979  3ac322                    LD      A,(LSTBIN)      ; Any INPUT in subroutine?
  1459  097c  b7                        OR      A               ; If so buffer is corrupted
  1460  097d  c2d903                    JP      NZ,POPNOK       ; Yes - Go to command mode
  1461  0980  21ab07            RETLIN: LD      HL,RUNCNT       ; Execution driver loop
  1462  0983  e3                        EX      (SP),HL         ; Into stack - Code string out
  1463  0984  3e                        DEFB    3EH             ; Skip "POP HL"
  1464  0985  e1                NXTDTA: POP     HL              ; Restore code string address
  1465                          
  1466  0986  013a              DATA:   DEFB    01H,3AH         ; ':' End of statement
  1467  0988  0e00              REM:    LD      C,0             ; 00  End of statement
  1468  098a  0600                      LD      B,0
  1469  098c  79                NXTSTL: LD      A,C             ; Statement and byte
  1470  098d  48                        LD      C,B
  1471  098e  47                        LD      B,A             ; Statement end byte
  1472  098f  7e                NXTSTT: LD      A,(HL)          ; Get byte
  1473  0990  b7                        OR      A               ; End of line?
  1474  0991  c8                        RET     Z               ; Yes - Exit
  1475  0992  b8                        CP      B               ; End of statement?
  1476  0993  c8                        RET     Z               ; Yes - Exit
  1477  0994  23                        INC     HL              ; Next byte
  1478  0995  fe22                      CP      '"'             ; Literal string?
  1479  0997  ca8c09                    JP      Z,NXTSTL        ; Yes - Look for another '"'
  1480  099a  c38f09                    JP      NXTSTT          ; Keep looking
  1481                          
  1482  099d  cd700e            LET:    CALL    GETVAR          ; Get variable name
  1483  09a0  cd5a06                    CALL    CHKSYN          ; Make sure "=" follows
  1484  09a3  b4                        DEFB    ZEQUAL          ; "=" token
  1485  09a4  d5                        PUSH    DE              ; Save address of variable
  1486  09a5  3aa422                    LD      A,(TYPE)        ; Get data type
  1487  09a8  f5                        PUSH    AF              ; Save type
  1488  09a9  cd950c                    CALL    EVAL            ; Evaluate expression
  1489  09ac  f1                        POP     AF              ; Restore type
  1490  09ad  e3                        EX      (SP),HL         ; Save code - Get var addr
  1491  09ae  22c522                    LD      (BRKLIN),HL     ; Save address of variable
  1492  09b1  1f                        RRA                     ; Adjust type
  1493  09b2  cd880c                    CALL    CHKTYP          ; Check types are the same
  1494  09b5  caf609                    JP      Z,LETNUM        ; Numeric - Move value
  1495  09b8  e5                LETSTR: PUSH    HL              ; Save address of string var
  1496  09b9  2adb22                    LD      HL,(FPREG)      ; Pointer to string entry
  1497  09bc  e5                        PUSH    HL              ; Save it on stack
  1498  09bd  23                        INC     HL              ; Skip over length
  1499  09be  23                        INC     HL
  1500  09bf  5e                        LD      E,(HL)          ; LSB of string address
  1501  09c0  23                        INC     HL
  1502  09c1  56                        LD      D,(HL)          ; MSB of string address
  1503  09c2  2a5522                    LD      HL,(BASTXT)     ; Point to start of program
  1504  09c5  cd5406                    CALL    CPDEHL          ; Is string before program?
  1505  09c8  d2df09                    JP      NC,CRESTR       ; Yes - Create string entry
  1506  09cb  2a5122                    LD      HL,(STRSPC)     ; Point to string space
  1507  09ce  cd5406                    CALL    CPDEHL          ; Is string literal in program?
  1508  09d1  d1                        POP     DE              ; Restore address of string
  1509  09d2  d2e709                    JP      NC,MVSTPT       ; Yes - Set up pointer
  1510  09d5  21b622                    LD      HL,TMPSTR       ; Temporary string pool
  1511  09d8  cd5406                    CALL    CPDEHL          ; Is string in temporary pool?
  1512  09db  d2e709                    JP      NC,MVSTPT       ; No - Set up pointer
  1513  09de  3e                        DEFB    3EH             ; Skip "POP DE"
  1514  09df  d1                CRESTR: POP     DE              ; Restore address of string
  1515  09e0  cdbe12                    CALL    BAKTMP          ; Back to last tmp-str entry
  1516  09e3  eb                        EX      DE,HL           ; Address of string entry
  1517  09e4  cdf410                    CALL    SAVSTR          ; Save string in string area
  1518  09e7  cdbe12            MVSTPT: CALL    BAKTMP          ; Back to last tmp-str entry
  1519  09ea  e1                        POP     HL              ; Get string pointer
  1520  09eb  eb                        EX      DE,HL           ; Move string pointer to var
  1521  09ec  eda0                      LDI                     ; 4 bytes to move (HL++)->(DE++)
  1522  09ee  eda0                      LDI
  1523  09f0  eda0                      LDI
  1524  09f2  eda0                      LDI
  1525  09f4  e1                        POP     HL              ; Restore code string address
  1526  09f5  c9                        RET
  1527                          
  1528  09f6  e5                LETNUM: PUSH    HL              ; Save address of variable
  1529  09f7  11db22                    LD      DE,FPREG        ; Move FPREG to variable
  1530  09fa  eb                        EX      DE,HL
  1531  09fb  eda0                      LDI                     ; 4 bytes to move (HL++)->(DE++)
  1532  09fd  eda0                      LDI
  1533  09ff  eda0                      LDI
  1534  0a01  eda0                      LDI
  1535  0a03  d1                        POP     DE              ; Restore address of variable
  1536  0a04  e1                        POP     HL              ; Restore code string address
  1537  0a05  c9                        RET
  1538                          
  1539  0a06  cdd113            ON:     CALL    GETINT          ; Get integer 0-255
  1540  0a09  7e                        LD      A,(HL)          ; Get "GOTO" or "GOSUB" token
  1541  0a0a  47                        LD      B,A             ; Save in B
  1542  0a0b  fe8c                      CP      ZGOSUB          ; "GOSUB" token?
  1543  0a0d  ca150a                    JP      Z,ONGO          ; Yes - Find line number
  1544  0a10  cd5a06                    CALL    CHKSYN          ; Make sure it's "GOTO"
  1545  0a13  88                        DEFB    ZGOTO           ; "GOTO" token
  1546  0a14  2b                        DEC     HL              ; Cancel increment
  1547  0a15  4b                ONGO:   LD      C,E             ; Integer of branch value
  1548  0a16  0d                ONGOLP: DEC     C               ; Count branches
  1549  0a17  78                        LD      A,B             ; Get "GOTO" or "GOSUB" token
  1550  0a18  cad207                    JP      Z,ONJMP         ; Go to that line if right one
  1551  0a1b  cdbc08                    CALL    GETLN           ; Get line number to DE
  1552  0a1e  fe2c                      CP      ','             ; Another line number?
  1553  0a20  c0                        RET     NZ              ; No - Drop through
  1554  0a21  c3160a                    JP      ONGOLP          ; Yes - loop
  1555                          
  1556  0a24  cd950c            IF:     CALL    EVAL            ; Evaluate expression
  1557  0a27  7e                        LD      A,(HL)          ; Get token
  1558  0a28  fe88                      CP      ZGOTO           ; "GOTO" token?
  1559  0a2a  ca320a                    JP      Z,IFGO          ; Yes - Get line
  1560  0a2d  cd5a06                    CALL    CHKSYN          ; Make sure it's "THEN"
  1561  0a30  a8                        DEFB    ZTHEN           ; "THEN" token
  1562  0a31  2b                        DEC     HL              ; Cancel increment
  1563  0a32  cd860c            IFGO:   CALL    TSTNUM          ; Make sure it's numeric
  1564  0a35  cd6616                    CALL    TSTSGN          ; Test state of expression
  1565  0a38  ca8809                    JP      Z,REM           ; False - Drop through
  1566  0a3b  cdea07                    CALL    GETCHR          ; Get next character
  1567  0a3e  da4309                    JP      C,GOTO          ; Number - GOTO that line
  1568  0a41  c3d107                    JP      IFJMP           ; Otherwise do statement
  1569                          
  1570  0a44  2b                MRPRNT: DEC     HL              ; DEC 'cos GETCHR INCs
  1571  0a45  cdea07                    CALL    GETCHR          ; Get next character
  1572  0a48  caa60a            PRINT:  JP      Z,PRNTCRLF      ; CRLF if just PRINT
  1573  0a4b  c8                PRNTLP: RET     Z               ; End of list - Exit
  1574  0a4c  fea4                      CP      ZTAB            ; "TAB(" token?
  1575  0a4e  cad90a                    JP      Z,DOTAB         ; Yes - Do TAB routine
  1576  0a51  fea7                      CP      ZSPC            ; "SPC(" token?
  1577  0a53  cad90a                    JP      Z,DOTAB         ; Yes - Do SPC routine
  1578  0a56  e5                        PUSH    HL              ; Save code string address
  1579  0a57  fe2c                      CP      ','             ; Comma?
  1580  0a59  cac20a                    JP      Z,DOCOM         ; Yes - Move to next zone
  1581  0a5c  fe3b                      CP      59              ; ';' Semi-colon?
  1582  0a5e  cafc0a                    JP      Z,NEXITM        ; Do semi-colon routine
  1583  0a61  c1                        POP     BC              ; Code string address to BC
  1584  0a62  cd950c                    CALL    EVAL            ; Evaluate expression
  1585  0a65  e5                        PUSH    HL              ; Save code string address
  1586  0a66  3aa422                    LD      A,(TYPE)        ; Get variable type
  1587  0a69  b7                        OR      A               ; Is it a string variable?
  1588  0a6a  c2920a                    JP      NZ,PRNTST       ; Yes - Output string contents
  1589  0a6d  cd0118                    CALL    NUMASC          ; Convert number to text
  1590  0a70  cd1811                    CALL    CRTST           ; Create temporary string
  1591  0a73  3620                      LD      (HL),' '        ; Followed by a space
  1592  0a75  2adb22                    LD      HL,(FPREG)      ; Get length of output
  1593  0a78  34                        INC     (HL)            ; Plus 1 for the space
  1594  0a79  2adb22                    LD      HL,(FPREG)      ; < Not needed >
  1595  0a7c  3a4222                    LD      A,(LWIDTH)      ; Get width of line
  1596  0a7f  47                        LD      B,A             ; To B
  1597  0a80  04                        INC     B               ; Width 255 (No limit)?
  1598  0a81  ca8e0a                    JP      Z,PRNTNB        ; Yes - Output number string
  1599  0a84  04                        INC     B               ; Adjust it
  1600  0a85  3aa222                    LD      A,(CURPOS)      ; Get cursor position
  1601  0a88  86                        ADD     A,(HL)          ; Add length of string
  1602  0a89  3d                        DEC     A               ; Adjust it
  1603  0a8a  b8                        CP      B               ; Will output fit on this line?
  1604  0a8b  d4a60a                    CALL    NC,PRNTCRLF     ; No - CRLF first
  1605  0a8e  cd6411            PRNTNB: CALL    PRS1            ; Output string at (HL)
  1606  0a91  af                        XOR     A               ; Skip CALL by setting 'z' flag
  1607  0a92  c46411            PRNTST: CALL    NZ,PRS1         ; Output string at (HL)
  1608  0a95  e1                        POP     HL              ; Restore code string address
  1609  0a96  c3440a                    JP      MRPRNT          ; See if more to PRINT
  1610                          
  1611  0a99  3aa222            STTLIN: LD      A,(CURPOS)      ; Make sure on new line
  1612  0a9c  b7                        OR      A               ; Already at start?
  1613  0a9d  c8                        RET     Z               ; Yes - Do nothing
  1614  0a9e  c3a60a                    JP      PRNTCRLF        ; Start a new line
  1615                          
  1616  0aa1  3600              ENDINP: LD      (HL),0          ; Mark end of buffer
  1617  0aa3  215722                    LD      HL,BUFFER-1     ; Point to buffer
  1618  0aa6  3e0d              PRNTCRLF: LD    A,CR            ; Load a CR
  1619  0aa8  cd6506                    CALL    OUTC            ; Output character
  1620  0aab  3e0a                      LD      A,LF            ; Load a LF
  1621  0aad  cd6506                    CALL    OUTC            ; Output character
  1622  0ab0  af                DONULL: XOR     A               ; Set to position 0
  1623  0ab1  32a222                    LD      (CURPOS),A      ; Store it
  1624  0ab4  3a4122                    LD      A,(NULLS)       ; Get number of nulls
  1625  0ab7  3d                NULLP:  DEC     A               ; Count them
  1626  0ab8  c8                        RET     Z               ; Return if done
  1627  0ab9  f5                        PUSH    AF              ; Save count
  1628  0aba  af                        XOR     A               ; Load a null
  1629  0abb  cd6506                    CALL    OUTC            ; Output it
  1630  0abe  f1                        POP     AF              ; Restore count
  1631  0abf  c3b70a                    JP      NULLP           ; Keep counting
  1632                          
  1633  0ac2  3a4322            DOCOM:  LD      A,(COMMAN)      ; Get comma width
  1634  0ac5  47                        LD      B,A             ; Save in B
  1635  0ac6  3aa222                    LD      A,(CURPOS)      ; Get current position
  1636  0ac9  b8                        CP      B               ; Within the limit?
  1637  0aca  d4a60a                    CALL    NC,PRNTCRLF     ; No - output CRLF
  1638  0acd  d2fc0a                    JP      NC,NEXITM       ; Get next item
  1639  0ad0  d60e              ZONELP: SUB     14              ; Next zone of 14 characters
  1640  0ad2  d2d00a                    JP      NC,ZONELP       ; Repeat if more zones
  1641  0ad5  2f                        CPL                     ; Number of spaces to output
  1642  0ad6  c3f10a                    JP      ASPCS           ; Output them
  1643                          
  1644  0ad9  f5                DOTAB:  PUSH    AF              ; Save token
  1645  0ada  cdce13                    CALL    FNDNUM          ; Evaluate expression
  1646  0add  cd5a06                    CALL    CHKSYN          ; Make sure ")" follows
  1647  0ae0  29                        DEFB    ")"
  1648  0ae1  2b                        DEC     HL              ; Back space on to ")"
  1649  0ae2  f1                        POP     AF              ; Restore token
  1650  0ae3  d6a7                      SUB     ZSPC            ; Was it "SPC(" ?
  1651  0ae5  e5                        PUSH    HL              ; Save code string address
  1652  0ae6  caec0a                    JP      Z,DOSPC         ; Yes - Do 'E' spaces
  1653  0ae9  3aa222                    LD      A,(CURPOS)      ; Get current position
  1654  0aec  2f                DOSPC:  CPL                     ; Number of spaces to print to
  1655  0aed  83                        ADD     A,E             ; Total number to print
  1656  0aee  d2fc0a                    JP      NC,NEXITM       ; TAB < Current POS(X)
  1657  0af1  3c                ASPCS:  INC     A               ; Output A spaces
  1658  0af2  47                        LD      B,A             ; Save number to print
  1659  0af3  3e20                      LD      A,' '           ; Space
  1660  0af5  cd6506            SPCLP:  CALL    OUTC            ; Output character in A
  1661  0af8  05                        DEC     B               ; Count them
  1662  0af9  c2f50a                    JP      NZ,SPCLP        ; Repeat if more
  1663  0afc  e1                NEXITM: POP     HL              ; Restore code string address
  1664  0afd  cdea07                    CALL    GETCHR          ; Get next character
  1665  0b00  c34b0a                    JP      PRNTLP          ; More to print
  1666                          
  1667  0b03  3f5265646f206672  REDO:   DEFB    "?Redo from start",CR,LF,0
              6f6d207374617274  
              0d0a00            
  1668                          
  1669  0b16  3ac422            BADINP: LD      A,(READFG)      ; READ or INPUT?
  1670  0b19  b7                        OR      A
  1671  0b1a  c28603                    JP      NZ,DATSNR       ; READ - ?SN Error
  1672  0b1d  c1                        POP     BC              ; Throw away code string addr
  1673  0b1e  21030b                    LD      HL,REDO         ; "Redo from start" message
  1674  0b21  cd6111                    CALL    PRS             ; Output string
  1675  0b24  c3d704                    JP      DOAGN           ; Do last INPUT again
  1676                          
  1677  0b27  cdc510            INPUT:  CALL    IDTEST          ; Test for illegal direct
  1678  0b2a  7e                        LD      A,(HL)          ; Get character after "INPUT"
  1679  0b2b  fe22                      CP      '"'             ; Is there a prompt string?
  1680  0b2d  3e00                      LD      A,0             ; Clear A and leave flags
  1681  0b2f  324522                    LD      (CTLOFG),A      ; Enable output
  1682  0b32  c2410b                    JP      NZ,NOPMPT       ; No prompt - get input
  1683  0b35  cd1911                    CALL    QTSTR           ; Get string terminated by '"'
  1684  0b38  cd5a06                    CALL    CHKSYN          ; Check for ';' after prompt
  1685  0b3b  3b                        DEFB    ';'
  1686  0b3c  e5                        PUSH    HL              ; Save code string address
  1687  0b3d  cd6411                    CALL    PRS1            ; Output prompt string
  1688  0b40  3e                        DEFB    3EH             ; Skip "PUSH HL"
  1689  0b41  e5                NOPMPT: PUSH    HL              ; Save code string address
  1690  0b42  cddb04                    CALL    PROMPT          ; Get input with "? " prompt
  1691  0b45  c1                        POP     BC              ; Restore code string address
  1692  0b46  da3e08                    JP      C,INPBRK        ; Break pressed - Exit
  1693  0b49  23                        INC     HL              ; Next byte
  1694  0b4a  7e                        LD      A,(HL)          ; Get it
  1695  0b4b  b7                        OR      A               ; End of line?
  1696  0b4c  2b                        DEC     HL              ; Back again
  1697  0b4d  c5                        PUSH    BC              ; Re-save code string address
  1698  0b4e  ca8509                    JP      Z,NXTDTA        ; Yes - Find next DATA stmt
  1699  0b51  362c                      LD      (HL),','        ; Store comma as separator
  1700  0b53  c35b0b                    JP      NXTITM          ; Get next item
  1701                          
  1702  0b56  e5                READ:   PUSH    HL              ; Save code string address
  1703  0b57  2ad322                    LD      HL,(NXTDAT)     ; Next DATA statement
  1704  0b5a  f6                        DEFB    0F6H            ; Flag "READ"
  1705  0b5b  af                NXTITM: XOR     A               ; Flag "INPUT"
  1706  0b5c  32c422                    LD      (READFG),A      ; Save "READ"/"INPUT" flag
  1707  0b5f  e3                        EX      (SP),HL         ; Get code str' , Save pointer
  1708  0b60  c3670b                    JP      GTVLUS          ; Get values
  1709                          
  1710  0b63  cd5a06            NEDMOR: CALL    CHKSYN          ; Check for comma between items
  1711  0b66  2c                        DEFB    ','
  1712  0b67  cd700e            GTVLUS: CALL    GETVAR          ; Get variable name
  1713  0b6a  e3                        EX      (SP),HL         ; Save code str" , Get pointer
  1714  0b6b  d5                        PUSH    DE              ; Save variable address
  1715  0b6c  7e                        LD      A,(HL)          ; Get next "INPUT"/"DATA" byte
  1716  0b6d  fe2c                      CP      ','             ; Comma?
  1717  0b6f  ca8f0b                    JP      Z,ANTVLU        ; Yes - Get another value
  1718  0b72  3ac422                    LD      A,(READFG)      ; Is it READ?
  1719  0b75  b7                        OR      A
  1720  0b76  c2050c                    JP      NZ,FDTLP        ; Yes - Find next DATA stmt
  1721  0b79  3e3f                      LD      A,'?'           ; More INPUT needed
  1722  0b7b  cd6506                    CALL    OUTC            ; Output character
  1723  0b7e  cddb04                    CALL    PROMPT          ; Get INPUT with prompt
  1724  0b81  d1                        POP     DE              ; Variable address
  1725  0b82  c1                        POP     BC              ; Code string address
  1726  0b83  da3e08                    JP      C,INPBRK        ; Break pressed
  1727  0b86  23                        INC     HL              ; Point to next DATA byte
  1728  0b87  7e                        LD      A,(HL)          ; Get byte
  1729  0b88  b7                        OR      A               ; Is it zero (No input) ?
  1730  0b89  2b                        DEC     HL              ; Back space INPUT pointer
  1731  0b8a  c5                        PUSH    BC              ; Save code string address
  1732  0b8b  ca8509                    JP      Z,NXTDTA        ; Find end of buffer
  1733  0b8e  d5                        PUSH    DE              ; Save variable address
  1734  0b8f  3aa422            ANTVLU: LD      A,(TYPE)        ; Check data type
  1735  0b92  b7                        OR      A               ; Is it numeric?
  1736  0b93  cab90b                    JP      Z,INPBIN        ; Yes - Convert to binary
  1737  0b96  cdea07                    CALL    GETCHR          ; Get next character
  1738  0b99  57                        LD      D,A             ; Save input character
  1739  0b9a  47                        LD      B,A             ; Again
  1740  0b9b  fe22                      CP      '"'             ; Start of literal sting?
  1741  0b9d  caad0b                    JP      Z,STRENT        ; Yes - Create string entry
  1742  0ba0  3ac422                    LD      A,(READFG)      ; "READ" or "INPUT" ?
  1743  0ba3  b7                        OR      A
  1744  0ba4  57                        LD      D,A             ; Save 00 if "INPUT"
  1745  0ba5  caaa0b                    JP      Z,ITMSEP        ; "INPUT" - End with 00
  1746  0ba8  163a                      LD      D,':'           ; "DATA" - End with 00 or ':'
  1747  0baa  062c              ITMSEP: LD      B,','           ; Item separator
  1748  0bac  2b                        DEC     HL              ; Back space for DTSTR
  1749  0bad  cd1c11            STRENT: CALL    DTSTR           ; Get string terminated by D
  1750  0bb0  eb                        EX      DE,HL           ; String address to DE
  1751  0bb1  21cd0b                    LD      HL,LTSTND       ; Where to go after LETSTR
  1752  0bb4  e3                        EX      (SP),HL         ; Save HL , get input pointer
  1753  0bb5  d5                        PUSH    DE              ; Save address of string
  1754  0bb6  c3b809                    JP      LETSTR          ; Assign string to variable
  1755                          
  1756  0bb9  cdea07            INPBIN: CALL    GETCHR          ; Get next character
  1757  0bbc  cd5e17                    CALL    ASCTFP          ; Convert ASCII to FP number
  1758  0bbf  e3                        EX      (SP),HL         ; Save input ptr, Get var addr
  1759  0bc0  11db22                    LD      DE,FPREG        ; Move FPREG to variable
  1760  0bc3  eb                        EX      DE,HL
  1761  0bc4  eda0                      LDI                     ; 4 bytes to move (HL++)->(DE++)
  1762  0bc6  eda0                      LDI
  1763  0bc8  eda0                      LDI
  1764  0bca  eda0                      LDI
  1765  0bcc  e1                        POP     HL              ; Restore input pointer
  1766  0bcd  2b                LTSTND: DEC     HL              ; DEC 'cos GETCHR INCs
  1767  0bce  cdea07                    CALL    GETCHR          ; Get next character
  1768  0bd1  cad90b                    JP      Z,MORDT         ; End of line - More needed?
  1769  0bd4  fe2c                      CP      ','             ; Another value?
  1770  0bd6  c2160b                    JP      NZ,BADINP       ; No - Bad input
  1771  0bd9  e3                MORDT:  EX      (SP),HL         ; Get code string address
  1772  0bda  2b                        DEC     HL              ; DEC 'cos GETCHR INCs
  1773  0bdb  cdea07                    CALL    GETCHR          ; Get next character
  1774  0bde  c2630b                    JP      NZ,NEDMOR       ; More needed - Get it
  1775  0be1  d1                        POP     DE              ; Restore DATA pointer
  1776  0be2  3ac422                    LD      A,(READFG)      ; "READ" or "INPUT" ?
  1777  0be5  b7                        OR      A
  1778  0be6  eb                        EX      DE,HL           ; DATA pointer to HL
  1779  0be7  c21008                    JP      NZ,UPDATA       ; Update DATA pointer if "READ"
  1780  0bea  d5                        PUSH    DE              ; Save code string address
  1781  0beb  b6                        OR      (HL)            ; More input given?
  1782  0bec  21f40b                    LD      HL,EXTIG        ; "?Extra ignored" message
  1783  0bef  c46111                    CALL    NZ,PRS          ; Output string if extra given
  1784  0bf2  e1                        POP     HL              ; Restore code string address
  1785  0bf3  c9                        RET
  1786                          
  1787  0bf4  3f45787472612069  EXTIG:  DEFB    "?Extra ignored",CR,LF,0
              676e6f7265640d0a  
              00                
  1788                          
  1789  0c05  cd8609            FDTLP:  CALL    DATA            ; Get next statement
  1790  0c08  b7                        OR      A               ; End of line?
  1791  0c09  c21d0c                    JP      NZ,FANDT        ; No - See if DATA statement
  1792  0c0c  23                        INC     HL
  1793  0c0d  7e                        LD      A,(HL)          ; End of program?
  1794  0c0e  23                        INC     HL
  1795  0c0f  b6                        OR      (HL)            ; 00 00 Ends program
  1796  0c10  1e06                      LD      E,OD            ; ?OD Error
  1797  0c12  caa303                    JP      Z,ERROR         ; Yes - Out of DATA
  1798  0c15  23                        INC     HL
  1799  0c16  5e                        LD      E,(HL)          ; LSB of line number
  1800  0c17  23                        INC     HL
  1801  0c18  56                        LD      D,(HL)          ; MSB of line number
  1802  0c19  ed53c022                  LD      (DATLIN),DE     ; Set line of current DATA item
  1803  0c1d  cdea07            FANDT:  CALL    GETCHR          ; Get next character
  1804  0c20  fe83                      CP      ZDATA           ; "DATA" token
  1805  0c22  c2050c                    JP      NZ,FDTLP        ; No "DATA" - Keep looking
  1806  0c25  c38f0b                    JP      ANTVLU          ; Found - Convert input
  1807                          
  1808  0c28  110000            NEXT:   LD      DE,0            ; In case no index given
  1809  0c2b  c4700e            NEXT1:  CALL    NZ,GETVAR       ; Get index address
  1810  0c2e  22c522                    LD      (BRKLIN),HL     ; Save code string address
  1811  0c31  cd3503                    CALL    BAKSTK          ; Look for "FOR" block
  1812  0c34  c29203                    JP      NZ,NFERR        ; No "FOR" - ?NF Error
  1813  0c37  f9                        LD      SP,HL           ; Clear nested loops
  1814  0c38  d5                        PUSH    DE              ; Save index address
  1815  0c39  7e                        LD      A,(HL)          ; Get sign of STEP
  1816  0c3a  23                        INC     HL
  1817  0c3b  f5                        PUSH    AF              ; Save sign of STEP
  1818  0c3c  d5                        PUSH    DE              ; Save index address
  1819  0c3d  11db22                    LD      DE,FPREG        ; Move index value to FPREG
  1820  0c40  eda0                      LDI                     ; 4 bytes to move (HL++)->(DE++)
  1821  0c42  eda0                      LDI
  1822  0c44  eda0                      LDI
  1823  0c46  eda0                      LDI
  1824  0c48  e3                        EX      (SP),HL         ; Save address of TO value
  1825  0c49  e5                        PUSH    HL              ; Save address of index
  1826  0c4a  cdfd13                    CALL    ADDPHL          ; Add STEP to index value
  1827  0c4d  d1                        POP     DE              ; Restore address of index
  1828  0c4e  21db22                    LD      HL,FPREG        ; Move FPREG to index variable
  1829  0c51  eda0                      LDI                     ; 4 bytes to move (HL++)->(DE++)
  1830  0c53  eda0                      LDI
  1831  0c55  eda0                      LDI
  1832  0c57  eda0                      LDI
  1833  0c59  e1                        POP     HL              ; Restore address of TO value
  1834  0c5a  cdb016                    CALL    LOADFP          ; Move TO value to BCDE
  1835  0c5d  e5                        PUSH    HL              ; Save address of line of FOR
  1836  0c5e  cdce16                    CALL    CMPNUM          ; Compare index with TO value
  1837  0c61  e1                        POP     HL              ; Restore address of line num
  1838  0c62  c1                        POP     BC              ; Address of sign of STEP
  1839  0c63  90                        SUB     B               ; Compare with expected sign
  1840  0c64  cdb016                    CALL    LOADFP          ; BC = Loop stmt,DE = Line num
  1841  0c67  ca730c                    JP      Z,KILFOR        ; Loop finished - Terminate it
  1842  0c6a  eb                        EX      DE,HL           ; Loop statement line number
  1843  0c6b  225322                    LD      (LINEAT),HL     ; Set loop line number
  1844  0c6e  6069                      LD      HL,BC           ; Set code string to loop
  1845  0c70  c3a707                    JP      PUTFID          ; Put back "FOR" and continue
  1846                          
  1847  0c73  f9                KILFOR: LD      SP,HL           ; Remove "FOR" block
  1848  0c74  2ac522                    LD      HL,(BRKLIN)     ; Code string after "NEXT"
  1849  0c77  7e                        LD      A,(HL)          ; Get next byte in code string
  1850  0c78  fe2c                      CP      ','             ; More NEXTs ?
  1851  0c7a  c2ab07                    JP      NZ,RUNCNT       ; No - Do next statement
  1852  0c7d  cdea07                    CALL    GETCHR          ; Position to index name
  1853  0c80  cd2b0c                    CALL    NEXT1           ; Re-enter NEXT routine
  1854                          ; < will not RETurn to here , Exit to RUNCNT or Loop >
  1855                          
  1856  0c83  cd950c            GETNUM: CALL    EVAL            ; Get a numeric expression
  1857  0c86  f6                TSTNUM: DEFB    0F6H            ; Clear carry (numeric)
  1858  0c87  37                TSTSTR: SCF                     ; Set carry (string)
  1859  0c88  3aa422            CHKTYP: LD      A,(TYPE)        ; Check types match
  1860  0c8b  8f                        ADC     A,A             ; Expected + actual
  1861  0c8c  b7                        OR      A               ; Clear carry , set parity
  1862  0c8d  e8                        RET     PE              ; Even parity - Types match
  1863  0c8e  c39e03                    JP      TMERR           ; Different types - Error
  1864                          
  1865  0c91  cd5a06            OPNPAR: CALL    CHKSYN          ; Make sure "(" follows
  1866  0c94  28                        DEFB    "("
  1867  0c95  2b                EVAL:   DEC     HL              ; Evaluate expression & save
  1868  0c96  1600                      LD      D,0             ; Precedence value
  1869  0c98  d5                EVAL1:  PUSH    DE              ; Save precedence
  1870  0c99  0e01                      LD      C,1
  1871  0c9b  cd6903                    CALL    CHKSTK          ; Check for 1 level of stack
  1872  0c9e  cd0f0d                    CALL    OPRND           ; Get next expression value
  1873  0ca1  22c722            EVAL2:  LD      (NXTOPR),HL     ; Save address of next operator
  1874  0ca4  2ac722            EVAL3:  LD      HL,(NXTOPR)     ; Restore address of next opr
  1875  0ca7  c1                        POP     BC              ; Precedence value and operator
  1876  0ca8  78                        LD      A,B             ; Get precedence value
  1877  0ca9  fe78                      CP      78H             ; "AND" or "OR" ?
  1878  0cab  d4860c                    CALL    NC,TSTNUM       ; No - Make sure it's a number
  1879  0cae  7e                        LD      A,(HL)          ; Get next operator / function
  1880  0caf  1600                      LD      D,0             ; Clear Last relation
  1881  0cb1  d6b3              RLTLP:  SUB     ZGTR            ; ">" Token
  1882  0cb3  dacd0c                    JP      C,FOPRND        ; + - * / ^ AND OR - Test it
  1883  0cb6  fe03                      CP      ZLTH+1-ZGTR     ; < = >
  1884  0cb8  d2cd0c                    JP      NC,FOPRND       ; Function - Call it
  1885  0cbb  fe01                      CP      ZEQUAL-ZGTR     ; "="
  1886  0cbd  17                        RLA                     ; <- Test for legal
  1887  0cbe  aa                        XOR     D               ; <- combinations of < = >
  1888  0cbf  ba                        CP      D               ; <- by combining last token
  1889  0cc0  57                        LD      D,A             ; <- with current one
  1890  0cc1  da8c03                    JP      C,SNERR         ; Error if "<<" "==" or ">>"
  1891  0cc4  22bc22                    LD      (CUROPR),HL     ; Save address of current token
  1892  0cc7  cdea07                    CALL    GETCHR          ; Get next character
  1893  0cca  c3b10c                    JP      RLTLP           ; Treat the two as one
  1894                          
  1895  0ccd  7a                FOPRND: LD      A,D             ; < = > found ?
  1896  0cce  b7                        OR      A
  1897  0ccf  c2eb0d                    JP      NZ,TSTRED       ; Yes - Test for reduction
  1898  0cd2  7e                        LD      A,(HL)          ; Get operator token
  1899  0cd3  22bc22                    LD      (CUROPR),HL     ; Save operator address
  1900  0cd6  d6ac                      SUB     ZPLUS           ; Operator or function?
  1901  0cd8  d8                        RET     C               ; Neither - Exit
  1902  0cd9  fe07                      CP      ZOR+1-ZPLUS     ; Is it + - * / ^ AND OR ?
  1903  0cdb  d0                        RET     NC              ; No - Exit
  1904  0cdc  5f                        LD      E,A             ; Coded operator
  1905  0cdd  3aa422                    LD      A,(TYPE)        ; Get data type
  1906  0ce0  3d                        DEC     A               ; FF = numeric , 00 = string
  1907  0ce1  b3                        OR      E               ; Combine with coded operator
  1908  0ce2  7b                        LD      A,E             ; Get coded operator
  1909  0ce3  ca5312                    JP      Z,CONCAT        ; String concatenation
  1910  0ce6  07                        RLCA                    ; Times 2
  1911  0ce7  83                        ADD     A,E             ; Times 3
  1912  0ce8  5f                        LD      E,A             ; To DE (D is 0)
  1913  0ce9  218602                    LD      HL,PRITAB       ; Precedence table
  1914  0cec  19                        ADD     HL,DE           ; To the operator concerned
  1915  0ced  78                        LD      A,B             ; Last operator precedence
  1916  0cee  56                        LD      D,(HL)          ; Get evaluation precedence
  1917  0cef  ba                        CP      D               ; Compare with eval precedence
  1918  0cf0  d0                        RET     NC              ; Exit if higher precedence
  1919  0cf1  23                        INC     HL              ; Point to routine address
  1920  0cf2  cd860c                    CALL    TSTNUM          ; Make sure it's a number
  1921                          
  1922  0cf5  c5                STKTHS: PUSH    BC              ; Save last precedence & token
  1923  0cf6  01a40c                    LD      BC,EVAL3        ; Where to go on prec' break
  1924  0cf9  c5                        PUSH    BC              ; Save on stack for return
  1925  0cfa  ed4bdb22                  LD      BC,(FPREG)      ; LSB,NLSB of FPREG
  1926  0cfe  c5                        PUSH    BC              ; Stack them
  1927  0cff  ed4bdd22                  LD      BC,(FPREG+2)    ; MSB and exponent of FPREG
  1928  0d03  c5                        PUSH    BC              ; Stack them
  1929  0d04  4e                        LD      C,(HL)          ; Get LSB of routine address
  1930  0d05  23                        INC     HL
  1931  0d06  46                        LD      B,(HL)          ; Get MSB of routine address
  1932  0d07  23                        INC     HL
  1933  0d08  c5                        PUSH    BC              ; Save routine address
  1934  0d09  2abc22                    LD      HL,(CUROPR)     ; Address of current operator
  1935  0d0c  c3980c                    JP      EVAL1           ; Loop until prec' break
  1936                          
  1937  0d0f  af                OPRND:  XOR     A               ; Get operand routine
  1938  0d10  32a422                    LD      (TYPE),A        ; Set numeric expected
  1939  0d13  cdea07                    CALL    GETCHR          ; Get next character
  1940  0d16  1e24                      LD      E,MO            ; ?MO Error
  1941  0d18  caa303                    JP      Z,ERROR         ; No operand - Error
  1942  0d1b  da5e17                    JP      C,ASCTFP        ; Number - Get value
  1943  0d1e  cd8d08                    CALL    CHKLTR          ; See if a letter
  1944  0d21  d2650d                    JP      NC,CONVAR       ; Letter - Find variable
  1945  0d24  feac                      CP      ZPLUS           ; '+' Token ?
  1946  0d26  ca0f0d                    JP      Z,OPRND         ; Yes - Look for operand
  1947  0d29  fe2e                      CP      '.'             ; '.' ?
  1948  0d2b  ca5e17                    JP      Z,ASCTFP        ; Yes - Create FP number
  1949  0d2e  fead                      CP      ZMINUS          ; '-' Token ?
  1950  0d30  ca540d                    JP      Z,MINUS         ; Yes - Do minus
  1951  0d33  fe22                      CP      '"'             ; Literal string ?
  1952  0d35  ca1911                    JP      Z,QTSTR         ; Get string terminated by '"'
  1953  0d38  fea9                      CP      ZNOT            ; "NOT" Token ?
  1954  0d3a  ca4b0e                    JP      Z,EVNOT         ; Yes - Eval NOT expression
  1955  0d3d  fea6                      CP      ZFN             ; "FN" Token ?
  1956  0d3f  ca7510                    JP      Z,DOFN          ; Yes - Do FN routine
  1957  0d42  feab                      CP      ZAMP            ; &H = HEX
  1958  0d44  ca581d                    JP      Z,HEXTFP        ; Convert Hex to FPREG
  1959  0d47  d6b6                      SUB     ZSGN            ; Is it a function?
  1960  0d49  d2760d                    JP      NC,FNOFST       ; Yes - Evaluate function
  1961  0d4c  cd910c            EVLPAR: CALL    OPNPAR          ; Evaluate expression in "()"
  1962  0d4f  cd5a06                    CALL    CHKSYN          ; Make sure ")" follows
  1963  0d52  29                        DEFB    ")"
  1964  0d53  c9                        RET
  1965                          
  1966  0d54  167d              MINUS:  LD      D,7DH           ; '-' precedence
  1967  0d56  cd980c                    CALL    EVAL1           ; Evaluate until prec' break
  1968  0d59  2ac722                    LD      HL,(NXTOPR)     ; Get next operator address
  1969  0d5c  e5                        PUSH    HL              ; Save next operator address
  1970  0d5d  cd8f16                    CALL    INVSGN          ; Negate value
  1971  0d60  cd860c            RETNUM: CALL    TSTNUM          ; Make sure it's a number
  1972  0d63  e1                        POP     HL              ; Restore next operator address
  1973  0d64  c9                        RET
  1974                          
  1975  0d65  cd700e            CONVAR: CALL    GETVAR          ; Get variable address to DE
  1976  0d68  e5                FRMEVL: PUSH    HL              ; Save code string address
  1977  0d69  eb                        EX      DE,HL           ; Variable address to HL
  1978  0d6a  22db22                    LD      (FPREG),HL      ; Save address of variable
  1979  0d6d  3aa422                    LD      A,(TYPE)        ; Get type
  1980  0d70  b7                        OR      A               ; Numeric?
  1981  0d71  cca416                    CALL    Z,PHLTFP        ; Yes - Move contents to FPREG
  1982  0d74  e1                        POP     HL              ; Restore code string address
  1983  0d75  c9                        RET
  1984                          
  1985  0d76  0600              FNOFST: LD      B,0             ; Get address of function
  1986  0d78  07                        RLCA                    ; Double function offset
  1987  0d79  4f                        LD      C,A             ; BC = Offset in function table
  1988  0d7a  c5                        PUSH    BC              ; Save adjusted token value
  1989  0d7b  cdea07                    CALL    GETCHR          ; Get next character
  1990  0d7e  79                        LD      A,C             ; Get adjusted token value
  1991  0d7f  fe2d                      CP      2*(ZLEFT-ZSGN)-1; Adj' LEFT$,RIGHT$ or MID$ ?
  1992  0d81  da9d0d                    JP      C,FNVAL         ; No - Do function
  1993  0d84  cd910c                    CALL    OPNPAR          ; Evaluate expression  (X,...
  1994  0d87  cd5a06                    CALL    CHKSYN          ; Make sure ',' follows
  1995  0d8a  2c                        DEFB    ','
  1996  0d8b  cd870c                    CALL    TSTSTR          ; Make sure it's a string
  1997  0d8e  eb                        EX      DE,HL           ; Save code string address
  1998  0d8f  2adb22                    LD      HL,(FPREG)      ; Get address of string
  1999  0d92  e3                        EX      (SP),HL         ; Save address of string
  2000  0d93  e5                        PUSH    HL              ; Save adjusted token value
  2001  0d94  eb                        EX      DE,HL           ; Restore code string address
  2002  0d95  cdd113                    CALL    GETINT          ; Get integer 0-255
  2003  0d98  eb                        EX      DE,HL           ; Save code string address
  2004  0d99  e3                        EX      (SP),HL         ; Save integer,HL = adj' token
  2005  0d9a  c3a50d                    JP      GOFUNC          ; Jump to string function
  2006                          
  2007  0d9d  cd4c0d            FNVAL:  CALL    EVLPAR          ; Evaluate expression
  2008  0da0  e3                        EX      (SP),HL         ; HL = Adjusted token value
  2009  0da1  11600d                    LD      DE,RETNUM       ; Return number from function
  2010  0da4  d5                        PUSH    DE              ; Save on stack
  2011  0da5  01f900            GOFUNC: LD      BC,FNCTAB       ; Function routine addresses
  2012  0da8  09                        ADD     HL,BC           ; Point to right address
  2013  0da9  4e                        LD      C,(HL)          ; Get LSB of address
  2014  0daa  23                        INC     HL              ;
  2015  0dab  66                        LD      H,(HL)          ; Get MSB of address
  2016  0dac  69                        LD      L,C             ; Address to HL
  2017  0dad  e9                        JP      (HL)            ; Jump to function
  2018                          
  2019  0dae  15                SGNEXP: DEC     D               ; Dee to flag negative exponent
  2020  0daf  fead                      CP      ZMINUS          ; '-' token ?
  2021  0db1  c8                        RET     Z               ; Yes - Return
  2022  0db2  fe2d                      CP      '-'             ; '-' ASCII ?
  2023  0db4  c8                        RET     Z               ; Yes - Return
  2024  0db5  14                        INC     D               ; Inc to flag positive exponent
  2025  0db6  fe2b                      CP      '+'             ; '+' ASCII ?
  2026  0db8  c8                        RET     Z               ; Yes - Return
  2027  0db9  feac                      CP      ZPLUS           ; '+' token ?
  2028  0dbb  c8                        RET     Z               ; Yes - Return
  2029  0dbc  2b                        DEC     HL              ; DEC 'cos GETCHR INCs
  2030  0dbd  c9                        RET                     ; Return "NZ"
  2031                          
  2032  0dbe  f6                POR:    DEFB    0F6H            ; Flag "OR"
  2033  0dbf  af                PAND:   XOR     A               ; Flag "AND"
  2034  0dc0  f5                        PUSH    AF              ; Save "AND" / "OR" flag
  2035  0dc1  cd860c                    CALL    TSTNUM          ; Make sure it's a number
  2036  0dc4  cda108                    CALL    DEINT           ; Get integer -32768 to 32767
  2037  0dc7  f1                        POP     AF              ; Restore "AND" / "OR" flag
  2038  0dc8  eb                        EX      DE,HL           ; <- Get last
  2039  0dc9  c1                        POP     BC              ; <-  value
  2040  0dca  e3                        EX      (SP),HL         ; <-  from
  2041  0dcb  eb                        EX      DE,HL           ; <-  stack
  2042  0dcc  ed53db22                  LD      (FPREG),DE      ; Move last value to FPREG
  2043  0dd0  ed43dd22                  LD      (FPREG+2),BC
  2044  0dd4  f5                        PUSH    AF              ; Save "AND" / "OR" flag
  2045  0dd5  cda108                    CALL    DEINT           ; Get integer -32768 to 32767
  2046  0dd8  f1                        POP     AF              ; Restore "AND" / "OR" flag
  2047  0dd9  c1                        POP     BC              ; Get value
  2048  0dda  79                        LD      A,C             ; Get LSB
  2049  0ddb  213310                    LD      HL,ACPASS       ; Address of save AC as current
  2050  0dde  c2e60d                    JP      NZ,POR1         ; Jump if OR
  2051  0de1  a3                        AND     E               ; "AND" LSBs
  2052  0de2  4f                        LD      C,A             ; Save LSB
  2053  0de3  78                        LD      A,B             ; Get MBS
  2054  0de4  a2                        AND     D               ; "AND" MSBs
  2055  0de5  e9                        JP      (HL)            ; Save AC as current (ACPASS)
  2056                          
  2057  0de6  b3                POR1:   OR      E               ; "OR" LSBs
  2058  0de7  4f                        LD      C,A             ; Save LSB
  2059  0de8  78                        LD      A,B             ; Get MSB
  2060  0de9  b2                        OR      D               ; "OR" MSBs
  2061  0dea  e9                        JP      (HL)            ; Save AC as current (ACPASS)
  2062                          
  2063  0deb  21fd0d            TSTRED: LD      HL,CMPLOG       ; Logical compare routine
  2064  0dee  3aa422                    LD      A,(TYPE)        ; Get data type
  2065  0df1  1f                        RRA                     ; Carry set = string
  2066  0df2  7a                        LD      A,D             ; Get last precedence value
  2067  0df3  17                        RLA                     ; Times 2 plus carry
  2068  0df4  5f                        LD      E,A             ; To E
  2069  0df5  1664                      LD      D,64H           ; Relational precedence
  2070  0df7  78                        LD      A,B             ; Get current precedence
  2071  0df8  ba                        CP      D               ; Compare with last
  2072  0df9  d0                        RET     NC              ; Eval if last was rel' or log'
  2073  0dfa  c3f50c                    JP      STKTHS          ; Stack this one and get next
  2074                          
  2075  0dfd  ff0d              CMPLOG: DEFW    CMPLG1          ; Compare two values / strings
  2076  0dff  79                CMPLG1: LD      A,C             ; Get data type
  2077  0e00  b7                        OR      A
  2078  0e01  1f                        RRA
  2079  0e02  c1                        POP     BC              ; Get last expression to BCDE
  2080  0e03  d1                        POP     DE
  2081  0e04  f5                        PUSH    AF              ; Save status
  2082  0e05  cd880c                    CALL    CHKTYP          ; Check that types match
  2083  0e08  21410e                    LD      HL,CMPRES       ; Result to comparison
  2084  0e0b  e5                        PUSH    HL              ; Save for RETurn
  2085  0e0c  cace16                    JP      Z,CMPNUM        ; Compare values if numeric
  2086  0e0f  af                        XOR     A               ; Compare two strings
  2087  0e10  32a422                    LD      (TYPE),A        ; Set type to numeric
  2088  0e13  d5                        PUSH    DE              ; Save string name
  2089  0e14  cda012                    CALL    GSTRCU          ; Get current string
  2090  0e17  7e                        LD      A,(HL)          ; Get length of string
  2091  0e18  23                        INC     HL
  2092  0e19  23                        INC     HL
  2093  0e1a  4e                        LD      C,(HL)          ; Get LSB of address
  2094  0e1b  23                        INC     HL
  2095  0e1c  46                        LD      B,(HL)          ; Get MSB of address
  2096  0e1d  d1                        POP     DE              ; Restore string name
  2097  0e1e  c5                        PUSH    BC              ; Save address of string
  2098  0e1f  f5                        PUSH    AF              ; Save length of string
  2099  0e20  cda412                    CALL    GSTRDE          ; Get second string
  2100  0e23  cdb016                    CALL    LOADFP          ; Get address of second string
  2101  0e26  f1                        POP     AF              ; Restore length of string 1
  2102  0e27  57                        LD      D,A             ; Length to D
  2103  0e28  e1                        POP     HL              ; Restore address of string 1
  2104  0e29  7b                CMPSTR: LD      A,E             ; Bytes of string 2 to do
  2105  0e2a  b2                        OR      D               ; Bytes of string 1 to do
  2106  0e2b  c8                        RET     Z               ; Exit if all bytes compared
  2107  0e2c  7a                        LD      A,D             ; Get bytes of string 1 to do
  2108  0e2d  d601                      SUB     1
  2109  0e2f  d8                        RET     C               ; Exit if end of string 1
  2110  0e30  af                        XOR     A
  2111  0e31  bb                        CP      E               ; Bytes of string 2 to do
  2112  0e32  3c                        INC     A
  2113  0e33  d0                        RET     NC              ; Exit if end of string 2
  2114  0e34  15                        DEC     D               ; Count bytes in string 1
  2115  0e35  1d                        DEC     E               ; Count bytes in string 2
  2116  0e36  0a                        LD      A,(BC)          ; Byte in string 2
  2117  0e37  be                        CP      (HL)            ; Compare to byte in string 1
  2118  0e38  23                        INC     HL              ; Move up string 1
  2119  0e39  03                        INC     BC              ; Move up string 2
  2120  0e3a  ca290e                    JP      Z,CMPSTR        ; Same - Try next bytes
  2121  0e3d  3f                        CCF                     ; Flag difference (">" or "<")
  2122  0e3e  c37116                    JP      FLGDIF          ; "<" gives -1 , ">" gives +1
  2123                          
  2124  0e41  3c                CMPRES: INC     A               ; Increment current value
  2125  0e42  8f                        ADC     A,A             ; Double plus carry
  2126  0e43  c1                        POP     BC              ; Get other value
  2127  0e44  a0                        AND     B               ; Combine them
  2128  0e45  c6ff                      ADD     A,-1            ; Carry set if different
  2129  0e47  9f                        SBC     A,A             ; 00 - Equal , FF - Different
  2130  0e48  c37816                    JP      FLGREL          ; Set current value & continue
  2131                          
  2132  0e4b  165a              EVNOT:  LD      D,5AH           ; Precedence value for "NOT"
  2133  0e4d  cd980c                    CALL    EVAL1           ; Eval until precedence break
  2134  0e50  cd860c                    CALL    TSTNUM          ; Make sure it's a number
  2135  0e53  cda108                    CALL    DEINT           ; Get integer -32768 - 32767
  2136  0e56  7b                        LD      A,E             ; Get LSB
  2137  0e57  2f                        CPL                     ; Invert LSB
  2138  0e58  4f                        LD      C,A             ; Save "NOT" of LSB
  2139  0e59  7a                        LD      A,D             ; Get MSB
  2140  0e5a  2f                        CPL                     ; Invert MSB
  2141  0e5b  cd3310                    CALL    ACPASS          ; Save AC as current
  2142  0e5e  c1                        POP     BC              ; Clean up stack
  2143  0e5f  c3a40c                    JP      EVAL3           ; Continue evaluation
  2144                          
  2145  0e62  2b                DIMRET: DEC     HL              ; DEC 'cos GETCHR INCs
  2146  0e63  cdea07                    CALL    GETCHR          ; Get next character
  2147  0e66  c8                        RET     Z               ; End of DIM statement
  2148  0e67  cd5a06                    CALL    CHKSYN          ; Make sure ',' follows
  2149  0e6a  2c                        DEFB    ','
  2150  0e6b  01620e            DIM:    LD      BC,DIMRET       ; Return to "DIMRET"
  2151  0e6e  c5                        PUSH    BC              ; Save on stack
  2152  0e6f  f6                        DEFB    0F6H            ; Flag "Create" variable
  2153  0e70  af                GETVAR: XOR     A               ; Find variable address,to DE
  2154  0e71  32a322                    LD      (LCRFLG),A      ; Set locate / create flag
  2155  0e74  46                        LD      B,(HL)          ; Get First byte of name
  2156  0e75  cd8d08            GTFNAM: CALL    CHKLTR          ; See if a letter
  2157  0e78  da8c03                    JP      C,SNERR         ; ?SN Error if not a letter
  2158  0e7b  af                        XOR     A
  2159  0e7c  4f                        LD      C,A             ; Clear second byte of name
  2160  0e7d  32a422                    LD      (TYPE),A        ; Set type to numeric
  2161  0e80  cdea07                    CALL    GETCHR          ; Get next character
  2162  0e83  da8c0e                    JP      C,SVNAM2        ; Numeric - Save in name
  2163  0e86  cd8d08                    CALL    CHKLTR          ; See if a letter
  2164  0e89  da990e                    JP      C,CHARTY        ; Not a letter - Check type
  2165  0e8c  4f                SVNAM2: LD      C,A             ; Save second byte of name
  2166  0e8d  cdea07            ENDNAM: CALL    GETCHR          ; Get next character
  2167  0e90  da8d0e                    JP      C,ENDNAM        ; Numeric - Get another
  2168  0e93  cd8d08                    CALL    CHKLTR          ; See if a letter
  2169  0e96  d28d0e                    JP      NC,ENDNAM       ; Letter - Get another
  2170  0e99  d624              CHARTY: SUB     '$'             ; String variable?
  2171  0e9b  c2a80e                    JP      NZ,NOTSTR       ; No - Numeric variable
  2172  0e9e  3c                        INC     A               ; A = 1 (string type)
  2173  0e9f  32a422                    LD      (TYPE),A        ; Set type to string
  2174  0ea2  0f                        RRCA                    ; A = 80H , Flag for string
  2175  0ea3  81                        ADD     A,C             ; 2nd byte of name has bit 7 on
  2176  0ea4  4f                        LD      C,A             ; Resave second byte on name
  2177  0ea5  cdea07                    CALL    GETCHR          ; Get next character
  2178  0ea8  3ac222            NOTSTR: LD      A,(FORFLG)      ; Array name needed ?
  2179  0eab  3d                        DEC     A
  2180  0eac  ca550f                    JP      Z,ARLDSV        ; Yes - Get array name
  2181  0eaf  f2b80e                    JP      P,NSCFOR        ; No array with "FOR" or "FN"
  2182  0eb2  7e                        LD      A,(HL)          ; Get byte again
  2183  0eb3  d628                      SUB     '('             ; Subscripted variable?
  2184  0eb5  ca2d0f                    JP      Z,SBSCPT        ; Yes - Sort out subscript
  2185                          
  2186  0eb8  af                NSCFOR: XOR     A               ; Simple variable
  2187  0eb9  32c222                    LD      (FORFLG),A      ; Clear "FOR" flag
  2188  0ebc  e5                        PUSH    HL              ; Save code string address
  2189  0ebd  5059                      LD      DE,BC           ; DE = Variable name to find
  2190  0ebf  2ad522                    LD      HL,(FNRGNM)     ; FN argument name
  2191  0ec2  cd5406                    CALL    CPDEHL          ; Is it the FN argument?
  2192  0ec5  11d722                    LD      DE,FNARG        ; Point to argument value
  2193  0ec8  cabc12                    JP      Z,POPHRT        ; Yes - Return FN argument value
  2194  0ecb  2acf22                    LD      HL,(VAREND)     ; End of variables
  2195  0ece  eb                        EX      DE,HL           ; Address of end of search
  2196  0ecf  2acd22                    LD      HL,(PROGND)     ; Start of variables address
  2197  0ed2  cd5406            FNDVAR: CALL    CPDEHL          ; End of variable list table?
  2198  0ed5  caeb0e                    JP      Z,CFEVAL        ; Yes - Called from EVAL?
  2199  0ed8  79                        LD      A,C             ; Get second byte of name
  2200  0ed9  96                        SUB     (HL)            ; Compare with name in list
  2201  0eda  23                        INC     HL              ; Move on to first byte
  2202  0edb  c2e00e                    JP      NZ,FNTHR        ; Different - Find another
  2203  0ede  78                        LD      A,B             ; Get first byte of name
  2204  0edf  96                        SUB     (HL)            ; Compare with name in list
  2205  0ee0  23                FNTHR:  INC     HL              ; Move on to LSB of value
  2206  0ee1  ca1f0f                    JP      Z,RETADR        ; Found - Return address
  2207  0ee4  23                        INC     HL              ; <- Skip
  2208  0ee5  23                        INC     HL              ; <- over
  2209  0ee6  23                        INC     HL              ; <- F.P.
  2210  0ee7  23                        INC     HL              ; <- value
  2211  0ee8  c3d20e                    JP      FNDVAR          ; Keep looking
  2212                          
  2213  0eeb  e1                CFEVAL: POP     HL              ; Restore code string address
  2214  0eec  e3                        EX      (SP),HL         ; Get return address
  2215  0eed  d5                        PUSH    DE              ; Save address of variable
  2216  0eee  11680d                    LD      DE,FRMEVL       ; Return address in EVAL
  2217  0ef1  cd5406                    CALL    CPDEHL          ; Called from EVAL ?
  2218  0ef4  d1                        POP     DE              ; Restore address of variable
  2219  0ef5  ca220f                    JP      Z,RETNUL        ; Yes - Return null variable
  2220  0ef8  e3                        EX      (SP),HL         ; Put back return
  2221  0ef9  e5                        PUSH    HL              ; Save code string address
  2222  0efa  c5                        PUSH    BC              ; Save variable name
  2223  0efb  010600                    LD      BC,6            ; 2 byte name plus 4 byte data
  2224  0efe  2ad122                    LD      HL,(ARREND)     ; End of arrays
  2225  0f01  e5                        PUSH    HL              ; Save end of arrays
  2226  0f02  09                        ADD     HL,BC           ; Move up 6 bytes
  2227  0f03  c1                        POP     BC              ; Source address in BC
  2228  0f04  e5                        PUSH    HL              ; Save new end address
  2229  0f05  cd5803                    CALL    MOVUP           ; Move arrays up
  2230  0f08  e1                        POP     HL              ; Restore new end address
  2231  0f09  22d122                    LD      (ARREND),HL     ; Set new end address
  2232  0f0c  6069                      LD      HL,BC           ; End of variables to HL
  2233  0f0e  22cf22                    LD      (VAREND),HL     ; Set new end address
  2234                          
  2235  0f11  2b                ZEROLP: DEC     HL              ; Back through to zero variable
  2236  0f12  3600                      LD      (HL),0          ; Zero byte in variable
  2237  0f14  cd5406                    CALL    CPDEHL          ; Done them all?
  2238  0f17  c2110f                    JP      NZ,ZEROLP       ; No - Keep on going
  2239  0f1a  d1                        POP     DE              ; Get variable name
  2240  0f1b  73                        LD      (HL),E          ; Store second character
  2241  0f1c  23                        INC     HL
  2242  0f1d  72                        LD      (HL),D          ; Store first character
  2243  0f1e  23                        INC     HL
  2244  0f1f  eb                RETADR: EX      DE,HL           ; Address of variable in DE
  2245  0f20  e1                        POP     HL              ; Restore code string address
  2246  0f21  c9                        RET
  2247                          
  2248  0f22  32de22            RETNUL: LD      (FPEXP),A       ; Set result to zero
  2249  0f25  210000                    LD      HL,ZERBYT       ; Also set a null string
  2250  0f28  22db22                    LD      (FPREG),HL      ; Save for EVAL
  2251  0f2b  e1                        POP     HL              ; Restore code string address
  2252  0f2c  c9                        RET
  2253                          
  2254  0f2d  e5                SBSCPT: PUSH    HL              ; Save code string address
  2255  0f2e  2aa322                    LD      HL,(LCRFLG)     ; Locate/Create and Type
  2256  0f31  e3                        EX      (SP),HL         ; Save and get code string
  2257  0f32  57                        LD      D,A             ; Zero number of dimensions
  2258  0f33  d5                SCPTLP: PUSH    DE              ; Save number of dimensions
  2259  0f34  c5                        PUSH    BC              ; Save array name
  2260  0f35  cd9508                    CALL    FPSINT          ; Get subscript (0-32767)
  2261  0f38  c1                        POP     BC              ; Restore array name
  2262  0f39  f1                        POP     AF              ; Get number of dimensions
  2263  0f3a  eb                        EX      DE,HL
  2264  0f3b  e3                        EX      (SP),HL         ; Save subscript value
  2265  0f3c  e5                        PUSH    HL              ; Save LCRFLG and TYPE
  2266  0f3d  eb                        EX      DE,HL
  2267  0f3e  3c                        INC     A               ; Count dimensions
  2268  0f3f  57                        LD      D,A             ; Save in D
  2269  0f40  7e                        LD      A,(HL)          ; Get next byte in code string
  2270  0f41  fe2c                      CP      ','             ; Comma (more to come)?
  2271  0f43  ca330f                    JP      Z,SCPTLP        ; Yes - More subscripts
  2272  0f46  cd5a06                    CALL    CHKSYN          ; Make sure ")" follows
  2273  0f49  29                        DEFB    ")"
  2274  0f4a  22c722                    LD      (NXTOPR),HL     ; Save code string address
  2275  0f4d  e1                        POP     HL              ; Get LCRFLG and TYPE
  2276  0f4e  22a322                    LD      (LCRFLG),HL     ; Restore Locate/create & type
  2277  0f51  1e00                      LD      E,0             ; Flag not CSAVE* or CLOAD*
  2278  0f53  d5                        PUSH    DE              ; Save number of dimensions (D)
  2279  0f54  11                        DEFB    11H             ; Skip "PUSH HL" and "PUSH AF'
  2280                          
  2281  0f55  e5                ARLDSV: PUSH    HL              ; Save code string address
  2282  0f56  f5                        PUSH    AF              ; A = 00 , Flags set = Z,N
  2283  0f57  2acf22                    LD      HL,(VAREND)     ; Start of arrays
  2284  0f5a  3e                        DEFB    3EH             ; Skip "ADD HL,DE"
  2285  0f5b  19                FNDARY: ADD     HL,DE           ; Move to next array start
  2286  0f5c  ed5bd122                  LD      DE,(ARREND)     ; End of arrays
  2287  0f60  cd5406                    CALL    CPDEHL          ; End of arrays found?
  2288  0f63  ca8c0f                    JP      Z,CREARY        ; Yes - Create array
  2289  0f66  7e                        LD      A,(HL)          ; Get second byte of name
  2290  0f67  b9                        CP      C               ; Compare with name given
  2291  0f68  23                        INC     HL              ; Move on
  2292  0f69  c26e0f                    JP      NZ,NXTARY       ; Different - Find next array
  2293  0f6c  7e                        LD      A,(HL)          ; Get first byte of name
  2294  0f6d  b8                        CP      B               ; Compare with name given
  2295  0f6e  23                NXTARY: INC     HL              ; Move on
  2296  0f6f  5e                        LD      E,(HL)          ; Get LSB of next array address
  2297  0f70  23                        INC     HL
  2298  0f71  56                        LD      D,(HL)          ; Get MSB of next array address
  2299  0f72  23                        INC     HL
  2300  0f73  c25b0f                    JP      NZ,FNDARY       ; Not found - Keep looking
  2301  0f76  3aa322                    LD      A,(LCRFLG)      ; Found Locate or Create it?
  2302  0f79  b7                        OR      A
  2303  0f7a  c29503                    JP      NZ,DDERR        ; Create - ?DD Error
  2304  0f7d  f1                        POP     AF              ; Locate - Get number of dim'ns
  2305  0f7e  444d                      LD      BC,HL           ; BC Points to array dim'ns
  2306  0f80  cabc12                    JP      Z,POPHRT        ; Jump if array load/save
  2307  0f83  96                        SUB     (HL)            ; Same number of dimensions?
  2308  0f84  caea0f                    JP      Z,FINDEL        ; Yes - Find element
  2309  0f87  1e10              BSERR:  LD      E,BS            ; ?BS Error
  2310  0f89  c3a303                    JP      ERROR           ; Output error
  2311                          
  2312  0f8c  110400            CREARY: LD      DE,4            ; 4 Bytes per entry
  2313  0f8f  f1                        POP     AF              ; Array to save or 0 dim'ns?
  2314  0f90  cab608                    JP      Z,FCERR         ; Yes - ?FC Error
  2315  0f93  71                        LD      (HL),C          ; Save second byte of name
  2316  0f94  23                        INC     HL
  2317  0f95  70                        LD      (HL),B          ; Save first byte of name
  2318  0f96  23                        INC     HL
  2319  0f97  4f                        LD      C,A             ; Number of dimensions to C
  2320  0f98  cd6903                    CALL    CHKSTK          ; Check if enough memory
  2321  0f9b  23                        INC     HL              ; Point to number of dimensions
  2322  0f9c  23                        INC     HL
  2323  0f9d  22bc22                    LD      (CUROPR),HL     ; Save address of pointer
  2324  0fa0  71                        LD      (HL),C          ; Set number of dimensions
  2325  0fa1  23                        INC     HL
  2326  0fa2  3aa322                    LD      A,(LCRFLG)      ; Locate of Create?
  2327  0fa5  17                        RLA                     ; Carry set = Create
  2328  0fa6  79                        LD      A,C             ; Get number of dimensions
  2329  0fa7  010b00            CRARLP: LD      BC,10+1         ; Default dimension size 10
  2330  0faa  d2af0f                    JP      NC,DEFSIZ       ; Locate - Set default size
  2331  0fad  c1                        POP     BC              ; Get specified dimension size
  2332  0fae  03                        INC     BC              ; Include zero element
  2333  0faf  71                DEFSIZ: LD      (HL),C          ; Save LSB of dimension size
  2334  0fb0  23                        INC     HL
  2335  0fb1  70                        LD      (HL),B          ; Save MSB of dimension size
  2336  0fb2  23                        INC     HL
  2337  0fb3  f5                        PUSH    AF              ; Save num' of dim'ns an status
  2338  0fb4  e5                        PUSH    HL              ; Save address of dim'n size
  2339  0fb5  cd4417                    CALL    MLDEBC          ; Multiply DE by BC to HL
  2340  0fb8  eb                        EX      DE,HL           ; amount of mem needed (to DE)
  2341  0fb9  e1                        POP     HL              ; Restore address of dimension
  2342  0fba  f1                        POP     AF              ; Restore number of dimensions
  2343  0fbb  3d                        DEC     A               ; Count them
  2344  0fbc  c2a70f                    JP      NZ,CRARLP       ; Do next dimension if more
  2345  0fbf  f5                        PUSH    AF              ; Save locate/create flag
  2346  0fc0  42                        LD      B,D             ; MSB of memory needed
  2347  0fc1  4b                        LD      C,E             ; LSB of memory needed
  2348  0fc2  eb                        EX      DE,HL
  2349  0fc3  19                        ADD     HL,DE           ; Add bytes to array start
  2350  0fc4  da8103                    JP      C,OMERR         ; Too big - Error
  2351  0fc7  cd7203                    CALL    ENFMEM          ; See if enough memory
  2352  0fca  22d122                    LD      (ARREND),HL     ; Save new end of array
  2353                          
  2354  0fcd  2b                ZERARY: DEC     HL              ; Back through array data
  2355  0fce  3600                      LD      (HL),0          ; Set array element to zero
  2356  0fd0  cd5406                    CALL    CPDEHL          ; All elements zeroed?
  2357  0fd3  c2cd0f                    JP      NZ,ZERARY       ; No - Keep on going
  2358  0fd6  03                        INC     BC              ; Number of bytes + 1
  2359  0fd7  57                        LD      D,A             ; A=0
  2360  0fd8  2abc22                    LD      HL,(CUROPR)     ; Get address of array
  2361  0fdb  5e                        LD      E,(HL)          ; Number of dimensions
  2362  0fdc  eb                        EX      DE,HL           ; To HL
  2363  0fdd  29                        ADD     HL,HL           ; Two bytes per dimension size
  2364  0fde  09                        ADD     HL,BC           ; Add number of bytes
  2365  0fdf  eb                        EX      DE,HL           ; Bytes needed to DE
  2366  0fe0  2b                        DEC     HL
  2367  0fe1  2b                        DEC     HL
  2368  0fe2  73                        LD      (HL),E          ; Save LSB of bytes needed
  2369  0fe3  23                        INC     HL
  2370  0fe4  72                        LD      (HL),D          ; Save MSB of bytes needed
  2371  0fe5  23                        INC     HL
  2372  0fe6  f1                        POP     AF              ; Locate / Create?
  2373  0fe7  da0e10                    JP      C,ENDDIM        ; A is 0 , End if create
  2374  0fea  47                FINDEL: LD      B,A             ; Find array element
  2375  0feb  4f                        LD      C,A
  2376  0fec  7e                        LD      A,(HL)          ; Number of dimensions
  2377  0fed  23                        INC     HL
  2378  0fee  16                        DEFB    16H             ; Skip "POP HL"
  2379  0fef  e1                FNDELP: POP     HL              ; Address of next dim' size
  2380  0ff0  5e                        LD      E,(HL)          ; Get LSB of dim'n size
  2381  0ff1  23                        INC     HL
  2382  0ff2  56                        LD      D,(HL)          ; Get MSB of dim'n size
  2383  0ff3  23                        INC     HL
  2384  0ff4  e3                        EX      (SP),HL         ; Save address - Get index
  2385  0ff5  f5                        PUSH    AF              ; Save number of dim'ns
  2386  0ff6  cd5406                    CALL    CPDEHL          ; Dimension too large?
  2387  0ff9  d2870f                    JP      NC,BSERR        ; Yes - ?BS Error
  2388  0ffc  e5                        PUSH    HL              ; Save index
  2389  0ffd  cd4417                    CALL    MLDEBC          ; Multiply previous by size
  2390  1000  d1                        POP     DE              ; Index supplied to DE
  2391  1001  19                        ADD     HL,DE           ; Add index to pointer
  2392  1002  f1                        POP     AF              ; Number of dimensions
  2393  1003  3d                        DEC     A               ; Count them
  2394  1004  444d                      LD      BC,HL           ; MSB, LSB of pointer
  2395  1006  c2ef0f                    JP      NZ,FNDELP       ; More - Keep going
  2396  1009  29                        ADD     HL,HL           ; 4 Bytes per element
  2397  100a  29                        ADD     HL,HL
  2398  100b  c1                        POP     BC              ; Start of array
  2399  100c  09                        ADD     HL,BC           ; Point to element
  2400  100d  eb                        EX      DE,HL           ; Address of element to DE
  2401  100e  2ac722            ENDDIM: LD      HL,(NXTOPR)     ; Got code string address
  2402  1011  c9                        RET
  2403                          
  2404  1012  2ad122            FRE:    LD      HL,(ARREND)     ; Start of free memory
  2405  1015  eb                        EX      DE,HL           ; To DE
  2406  1016  210000                    LD      HL,0            ; End of free memory
  2407  1019  39                        ADD     HL,SP           ; Current stack value
  2408  101a  3aa422                    LD      A,(TYPE)        ; Dummy argument type
  2409  101d  b7                        OR      A
  2410  101e  ca2e10                    JP      Z,FRENUM        ; Numeric - Free variable space
  2411  1021  cda012                    CALL    GSTRCU          ; Current string to pool
  2412  1024  cda411                    CALL    GARBGE          ; Garbage collection
  2413  1027  2a5122                    LD      HL,(STRSPC)     ; Bottom of string space in use
  2414  102a  eb                        EX      DE,HL           ; To DE
  2415  102b  2aba22                    LD      HL,(STRBOT)     ; Bottom of string space
  2416  102e  7d                FRENUM: LD      A,L             ; Get LSB of end
  2417  102f  93                        SUB     E               ; Subtract LSB of beginning
  2418  1030  4f                        LD      C,A             ; Save difference in C
  2419  1031  7c                        LD      A,H             ; Get MSB of end
  2420  1032  9a                        SBC     A,D             ; Subtract MSB of beginning
  2421  1033  41                ACPASS: LD      B,C             ; Return integer AC
  2422  1034  50                ABPASS: LD      D,B             ; Return integer AB
  2423  1035  1e00                      LD      E,0
  2424  1037  21a422                    LD      HL,TYPE         ; Point to type
  2425  103a  73                        LD      (HL),E          ; Set type to numeric
  2426  103b  0690                      LD      B,80H+16        ; 16 bit integer
  2427  103d  c37d16                    JP      RETINT          ; Return the integr
  2428                          
  2429  1040  3aa222            POS:    LD      A,(CURPOS)      ; Get cursor position
  2430  1043  47                PASSA:  LD      B,A             ; Put A into AB
  2431  1044  af                        XOR     A               ; Zero A
  2432  1045  c33410                    JP      ABPASS          ; Return integer AB
  2433                          
  2434  1048  cdd310            DEF:    CALL    CHEKFN          ; Get "FN" and name
  2435  104b  cdc510                    CALL    IDTEST          ; Test for illegal direct
  2436  104e  018609                    LD      BC,DATA         ; To get next statement
  2437  1051  c5                        PUSH    BC              ; Save address for RETurn
  2438  1052  d5                        PUSH    DE              ; Save address of function ptr
  2439  1053  cd5a06                    CALL    CHKSYN          ; Make sure "(" follows
  2440  1056  28                        DEFB    "("
  2441  1057  cd700e                    CALL    GETVAR          ; Get argument variable name
  2442  105a  e5                        PUSH    HL              ; Save code string address
  2443  105b  eb                        EX      DE,HL           ; Argument address to HL
  2444  105c  2b                        DEC     HL
  2445  105d  56                        LD      D,(HL)          ; Get first byte of arg name
  2446  105e  2b                        DEC     HL
  2447  105f  5e                        LD      E,(HL)          ; Get second byte of arg name
  2448  1060  e1                        POP     HL              ; Restore code string address
  2449  1061  cd860c                    CALL    TSTNUM          ; Make sure numeric argument
  2450  1064  cd5a06                    CALL    CHKSYN          ; Make sure ")" follows
  2451  1067  29                        DEFB    ")"
  2452  1068  cd5a06                    CALL    CHKSYN          ; Make sure "=" follows
  2453  106b  b4                        DEFB    ZEQUAL          ; "=" token
  2454  106c  444d                      LD      BC,HL           ; Code string address to BC
  2455  106e  e3                        EX      (SP),HL         ; Save code str , Get FN ptr
  2456  106f  71                        LD      (HL),C          ; Save LSB of FN code string
  2457  1070  23                        INC     HL
  2458  1071  70                        LD      (HL),B          ; Save MSB of FN code string
  2459  1072  c31211                    JP      SVSTAD          ; Save address and do function
  2460                          
  2461  1075  cdd310            DOFN:   CALL    CHEKFN          ; Make sure FN follows
  2462  1078  d5                        PUSH    DE              ; Save function pointer address
  2463  1079  cd4c0d                    CALL    EVLPAR          ; Evaluate expression in "()"
  2464  107c  cd860c                    CALL    TSTNUM          ; Make sure numeric result
  2465  107f  e3                        EX      (SP),HL         ; Save code str , Get FN ptr
  2466  1080  5e                        LD      E,(HL)          ; Get LSB of FN code string
  2467  1081  23                        INC     HL
  2468  1082  56                        LD      D,(HL)          ; Get MSB of FN code string
  2469  1083  23                        INC     HL
  2470  1084  7a                        LD      A,D             ; And function DEFined?
  2471  1085  b3                        OR      E
  2472  1086  ca9803                    JP      Z,UFERR         ; No - ?UF Error
  2473  1089  7e                        LD      A,(HL)          ; Get LSB of argument address
  2474  108a  23                        INC     HL
  2475  108b  66                        LD      H,(HL)          ; Get MSB of argument address
  2476  108c  6f                        LD      L,A             ; HL = Arg variable address
  2477  108d  e5                        PUSH    HL              ; Save it
  2478  108e  2ad522                    LD      HL,(FNRGNM)     ; Get old argument name
  2479  1091  e3                        EX      (SP),HL         ; Save old , Get new
  2480  1092  22d522                    LD      (FNRGNM),HL     ; Set new argument name
  2481  1095  2ad922                    LD      HL,(FNARG+2)    ; Get LSB,NLSB of old arg value
  2482  1098  e5                        PUSH    HL              ; Save it
  2483  1099  2ad722                    LD      HL,(FNARG)      ; Get MSB,EXP of old arg value
  2484  109c  e5                        PUSH    HL              ; Save it
  2485  109d  d5                        PUSH    DE              ; Save FN code string address
  2486  109e  11d722                    LD      DE,FNARG        ; DE = Value of argument
  2487  10a1  21db22                    LD      HL,FPREG        ; Move FPREG to argument
  2488  10a4  eda0                      LDI                     ; 4 bytes to move (HL++)->(DE++)
  2489  10a6  eda0                      LDI
  2490  10a8  eda0                      LDI
  2491  10aa  eda0                      LDI
  2492  10ac  e1                        POP     HL              ; Get FN code string address
  2493  10ad  cd830c                    CALL    GETNUM          ; Get value from function
  2494  10b0  2b                        DEC     HL              ; DEC 'cos GETCHR INCs
  2495  10b1  cdea07                    CALL    GETCHR          ; Get next character
  2496  10b4  c28c03                    JP      NZ,SNERR        ; Bad character in FN - Error
  2497  10b7  e1                        POP     HL              ; Get MSB,EXP of old arg
  2498  10b8  22d722                    LD      (FNARG),HL      ; Restore it
  2499  10bb  e1                        POP     HL              ; Get LSB,NLSB of old arg
  2500  10bc  22d922                    LD      (FNARG+2),HL    ; Restore it
  2501  10bf  e1                        POP     HL              ; Get name of old arg
  2502  10c0  22d522                    LD      (FNRGNM),HL     ; Restore it
  2503  10c3  e1                        POP     HL              ; Restore code string address
  2504  10c4  c9                        RET
  2505                          
  2506  10c5  e5                IDTEST: PUSH    HL              ; Save code string address
  2507  10c6  2a5322                    LD      HL,(LINEAT)     ; Get current line number
  2508  10c9  23                        INC     HL              ; -1 means direct statement
  2509  10ca  7c                        LD      A,H
  2510  10cb  b5                        OR      L
  2511  10cc  e1                        POP     HL              ; Restore code string address
  2512  10cd  c0                        RET     NZ              ; Return if in program
  2513  10ce  1e16                      LD      E,ID            ; ?ID Error
  2514  10d0  c3a303                    JP      ERROR
  2515                          
  2516  10d3  cd5a06            CHEKFN: CALL    CHKSYN          ; Make sure FN follows
  2517  10d6  a6                        DEFB    ZFN             ; "FN" token
  2518  10d7  3e80                      LD      A,80H
  2519  10d9  32c222                    LD      (FORFLG),A      ; Flag FN name to find
  2520  10dc  b6                        OR      (HL)            ; FN name has bit 7 set
  2521  10dd  47                        LD      B,A             ; in first byte of name
  2522  10de  cd750e                    CALL    GTFNAM          ; Get FN name
  2523  10e1  c3860c                    JP      TSTNUM          ; Make sure numeric function
  2524                          
  2525  10e4  cd860c            STR:    CALL    TSTNUM          ; Make sure it's a number
  2526  10e7  cd0118                    CALL    NUMASC          ; Turn number into text
  2527  10ea  cd1811            STR1:   CALL    CRTST           ; Create string entry for it
  2528  10ed  cda012                    CALL    GSTRCU          ; Current string to pool
  2529  10f0  01fb12                    LD      BC,TOPOOL       ; Save in string pool
  2530  10f3  c5                        PUSH    BC              ; Save address on stack
  2531                          
  2532  10f4  7e                SAVSTR: LD      A,(HL)          ; Get string length
  2533  10f5  23                        INC     HL
  2534  10f6  23                        INC     HL
  2535  10f7  e5                        PUSH    HL              ; Save pointer to string
  2536  10f8  cd7a11                    CALL    TESTR           ; See if enough string space
  2537  10fb  e1                        POP     HL              ; Restore pointer to string
  2538  10fc  4e                        LD      C,(HL)          ; Get LSB of address
  2539  10fd  23                        INC     HL
  2540  10fe  46                        LD      B,(HL)          ; Get MSB of address
  2541  10ff  cd0c11                    CALL    CRTMST          ; Create string entry
  2542  1102  e5                        PUSH    HL              ; Save pointer to MSB of addr
  2543  1103  6f                        LD      L,A             ; Length of string
  2544  1104  cd9312                    CALL    TOSTRA          ; Move to string area
  2545  1107  d1                        POP     DE              ; Restore pointer to MSB
  2546  1108  c9                        RET
  2547                          
  2548  1109  cd7a11            MKTMST: CALL    TESTR           ; See if enough string space
  2549  110c  21b622            CRTMST: LD      HL,TMPSTR       ; Temporary string
  2550  110f  e5                        PUSH    HL              ; Save it
  2551  1110  77                        LD      (HL),A          ; Save length of string
  2552  1111  23                        INC     HL
  2553  1112  23                SVSTAD: INC     HL
  2554  1113  73                        LD      (HL),E          ; Save LSB of address
  2555  1114  23                        INC     HL
  2556  1115  72                        LD      (HL),D          ; Save MSB of address
  2557  1116  e1                        POP     HL              ; Restore pointer
  2558  1117  c9                        RET
  2559                          
  2560  1118  2b                CRTST:  DEC     HL              ; DEC - INCed after
  2561  1119  0622              QTSTR:  LD      B,'"'           ; Terminating quote
  2562  111b  50                        LD      D,B             ; Quote to D
  2563  111c  e5                DTSTR:  PUSH    HL              ; Save start
  2564  111d  0eff                      LD      C,-1            ; Set counter to -1
  2565  111f  23                QTSTLP: INC     HL              ; Move on
  2566  1120  7e                        LD      A,(HL)          ; Get byte
  2567  1121  0c                        INC     C               ; Count bytes
  2568  1122  b7                        OR      A               ; End of line?
  2569  1123  ca2e11                    JP      Z,CRTSTE        ; Yes - Create string entry
  2570  1126  ba                        CP      D               ; Terminator D found?
  2571  1127  ca2e11                    JP      Z,CRTSTE        ; Yes - Create string entry
  2572  112a  b8                        CP      B               ; Terminator B found?
  2573  112b  c21f11                    JP      NZ,QTSTLP       ; No - Keep looking
  2574  112e  fe22              CRTSTE: CP      '"'             ; End with '"'?
  2575  1130  ccea07                    CALL    Z,GETCHR        ; Yes - Get next character
  2576  1133  e3                        EX      (SP),HL         ; Starting quote
  2577  1134  23                        INC     HL              ; First byte of string
  2578  1135  eb                        EX      DE,HL           ; To DE
  2579  1136  79                        LD      A,C             ; Get length
  2580  1137  cd0c11                    CALL    CRTMST          ; Create string entry
  2581  113a  11b622            TSTOPL: LD      DE,TMPSTR       ; Temporary string
  2582  113d  2aa822                    LD      HL,(TMSTPT)     ; Temporary string pool pointer
  2583  1140  22db22                    LD      (FPREG),HL      ; Save address of string ptr
  2584  1143  3e01                      LD      A,1
  2585  1145  32a422                    LD      (TYPE),A        ; Set type to string
  2586  1148  eb                        EX      DE,HL           ; Move string to pool
  2587  1149  eda0                      LDI                     ; 4 bytes to move (HL++)->(DE++)
  2588  114b  eda0                      LDI
  2589  114d  eda0                      LDI
  2590  114f  eda0                      LDI
  2591  1151  eb                        EX      DE,HL           ; Swap source destination
  2592  1152  cd5406                    CALL    CPDEHL          ; Out of string pool?
  2593  1155  22a822                    LD      (TMSTPT),HL     ; Save new pointer
  2594  1158  e1                        POP     HL              ; Restore code string address
  2595  1159  7e                        LD      A,(HL)          ; Get next code byte
  2596  115a  c0                        RET     NZ              ; Return if pool OK
  2597  115b  1e1e                      LD      E,ST            ; ?ST Error
  2598  115d  c3a303                    JP      ERROR           ; String pool overflow
  2599                          
  2600  1160  23                PRNUMS: INC     HL              ; Skip leading space
  2601  1161  cd1811            PRS:    CALL    CRTST           ; Create string entry for it
  2602  1164  cda012            PRS1:   CALL    GSTRCU          ; Current string to pool
  2603  1167  cdb016                    CALL    LOADFP          ; Move string block to BCDE
  2604  116a  1c                        INC     E               ; Length + 1
  2605  116b  1d                PRSLP:  DEC     E               ; Count characters
  2606  116c  c8                        RET     Z               ; End of string
  2607  116d  0a                        LD      A,(BC)          ; Get byte to output
  2608  116e  cd6506                    CALL    OUTC            ; Output character in A
  2609  1171  fe0d                      CP      CR              ; Return?
  2610  1173  ccb00a                    CALL    Z,DONULL        ; Yes - Do nulls
  2611  1176  03                        INC     BC              ; Next byte in string
  2612  1177  c36b11                    JP      PRSLP           ; More characters to output
  2613                          
  2614  117a  b7                TESTR:  OR      A               ; Test if enough room
  2615  117b  0e                        DEFB    0EH             ; No garbage collection done
  2616  117c  f1                GRBDON: POP     AF              ; Garbage collection done
  2617  117d  f5                        PUSH    AF              ; Save status
  2618  117e  2a5122                    LD      HL,(STRSPC)     ; Bottom of string space in use
  2619  1181  eb                        EX      DE,HL           ; To DE
  2620  1182  2aba22                    LD      HL,(STRBOT)     ; Bottom of string area
  2621  1185  2f                        CPL                     ; Negate length (Top down)
  2622  1186  4f                        LD      C,A             ; -Length to BC
  2623  1187  06ff                      LD      B,-1            ; BC = -ve length of string
  2624  1189  09                        ADD     HL,BC           ; Add to bottom of space in use
  2625  118a  23                        INC     HL              ; Plus one for 2's complement
  2626  118b  cd5406                    CALL    CPDEHL          ; Below string RAM area?
  2627  118e  da9811                    JP      C,TESTOS        ; Tidy up if not done else err
  2628  1191  22ba22                    LD      (STRBOT),HL     ; Save new bottom of area
  2629  1194  23                        INC     HL              ; Point to first byte of string
  2630  1195  eb                        EX      DE,HL           ; Address to DE
  2631  1196  f1                POPAF:  POP     AF              ; Throw away status push
  2632  1197  c9                        RET
  2633                          
  2634  1198  f1                TESTOS: POP     AF              ; Garbage collect been done?
  2635  1199  1e1a                      LD      E,OS            ; ?OS Error
  2636  119b  caa303                    JP      Z,ERROR         ; Yes - Not enough string apace
  2637  119e  bf                        CP      A               ; Flag garbage collect done
  2638  119f  f5                        PUSH    AF              ; Save status
  2639  11a0  017c11                    LD      BC,GRBDON       ; Garbage collection done
  2640  11a3  c5                        PUSH    BC              ; Save for RETurn
  2641  11a4  2aa622            GARBGE: LD      HL,(LSTRAM)     ; Get end of RAM pointer
  2642  11a7  22ba22            GARBLP: LD      (STRBOT),HL     ; Reset string pointer
  2643  11aa  210000                    LD      HL,0
  2644  11ad  e5                        PUSH    HL              ; Flag no string found
  2645  11ae  2a5122                    LD      HL,(STRSPC)     ; Get bottom of string space
  2646  11b1  e5                        PUSH    HL              ; Save bottom of string space
  2647  11b2  21aa22                    LD      HL,TMSTPL       ; Temporary string pool
  2648  11b5  ed5ba822          GRBLP:  LD      DE,(TMSTPT)     ; Temporary string pool pointer
  2649  11b9  cd5406                    CALL    CPDEHL          ; Temporary string pool done?
  2650  11bc  01b511                    LD      BC,GRBLP        ; Loop until string pool done
  2651  11bf  c20512                    JP      NZ,STPOOL       ; No - See if in string area
  2652  11c2  2acd22                    LD      HL,(PROGND)     ; Start of simple variables
  2653  11c5  ed5bcf22          SMPVAR: LD      DE,(VAREND)     ; End of simple variables
  2654  11c9  cd5406                    CALL    CPDEHL          ; All simple strings done?
  2655  11cc  cada11                    JP      Z,ARRLP         ; Yes - Do string arrays
  2656  11cf  7e                        LD      A,(HL)          ; Get type of variable
  2657  11d0  23                        INC     HL
  2658  11d1  23                        INC     HL
  2659  11d2  b7                        OR      A               ; "S" flag set if string
  2660  11d3  cd0812                    CALL    STRADD          ; See if string in string area
  2661  11d6  c3c511                    JP      SMPVAR          ; Loop until simple ones done
  2662                          
  2663  11d9  c1                GNXARY: POP     BC              ; Scrap address of this array
  2664  11da  ed5bd122          ARRLP:  LD      DE,(ARREND)     ; End of string arrays
  2665  11de  cd5406                    CALL    CPDEHL          ; All string arrays done?
  2666  11e1  ca2e12                    JP      Z,SCNEND        ; Yes - Move string if found
  2667  11e4  cdb016                    CALL    LOADFP          ; Get array name to BCDE
  2668  11e7  7b                        LD      A,E             ; Get type of array
  2669  11e8  e5                        PUSH    HL              ; Save address of num of dim'ns
  2670  11e9  09                        ADD     HL,BC           ; Start of next array
  2671  11ea  b7                        OR      A               ; Test type of array
  2672  11eb  f2d911                    JP      P,GNXARY        ; Numeric array - Ignore it
  2673  11ee  22bc22                    LD      (CUROPR),HL     ; Save address of next array
  2674  11f1  e1                        POP     HL              ; Get address of num of dim'ns
  2675  11f2  4e                        LD      C,(HL)          ; BC = Number of dimensions
  2676  11f3  0600                      LD      B,0
  2677  11f5  09                        ADD     HL,BC           ; Two bytes per dimension size
  2678  11f6  09                        ADD     HL,BC
  2679  11f7  23                        INC     HL              ; Plus one for number of dim'ns
  2680  11f8  ed5bbc22          GRBARY: LD      DE,(CUROPR)     ; Get address of next array
  2681  11fc  cd5406                    CALL    CPDEHL          ; Is this array finished?
  2682  11ff  cada11                    JP      Z,ARRLP         ; Yes - Get next one
  2683  1202  01f811                    LD      BC,GRBARY       ; Loop until array all done
  2684  1205  c5                STPOOL: PUSH    BC              ; Save return address
  2685  1206  f680                      OR      80H             ; Flag string type
  2686  1208  7e                STRADD: LD      A,(HL)          ; Get string length
  2687  1209  23                        INC     HL
  2688  120a  23                        INC     HL
  2689  120b  5e                        LD      E,(HL)          ; Get LSB of string address
  2690  120c  23                        INC     HL
  2691  120d  56                        LD      D,(HL)          ; Get MSB of string address
  2692  120e  23                        INC     HL
  2693  120f  f0                        RET     P               ; Not a string - Return
  2694  1210  b7                        OR      A               ; Set flags on string length
  2695  1211  c8                        RET     Z               ; Null string - Return
  2696  1212  444d                      LD      BC,HL           ; Save variable pointer
  2697  1214  2aba22                    LD      HL,(STRBOT)     ; Bottom of new area
  2698  1217  cd5406                    CALL    CPDEHL          ; String been done?
  2699  121a  6069                      LD      HL,BC           ; Restore variable pointer
  2700  121c  d8                        RET     C               ; String done - Ignore
  2701  121d  e1                        POP     HL              ; Return address
  2702  121e  e3                        EX      (SP),HL         ; Lowest available string area
  2703  121f  cd5406                    CALL    CPDEHL          ; String within string area?
  2704  1222  e3                        EX      (SP),HL         ; Lowest available string area
  2705  1223  e5                        PUSH    HL              ; Re-save return address
  2706  1224  6069                      LD      HL,BC           ; Restore variable pointer
  2707  1226  d0                        RET     NC              ; Outside string area - Ignore
  2708  1227  c1                        POP     BC              ; Get return , Throw 2 away
  2709  1228  f1                        POP     AF              ;
  2710  1229  f1                        POP     AF              ;
  2711  122a  e5                        PUSH    HL              ; Save variable pointer
  2712  122b  d5                        PUSH    DE              ; Save address of current
  2713  122c  c5                        PUSH    BC              ; Put back return address
  2714  122d  c9                        RET                     ; Go to it
  2715                          
  2716  122e  d1                SCNEND: POP     DE              ; Addresses of strings
  2717  122f  e1                        POP     HL              ;
  2718  1230  7d                        LD      A,L             ; HL = 0 if no more to do
  2719  1231  b4                        OR      H
  2720  1232  c8                        RET     Z               ; No more to do - Return
  2721  1233  2b                        DEC     HL
  2722  1234  46                        LD      B,(HL)          ; MSB of address of string
  2723  1235  2b                        DEC     HL
  2724  1236  4e                        LD      C,(HL)          ; LSB of address of string
  2725  1237  e5                        PUSH    HL              ; Save variable address
  2726  1238  2b                        DEC     HL
  2727  1239  2b                        DEC     HL
  2728  123a  6e                        LD      L,(HL)          ; HL = Length of string
  2729  123b  2600                      LD      H,0
  2730  123d  09                        ADD     HL,BC           ; Address of end of string+1
  2731  123e  50                        LD      D,B             ; String address to DE
  2732  123f  59                        LD      E,C
  2733  1240  2b                        DEC     HL              ; Last byte in string
  2734  1241  444d                      LD      BC,HL           ; Address to BC
  2735  1243  2aba22                    LD      HL,(STRBOT)     ; Current bottom of string area
  2736  1246  cd5b03                    CALL    MOVSTR          ; Move string to new address
  2737  1249  e1                        POP     HL              ; Restore variable address
  2738  124a  71                        LD      (HL),C          ; Save new LSB of address
  2739  124b  23                        INC     HL
  2740  124c  70                        LD      (HL),B          ; Save new MSB of address
  2741  124d  6069                      LD      HL,BC           ; Next string area+1 to HL
  2742  124f  2b                        DEC     HL              ; Next string area address
  2743  1250  c3a711                    JP      GARBLP          ; Look for more strings
  2744                          
  2745  1253  c5                CONCAT: PUSH    BC              ; Save prec' opr & code string
  2746  1254  e5                        PUSH    HL              ;
  2747  1255  2adb22                    LD      HL,(FPREG)      ; Get first string
  2748  1258  e3                        EX      (SP),HL         ; Save first string
  2749  1259  cd0f0d                    CALL    OPRND           ; Get second string
  2750  125c  e3                        EX      (SP),HL         ; Restore first string
  2751  125d  cd870c                    CALL    TSTSTR          ; Make sure it's a string
  2752  1260  7e                        LD      A,(HL)          ; Get length of second string
  2753  1261  e5                        PUSH    HL              ; Save first string
  2754  1262  2adb22                    LD      HL,(FPREG)      ; Get second string
  2755  1265  e5                        PUSH    HL              ; Save second string
  2756  1266  86                        ADD     A,(HL)          ; Add length of second string
  2757  1267  1e1c                      LD      E,LS            ; ?LS Error
  2758  1269  daa303                    JP      C,ERROR         ; String too long - Error
  2759  126c  cd0911                    CALL    MKTMST          ; Make temporary string
  2760  126f  d1                        POP     DE              ; Get second string to DE
  2761  1270  cda412                    CALL    GSTRDE          ; Move to string pool if needed
  2762  1273  e3                        EX      (SP),HL         ; Get first string
  2763  1274  cda312                    CALL    GSTRHL          ; Move to string pool if needed
  2764  1277  e5                        PUSH    HL              ; Save first string
  2765  1278  2ab822                    LD      HL,(TMPSTR+2)   ; Temporary string address
  2766  127b  eb                        EX      DE,HL           ; To DE
  2767  127c  cd8a12                    CALL    SSTSA           ; First string to string area
  2768  127f  cd8a12                    CALL    SSTSA           ; Second string to string area
  2769  1282  21a10c                    LD      HL,EVAL2        ; Return to evaluation loop
  2770  1285  e3                        EX      (SP),HL         ; Save return,get code string
  2771  1286  e5                        PUSH    HL              ; Save code string address
  2772  1287  c33a11                    JP      TSTOPL          ; To temporary string to pool
  2773                          
  2774  128a  e1                SSTSA:  POP     HL              ; Return address
  2775  128b  e3                        EX      (SP),HL         ; Get string block,save return
  2776  128c  7e                        LD      A,(HL)          ; Get length of string
  2777  128d  23                        INC     HL
  2778  128e  23                        INC     HL
  2779  128f  4e                        LD      C,(HL)          ; Get LSB of string address
  2780  1290  23                        INC     HL
  2781  1291  46                        LD      B,(HL)          ; Get MSB of string address
  2782  1292  6f                        LD      L,A             ; Length to L
  2783  1293  2c                TOSTRA: INC     L               ; INC - DECed after
  2784  1294  2d                TSALP:  DEC     L               ; Count bytes moved
  2785  1295  c8                        RET     Z               ; End of string - Return
  2786  1296  0a                        LD      A,(BC)          ; Get source
  2787  1297  12                        LD      (DE),A          ; Save destination
  2788  1298  03                        INC     BC              ; Next source
  2789  1299  13                        INC     DE              ; Next destination
  2790  129a  c39412                    JP      TSALP           ; Loop until string moved
  2791                          
  2792  129d  cd870c            GETSTR: CALL    TSTSTR          ; Make sure it's a string
  2793  12a0  2adb22            GSTRCU: LD      HL,(FPREG)      ; Get current string
  2794  12a3  eb                GSTRHL: EX      DE,HL           ; Save DE
  2795  12a4  cdbe12            GSTRDE: CALL    BAKTMP          ; Was it last tmp-str?
  2796  12a7  eb                        EX      DE,HL           ; Restore DE
  2797  12a8  c0                        RET     NZ              ; No - Return
  2798  12a9  d5                        PUSH    DE              ; Save string
  2799  12aa  50                        LD      D,B             ; String block address to DE
  2800  12ab  59                        LD      E,C
  2801  12ac  1b                        DEC     DE              ; Point to length
  2802  12ad  4e                        LD      C,(HL)          ; Get string length
  2803  12ae  2aba22                    LD      HL,(STRBOT)     ; Current bottom of string area
  2804  12b1  cd5406                    CALL    CPDEHL          ; Last one in string area?
  2805  12b4  c2bc12                    JP      NZ,POPHL        ; No - Return
  2806  12b7  47                        LD      B,A             ; Clear B (A=0)
  2807  12b8  09                        ADD     HL,BC           ; Remove string from str' area
  2808  12b9  22ba22                    LD      (STRBOT),HL     ; Save new bottom of str' area
  2809                          POPHRT:                         ; Restore address of number
  2810  12bc  e1                POPHL:  POP     HL              ; Restore string
  2811  12bd  c9                        RET
  2812                          
  2813  12be  2aa822            BAKTMP: LD      HL,(TMSTPT)     ; Get temporary string pool top
  2814  12c1  2b                        DEC     HL              ; Back
  2815  12c2  46                        LD      B,(HL)          ; Get MSB of address
  2816  12c3  2b                        DEC     HL              ; Back
  2817  12c4  4e                        LD      C,(HL)          ; Get LSB of address
  2818  12c5  2b                        DEC     HL              ; Back
  2819  12c6  2b                        DEC     HL              ; Back
  2820  12c7  cd5406                    CALL    CPDEHL          ; String last in string pool?
  2821  12ca  c0                        RET     NZ              ; Yes - Leave it
  2822  12cb  22a822                    LD      (TMSTPT),HL     ; Save new string pool top
  2823  12ce  c9                        RET
  2824                          
  2825  12cf  014310            LEN:    LD      BC,PASSA        ; To return integer A
  2826  12d2  c5                        PUSH    BC              ; Save address
  2827  12d3  cd9d12            GETLEN: CALL    GETSTR          ; Get string and its length
  2828  12d6  af                        XOR     A
  2829  12d7  57                        LD      D,A             ; Clear D
  2830  12d8  32a422                    LD      (TYPE),A        ; Set type to numeric
  2831  12db  7e                        LD      A,(HL)          ; Get length of string
  2832  12dc  b7                        OR      A               ; Set status flags
  2833  12dd  c9                        RET
  2834                          
  2835  12de  014310            ASC:    LD      BC,PASSA        ; To return integer A
  2836  12e1  c5                        PUSH    BC              ; Save address
  2837  12e2  cdd312            GTFLNM: CALL    GETLEN          ; Get length of string
  2838  12e5  cab608                    JP      Z,FCERR         ; Null string - Error
  2839  12e8  23                        INC     HL
  2840  12e9  23                        INC     HL
  2841  12ea  5e                        LD      E,(HL)          ; Get LSB of address
  2842  12eb  23                        INC     HL
  2843  12ec  56                        LD      D,(HL)          ; Get MSB of address
  2844  12ed  1a                        LD      A,(DE)          ; Get first byte of string
  2845  12ee  c9                        RET
  2846                          
  2847  12ef  3e01              CHR:    LD      A,1             ; One character string
  2848  12f1  cd0911                    CALL    MKTMST          ; Make a temporary string
  2849  12f4  cdd413                    CALL    MAKINT          ; Make it integer A
  2850  12f7  2ab822                    LD      HL,(TMPSTR+2)   ; Get address of string
  2851  12fa  73                        LD      (HL),E          ; Save character
  2852  12fb  c1                TOPOOL: POP     BC              ; Clean up stack
  2853  12fc  c33a11                    JP      TSTOPL          ; Temporary string to pool
  2854                          
  2855  12ff  cd8413            LEFT:   CALL    LFRGNM          ; Get number and ending ")"
  2856  1302  af                        XOR     A               ; Start at first byte in string
  2857  1303  e3                RIGHT1: EX      (SP),HL         ; Save code string,Get string
  2858  1304  4f                        LD      C,A             ; Starting position in string
  2859  1305  e5                MID1:   PUSH    HL              ; Save string block address
  2860  1306  7e                        LD      A,(HL)          ; Get length of string
  2861  1307  b8                        CP      B               ; Compare with number given
  2862  1308  da0d13                    JP      C,ALLFOL        ; All following bytes required
  2863  130b  78                        LD      A,B             ; Get new length
  2864  130c  11                        DEFB    11H             ; Skip "LD C,0"
  2865  130d  0e00              ALLFOL: LD      C,0             ; First byte of string
  2866  130f  c5                        PUSH    BC              ; Save position in string
  2867  1310  cd7a11                    CALL    TESTR           ; See if enough string space
  2868  1313  c1                        POP     BC              ; Get position in string
  2869  1314  e1                        POP     HL              ; Restore string block address
  2870  1315  e5                        PUSH    HL              ; And re-save it
  2871  1316  23                        INC     HL
  2872  1317  23                        INC     HL
  2873  1318  46                        LD      B,(HL)          ; Get LSB of address
  2874  1319  23                        INC     HL
  2875  131a  66                        LD      H,(HL)          ; Get MSB of address
  2876  131b  68                        LD      L,B             ; HL = address of string
  2877  131c  0600                      LD      B,0             ; BC = starting address
  2878  131e  09                        ADD     HL,BC           ; Point to that byte
  2879  131f  444d                      LD      BC,HL           ; BC = source string
  2880  1321  cd0c11                    CALL    CRTMST          ; Create a string entry
  2881  1324  6f                        LD      L,A             ; Length of new string
  2882  1325  cd9312                    CALL    TOSTRA          ; Move string to string area
  2883  1328  d1                        POP     DE              ; Clear stack
  2884  1329  cda412                    CALL    GSTRDE          ; Move to string pool if needed
  2885  132c  c33a11                    JP      TSTOPL          ; Temporary string to pool
  2886                          
  2887  132f  cd8413            RIGHT:  CALL    LFRGNM          ; Get number and ending ")"
  2888  1332  d1                        POP     DE              ; Get string length
  2889  1333  d5                        PUSH    DE              ; And re-save
  2890  1334  1a                        LD      A,(DE)          ; Get length
  2891  1335  90                        SUB     B               ; Move back N bytes
  2892  1336  c30313                    JP      RIGHT1          ; Go and get sub-string
  2893                          
  2894  1339  eb                MID:    EX      DE,HL           ; Get code string address
  2895  133a  7e                        LD      A,(HL)          ; Get next byte ',' or ")"
  2896  133b  cd8913                    CALL    MIDNUM          ; Get number supplied
  2897  133e  04                        INC     B               ; Is it character zero?
  2898  133f  05                        DEC     B
  2899  1340  cab608                    JP      Z,FCERR         ; Yes - Error
  2900  1343  c5                        PUSH    BC              ; Save starting position
  2901  1344  1eff                      LD      E,255           ; All of string
  2902  1346  fe29                      CP      ')'             ; Any length given?
  2903  1348  ca5213                    JP      Z,RSTSTR        ; No - Rest of string
  2904  134b  cd5a06                    CALL    CHKSYN          ; Make sure ',' follows
  2905  134e  2c                        DEFB    ','
  2906  134f  cdd113                    CALL    GETINT          ; Get integer 0-255
  2907  1352  cd5a06            RSTSTR: CALL    CHKSYN          ; Make sure ")" follows
  2908  1355  29                        DEFB    ")"
  2909  1356  f1                        POP     AF              ; Restore starting position
  2910  1357  e3                        EX      (SP),HL         ; Get string,8ave code string
  2911  1358  010513                    LD      BC,MID1         ; Continuation of MID$ routine
  2912  135b  c5                        PUSH    BC              ; Save for return
  2913  135c  3d                        DEC     A               ; Starting position-1
  2914  135d  be                        CP      (HL)            ; Compare with length
  2915  135e  0600                      LD      B,0             ; Zero bytes length
  2916  1360  d0                        RET     NC              ; Null string if start past end
  2917  1361  4f                        LD      C,A             ; Save starting position-1
  2918  1362  7e                        LD      A,(HL)          ; Get length of string
  2919  1363  91                        SUB     C               ; Subtract start
  2920  1364  bb                        CP      E               ; Enough string for it?
  2921  1365  47                        LD      B,A             ; Save maximum length available
  2922  1366  d8                        RET     C               ; Truncate string if needed
  2923  1367  43                        LD      B,E             ; Set specified length
  2924  1368  c9                        RET                     ; Go and create string
  2925                          
  2926  1369  cdd312            VAL:    CALL    GETLEN          ; Get length of string
  2927  136c  ca7b14                    JP      Z,RESZER        ; Result zero
  2928  136f  5f                        LD      E,A             ; Save length
  2929  1370  23                        INC     HL
  2930  1371  23                        INC     HL
  2931  1372  7e                        LD      A,(HL)          ; Get LSB of address
  2932  1373  23                        INC     HL
  2933  1374  66                        LD      H,(HL)          ; Get MSB of address
  2934  1375  6f                        LD      L,A             ; HL = String address
  2935  1376  e5                        PUSH    HL              ; Save string address
  2936  1377  19                        ADD     HL,DE
  2937  1378  46                        LD      B,(HL)          ; Get end of string+1 byte
  2938  1379  72                        LD      (HL),D          ; Zero it to terminate
  2939  137a  e3                        EX      (SP),HL         ; Save string end,get start
  2940  137b  c5                        PUSH    BC              ; Save end+1 byte
  2941  137c  7e                        LD      A,(HL)          ; Get starting byte
  2942  137d  cd5e17                    CALL    ASCTFP          ; Convert ASCII string to FP
  2943  1380  c1                        POP     BC              ; Restore end+1 byte
  2944  1381  e1                        POP     HL              ; Restore end+1 address
  2945  1382  70                        LD      (HL),B          ; Put back original byte
  2946  1383  c9                        RET
  2947                          
  2948  1384  eb                LFRGNM: EX      DE,HL           ; Code string address to HL
  2949  1385  cd5a06                    CALL    CHKSYN          ; Make sure ")" follows
  2950  1388  29                        DEFB    ")"
  2951  1389  c1                MIDNUM: POP     BC              ; Get return address
  2952  138a  d1                        POP     DE              ; Get number supplied
  2953  138b  c5                        PUSH    BC              ; Re-save return address
  2954  138c  43                        LD      B,E             ; Number to B
  2955  138d  c9                        RET
  2956                          
  2957  138e  cdd413            INP:    CALL    MAKINT          ; Make it integer A
  2958  1391  323f22                    LD      (INPORT),A      ; Set input port
  2959  1394  cd3e22                    CALL    INPSUB          ; Get input from port
  2960  1397  c34310                    JP      PASSA           ; Return integer A
  2961                          
  2962  139a  cdbe13            POUT:   CALL    SETIO           ; Set up port number
  2963  139d  c30622                    JP      OUTSUB          ; Output data and return
  2964                          
  2965  13a0  cdbe13            WAIT:   CALL    SETIO           ; Set up port number
  2966  13a3  f5                        PUSH    AF              ; Save AND mask
  2967  13a4  1e00                      LD      E,0             ; Assume zero if none given
  2968  13a6  2b                        DEC     HL              ; DEC 'cos GETCHR INCs
  2969  13a7  cdea07                    CALL    GETCHR          ; Get next character
  2970  13aa  cab413                    JP      Z,NOXOR         ; No XOR byte given
  2971  13ad  cd5a06                    CALL    CHKSYN          ; Make sure ',' follows
  2972  13b0  2c                        DEFB    ','
  2973  13b1  cdd113                    CALL    GETINT          ; Get integer 0-255 to XOR with
  2974  13b4  c1                NOXOR:  POP     BC              ; Restore AND mask
  2975  13b5  cd3e22            WAITLP: CALL    INPSUB          ; Get input
  2976  13b8  ab                        XOR     E               ; Flip selected bits
  2977  13b9  a0                        AND     B               ; Result non-zero?
  2978  13ba  cab513                    JP      Z,WAITLP        ; No = keep waiting
  2979  13bd  c9                        RET
  2980                          
  2981  13be  cdd113            SETIO:  CALL    GETINT          ; Get integer 0-255
  2982  13c1  323f22                    LD      (INPORT),A      ; Set input port
  2983  13c4  320722                    LD      (OTPORT),A      ; Set output port
  2984  13c7  cd5a06                    CALL    CHKSYN          ; Make sure ',' follows
  2985  13ca  2c                        DEFB    ','
  2986  13cb  c3d113                    JP      GETINT          ; Get integer 0-255 and return
  2987                          
  2988  13ce  cdea07            FNDNUM: CALL    GETCHR          ; Get next character
  2989  13d1  cd830c            GETINT: CALL    GETNUM          ; Get a number from 0 to 255
  2990  13d4  cd9b08            MAKINT: CALL    DEPINT          ; Make sure value 0 - 255
  2991  13d7  7a                        LD      A,D             ; Get MSB of number
  2992  13d8  b7                        OR      A               ; Zero?
  2993  13d9  c2b608                    JP      NZ,FCERR        ; No - Error
  2994  13dc  2b                        DEC     HL              ; DEC 'cos GETCHR INCs
  2995  13dd  cdea07                    CALL    GETCHR          ; Get next character
  2996  13e0  7b                        LD      A,E             ; Get number to A
  2997  13e1  c9                        RET
  2998                          
  2999  13e2  cda108            PEEK:   CALL    DEINT           ; Get memory address
  3000  13e5  1a                        LD      A,(DE)          ; Get byte in memory
  3001  13e6  c34310                    JP      PASSA           ; Return integer A
  3002                          
  3003  13e9  cd830c            POKE:   CALL    GETNUM          ; Get memory address
  3004  13ec  cda108                    CALL    DEINT           ; Get integer -32768 to 3276
  3005  13ef  d5                        PUSH    DE              ; Save memory address
  3006  13f0  cd5a06                    CALL    CHKSYN          ; Make sure ',' follows
  3007  13f3  2c                        DEFB    ','
  3008  13f4  cdd113                    CALL    GETINT          ; Get integer 0-255
  3009  13f7  d1                        POP     DE              ; Restore memory address
  3010  13f8  12                        LD      (DE),A          ; Load it into memory
  3011  13f9  c9                        RET
  3012                          
  3013  13fa  21e818            ROUND:  LD      HL,HALF         ; Add 0.5 to FPREG
  3014  13fd  cdb016            ADDPHL: CALL    LOADFP          ; Load FP at (HL) to BCDE
  3015  1400  c30c14                    JP      FPADD           ; Add BCDE to FPREG
  3016                          
  3017  1403  cdb016            SUBPHL: CALL    LOADFP          ; FPREG = -FPREG + number at HL
  3018  1406  21                        DEFB    21H             ; Skip "POP BC" and "POP DE"
  3019  1407  c1                PSUB:   POP     BC              ; Get FP number from stack
  3020  1408  d1                        POP     DE
  3021  1409  cd8f16            SUBCDE: CALL    INVSGN          ; Negate FPREG
  3022  140c  78                FPADD:  LD      A,B             ; Get FP exponent
  3023  140d  b7                        OR      A               ; Is number zero?
  3024  140e  c8                        RET     Z               ; Yes - Nothing to add
  3025  140f  3ade22                    LD      A,(FPEXP)       ; Get exponent of FPREG
  3026  1412  b7                        OR      A               ; Is this number zero?
  3027  1413  caa814                    JP      Z,FPBCDE        ; Yes - Move BCDE to FPREG
  3028  1416  90                        SUB     B               ; BCDE number larger?
  3029  1417  d22e14                    JP      NC,NOSWAP       ; No - Don't swap them
  3030  141a  2f                        CPL                     ; Two's complement
  3031  141b  3c                        INC     A               ; FP exponent
  3032  141c  2adb22                    LD      HL,(FPREG)      ; LSB,NLSB of FPREG
  3033  141f  e5                        PUSH    HL              ; Stack them
  3034  1420  2add22                    LD      HL,(FPREG+2)    ; MSB and exponent of FPREG
  3035  1423  e5                        PUSH    HL              ; Stack them
  3036  1424  ed53db22                  LD      (FPREG),DE      ; Move BCDE to FPREG
  3037  1428  ed43dd22                  LD      (FPREG+2),BC
  3038  142c  c1                        POP     BC              ; Restore number from stack
  3039  142d  d1                        POP     DE
  3040  142e  fe19              NOSWAP: CP      24+1            ; Second number insignificant?
  3041  1430  d0                        RET     NC              ; Yes - First number is result
  3042  1431  f5                        PUSH    AF              ; Save number of bits to scale
  3043  1432  cdb916                    CALL    SIGNS           ; Set MSBs & sign of result
  3044  1435  67                        LD      H,A             ; Save sign of result
  3045  1436  f1                        POP     AF              ; Restore scaling factor
  3046  1437  cdde14                    CALL    SCALE           ; Scale BCDE to same exponent
  3047  143a  b4                        OR      H               ; Result to be positive?
  3048  143b  21db22                    LD      HL,FPREG        ; Point to FPREG
  3049  143e  f25514                    JP      P,MINCDE        ; No - Subtract FPREG from CDE
  3050  1441  cdbe14                    CALL    PLUCDE          ; Add FPREG to CDE
  3051  1444  d29914                    JP      NC,RONDUP       ; No overflow - Round it up
  3052  1447  23                        INC     HL              ; Point to exponent
  3053  1448  34                        INC     (HL)            ; Increment it
  3054  1449  ca9b03                    JP      Z,OVERR         ; Number overflowed - Error
  3055  144c  2e01                      LD      L,1             ; 1 bit to shift right
  3056  144e  4f                        LD      C,A             ; Save MSB of BCDE
  3057  144f  cdf314                    CALL    SHRT1           ; Shift result right
  3058  1452  c39914                    JP      RONDUP          ; Round it up
  3059                          
  3060  1455  af                MINCDE: XOR     A               ; Clear A and carry
  3061  1456  90                        SUB     B               ; Negate exponent
  3062  1457  47                        LD      B,A             ; Re-save exponent
  3063  1458  7e                        LD      A,(HL)          ; Get LSB of FPREG
  3064  1459  9b                        SBC     A, E            ; Subtract LSB of BCDE
  3065  145a  5f                        LD      E,A             ; Save LSB of BCDE
  3066  145b  23                        INC     HL
  3067  145c  7e                        LD      A,(HL)          ; Get NMSB of FPREG
  3068  145d  9a                        SBC     A,D             ; Subtract NMSB of BCDE
  3069  145e  57                        LD      D,A             ; Save NMSB of BCDE
  3070  145f  23                        INC     HL
  3071  1460  7e                        LD      A,(HL)          ; Get MSB of FPREG
  3072  1461  99                        SBC     A,C             ; Subtract MSB of BCDE
  3073  1462  4f                        LD      C,A             ; Save MSB of BCDE
  3074  1463  dcca14            CONPOS: CALL    C,COMPL         ; Overflow - Make it positive
  3075                          
  3076  1466  68                BNORM:  LD      L,B             ; L = Exponent
  3077  1467  63                        LD      H,E             ; H = LSB
  3078  1468  af                        XOR     A
  3079  1469  47                BNRMLP: LD      B,A             ; Save bit count
  3080  146a  79                        LD      A,C             ; Get MSB
  3081  146b  b7                        OR      A               ; Is it zero?
  3082  146c  c28614                    JP      NZ,PNORM        ; No - Do it bit at a time
  3083  146f  4a                        LD      C,D             ; MSB = NMSB
  3084  1470  54                        LD      D,H             ; NMSB= LSB
  3085  1471  65                        LD      H,L             ; LSB = VLSB
  3086  1472  6f                        LD      L,A             ; VLSB= 0
  3087  1473  78                        LD      A,B             ; Get exponent
  3088  1474  d608                      SUB     8               ; Count 8 bits
  3089  1476  fee0                      CP      -24-8           ; Was number zero?
  3090  1478  c26914                    JP      NZ,BNRMLP       ; No - Keep normalising
  3091  147b  af                RESZER: XOR     A               ; Result is zero
  3092  147c  32de22            SAVEXP: LD      (FPEXP),A       ; Save result as zero
  3093  147f  c9                        RET
  3094                          
  3095  1480  05                NORMAL: DEC     B               ; Count bits
  3096  1481  29                        ADD     HL,HL           ; Shift HL left
  3097  1482  cb12                      RL      D               ; Get NMSB, shift left with last bit
  3098  1484  cb11                      RL      C               ; Get MSB, shift left with last bit
  3099  1486  f28014            PNORM:  JP      P,NORMAL        ; Not done - Keep going
  3100  1489  78                        LD      A,B             ; Number of bits shifted
  3101  148a  5c                        LD      E,H             ; Save HL in EB
  3102  148b  45                        LD      B,L
  3103  148c  b7                        OR      A               ; Any shifting done?
  3104  148d  ca9914                    JP      Z,RONDUP        ; No - Round it up
  3105  1490  21de22                    LD      HL,FPEXP        ; Point to exponent
  3106  1493  86                        ADD     A,(HL)          ; Add shifted bits
  3107  1494  77                        LD      (HL),A          ; Re-save exponent
  3108  1495  d27b14                    JP      NC,RESZER       ; Underflow - Result is zero
  3109  1498  c8                        RET     Z               ; Result is zero
  3110  1499  78                RONDUP: LD      A,B             ; Get VLSB of number
  3111  149a  21de22            RONDB:  LD      HL,FPEXP        ; Point to exponent
  3112  149d  b7                        OR      A               ; Any rounding?
  3113  149e  fcb114                    CALL    M,FPROND        ; Yes - Round number up
  3114  14a1  46                        LD      B,(HL)          ; B = Exponent
  3115  14a2  23                        INC     HL
  3116  14a3  7e                        LD      A,(HL)          ; Get sign of result
  3117  14a4  e680                      AND     10000000B       ; Only bit 7 needed
  3118  14a6  a9                        XOR     C               ; Set correct sign
  3119  14a7  4f                        LD      C,A             ; Save correct sign in number
  3120  14a8  ed53db22          FPBCDE: LD      (FPREG),DE      ; Move BCDE to FPREG
  3121  14ac  ed43dd22                  LD      (FPREG+2),BC
  3122  14b0  c9                        RET
  3123                          
  3124  14b1  1c                FPROND: INC     E               ; Round LSB
  3125  14b2  c0                        RET     NZ              ; Return if ok
  3126  14b3  14                        INC     D               ; Round NMSB
  3127  14b4  c0                        RET     NZ              ; Return if ok
  3128  14b5  0c                        INC     C               ; Round MSB
  3129  14b6  c0                        RET     NZ              ; Return if ok
  3130  14b7  0e80                      LD      C,80H           ; Set normal value
  3131  14b9  34                        INC     (HL)            ; Increment exponent
  3132  14ba  c0                        RET     NZ              ; Return if ok
  3133  14bb  c39b03                    JP      OVERR           ; Overflow error
  3134                          
  3135  14be  7e                PLUCDE: LD      A,(HL)          ; Get LSB of FPREG
  3136  14bf  83                        ADD     A,E             ; Add LSB of BCDE
  3137  14c0  5f                        LD      E,A             ; Save LSB of BCDE
  3138  14c1  23                        INC     HL
  3139  14c2  7e                        LD      A,(HL)          ; Get NMSB of FPREG
  3140  14c3  8a                        ADC     A,D             ; Add NMSB of BCDE
  3141  14c4  57                        LD      D,A             ; Save NMSB of BCDE
  3142  14c5  23                        INC     HL
  3143  14c6  7e                        LD      A,(HL)          ; Get MSB of FPREG
  3144  14c7  89                        ADC     A,C             ; Add MSB of BCDE
  3145  14c8  4f                        LD      C,A             ; Save MSB of BCDE
  3146  14c9  c9                        RET
  3147                          
  3148  14ca  21df22            COMPL:  LD      HL,SGNRES       ; Sign of result
  3149  14cd  7e                        LD      A,(HL)          ; Get sign of result
  3150  14ce  2f                        CPL                     ; Negate it
  3151  14cf  77                        LD      (HL),A          ; Put it back
  3152  14d0  af                        XOR     A
  3153  14d1  6f                        LD      L,A             ; Set L to zero
  3154  14d2  90                        SUB     B               ; Negate exponent,set carry
  3155  14d3  47                        LD      B,A             ; Re-save exponent
  3156  14d4  7d                        LD      A,L             ; Load zero
  3157  14d5  9b                        SBC     A,E             ; Negate LSB
  3158  14d6  5f                        LD      E,A             ; Re-save LSB
  3159  14d7  7d                        LD      A,L             ; Load zero
  3160  14d8  9a                        SBC     A,D             ; Negate NMSB
  3161  14d9  57                        LD      D,A             ; Re-save NMSB
  3162  14da  7d                        LD      A,L             ; Load zero
  3163  14db  99                        SBC     A,C             ; Negate MSB
  3164  14dc  4f                        LD      C,A             ; Re-save MSB
  3165  14dd  c9                        RET
  3166                          
  3167  14de  0600              SCALE:  LD      B,0             ; Clear underflow
  3168  14e0  d608              SCALLP: SUB     8               ; 8 bits (a whole byte)?
  3169  14e2  daed14                    JP      C,SHRITE        ; No - Shift right A bits
  3170  14e5  43                        LD      B,E             ; <- Shift
  3171  14e6  5a                        LD      E,D             ; <- right
  3172  14e7  51                        LD      D,C             ; <- eight
  3173  14e8  0e00                      LD      C,0             ; <- bits
  3174  14ea  c3e014                    JP      SCALLP          ; More bits to shift
  3175                          
  3176  14ed  c609              SHRITE: ADD     A,8+1           ; Adjust count
  3177  14ef  6f                        LD      L,A             ; Save bits to shift
  3178  14f0  af                SHRLP:  XOR     A               ; Flag for all done
  3179  14f1  2d                        DEC     L               ; All shifting done?
  3180  14f2  c8                        RET     Z               ; Yes - Return
  3181  14f3  cb19              SHRT1:  RR      C               ; Get MSB, shift it right
  3182  14f5  cb1a                      RR      D               ; Get NMSB,shift right with last bit
  3183  14f7  cb1b                      RR      E               ; Get LSB, shift right with last bit
  3184  14f9  cb18                      RR      B               ; Get underflow, shift right with last bit
  3185  14fb  c3f014                    JP      SHRLP           ; More bits to do
  3186                          
  3187  14fe  00000081          UNITY:  DEFB    000H,000H,000H,081H     ; 1.00000
  3188                          
  3189  1502  03                LOGTAB: DEFB    3                       ; Table used by LOG
  3190  1503  aa561980                  DEFB    0AAH,056H,019H,080H     ; 0.59898
  3191  1507  f1227680                  DEFB    0F1H,022H,076H,080H     ; 0.96147
  3192  150b  45aa3882                  DEFB    045H,0AAH,038H,082H     ; 2.88539
  3193                          
  3194  150f  cd6616            LOG:    CALL    TSTSGN          ; Test sign of value
  3195  1512  b7                        OR      A
  3196  1513  eab608                    JP      PE,FCERR        ; ?FC Error if <= zero
  3197  1516  21de22                    LD      HL,FPEXP        ; Point to exponent
  3198  1519  7e                        LD      A,(HL)          ; Get exponent
  3199  151a  013580                    LD      BC,8035H        ; BCDE = SQR(1/2)
  3200  151d  11f304                    LD      DE,04F3H
  3201  1520  90                        SUB     B               ; Scale value to be < 1
  3202  1521  f5                        PUSH    AF              ; Save scale factor
  3203  1522  70                        LD      (HL),B          ; Save new exponent
  3204  1523  d5                        PUSH    DE              ; Save SQR(1/2)
  3205  1524  c5                        PUSH    BC
  3206  1525  cd0c14                    CALL    FPADD           ; Add SQR(1/2) to value
  3207  1528  c1                        POP     BC              ; Restore SQR(1/2)
  3208  1529  d1                        POP     DE
  3209  152a  04                        INC     B               ; Make it SQR(2)
  3210  152b  cdbb15                    CALL    DVBCDE          ; Divide by SQR(2)
  3211  152e  21fe14                    LD      HL,UNITY        ; Point to 1.
  3212  1531  cd0314                    CALL    SUBPHL          ; Subtract FPREG from 1
  3213  1534  210215                    LD      HL,LOGTAB       ; Coefficient table
  3214  1537  cdbf19                    CALL    SUMSER          ; Evaluate sum of series
  3215  153a  018080                    LD      BC,8080H        ; BCDE = -0.5
  3216  153d  110000                    LD      DE,0000H
  3217  1540  cd0c14                    CALL    FPADD           ; Subtract 0.5 from FPREG
  3218  1543  f1                        POP     AF              ; Restore scale factor
  3219  1544  cdd217                    CALL    RSCALE          ; Re-scale number
  3220  1547  013180            MULLN2: LD      BC,8031H        ; BCDE = Ln(2)
  3221  154a  111872                    LD      DE,7218H
  3222  154d  21                        DEFB    21H             ; Skip "POP BC" and "POP DE"
  3223                          
  3224  154e  c1                MULT:   POP     BC              ; Get number from stack
  3225  154f  d1                        POP     DE
  3226  1550  cd6616            FPMULT: CALL    TSTSGN          ; Test sign of FPREG
  3227  1553  c8                        RET     Z               ; Return zero if zero
  3228  1554  2e00                      LD      L,0             ; Flag add exponents
  3229  1556  cd1f16                    CALL    ADDEXP          ; Add exponents
  3230  1559  79                        LD      A,C             ; Get MSB of multiplier
  3231  155a  32ed22                    LD      (MULVAL),A      ; Save MSB of multiplier
  3232  155d  eb                        EX      DE,HL
  3233  155e  22ee22                    LD      (MULVAL+1),HL   ; Save rest of multiplier
  3234  1561  010000                    LD      BC,0            ; Partial product (BCDE) = zero
  3235  1564  5059                      LD      DE,BC
  3236  1566  216614                    LD      HL,BNORM        ; Address of normalise
  3237  1569  e5                        PUSH    HL              ; Save for return
  3238  156a  217215                    LD      HL,MULT8        ; Address of 8 bit multiply
  3239  156d  e5                        PUSH    HL              ; Save for NMSB,MSB
  3240  156e  e5                        PUSH    HL              ;
  3241  156f  21db22                    LD      HL,FPREG        ; Point to number
  3242  1572  7e                MULT8:  LD      A,(HL)          ; Get LSB of number
  3243  1573  23                        INC     HL              ; Point to NMSB
  3244  1574  b7                        OR      A               ; Test LSB
  3245  1575  ca9e15                    JP      Z,BYTSFT        ; Zero - shift to next byte
  3246  1578  e5                        PUSH    HL              ; Save address of number
  3247  1579  2e08                      LD      L,8             ; 8 bits to multiply by
  3248  157b  1f                MUL8LP: RRA                     ; Shift LSB right
  3249  157c  67                        LD      H,A             ; Save LSB
  3250  157d  79                        LD      A,C             ; Get MSB
  3251  157e  d28c15                    JP      NC,NOMADD       ; Bit was zero - Don't add
  3252  1581  e5                        PUSH    HL              ; Save LSB and count
  3253  1582  2aee22                    LD      HL,(MULVAL+1)   ; Get LSB and NMSB
  3254  1585  19                        ADD     HL,DE           ; Add NMSB and LSB
  3255  1586  eb                        EX      DE,HL           ; Leave sum in DE
  3256  1587  e1                        POP     HL              ; Restore MSB and count
  3257  1588  3aed22                    LD      A,(MULVAL)      ; Get MSB of multiplier
  3258  158b  89                        ADC     A,C             ; Add MSB
  3259  158c  1f                NOMADD: RRA                     ; Shift MSB right
  3260  158d  4f                        LD      C,A             ; Re-save MSB
  3261  158e  7a                        LD      A,D             ; Get NMSB
  3262  158f  1f                        RRA                     ; Shift NMSB right
  3263  1590  57                        LD      D,A             ; Re-save NMSB
  3264  1591  7b                        LD      A,E             ; Get LSB
  3265  1592  1f                        RRA                     ; Shift LSB right
  3266  1593  5f                        LD      E,A             ; Re-save LSB
  3267  1594  78                        LD      A,B             ; Get VLSB
  3268  1595  1f                        RRA                     ; Shift VLSB right
  3269  1596  47                        LD      B,A             ; Re-save VLSB
  3270  1597  2d                        DEC     L               ; Count bits multiplied
  3271  1598  7c                        LD      A,H             ; Get LSB of multiplier
  3272  1599  c27b15                    JP      NZ,MUL8LP       ; More - Do it
  3273  159c  e1                        POP     HL              ; Restore address of number
  3274  159d  c9                        RET
  3275                          
  3276  159e  43                BYTSFT: LD      B,E             ; Shift partial product left
  3277  159f  5a                        LD      E,D
  3278  15a0  51                        LD      D,C
  3279  15a1  4f                        LD      C,A
  3280  15a2  c9                        RET
  3281                          
  3282  15a3  2adb22            DIV10:  LD      HL,(FPREG)      ; LSB,NLSB of FPREG
  3283  15a6  e5                        PUSH    HL              ; Stack them
  3284  15a7  2add22                    LD      HL,(FPREG+2)    ; MSB and exponent of FPREG
  3285  15aa  e5                        PUSH    HL              ; Stack them
  3286  15ab  012084                    LD      BC,8420H        ; BCDE = 10.
  3287  15ae  110000                    LD      DE,0000H
  3288  15b1  ed53db22                  LD      (FPREG),DE      ; Move 10 to FPREG
  3289  15b5  ed43dd22                  LD      (FPREG+2),BC
  3290                          
  3291  15b9  c1                DIV:    POP     BC              ; Get number from stack
  3292  15ba  d1                        POP     DE
  3293  15bb  cd6616            DVBCDE: CALL    TSTSGN          ; Test sign of FPREG
  3294  15be  ca8f03                    JP      Z,DZERR         ; Error if division by zero
  3295  15c1  2eff                      LD      L,-1            ; Flag subtract exponents
  3296  15c3  cd1f16                    CALL    ADDEXP          ; Subtract exponents
  3297  15c6  34                        INC     (HL)            ; Add 2 to exponent to adjust
  3298  15c7  34                        INC     (HL)
  3299  15c8  2b                        DEC     HL              ; Point to MSB
  3300  15c9  7e                        LD      A,(HL)          ; Get MSB of dividend
  3301  15ca  321222                    LD      (DIV3),A        ; Save for subtraction
  3302  15cd  2b                        DEC     HL
  3303  15ce  7e                        LD      A,(HL)          ; Get NMSB of dividend
  3304  15cf  320e22                    LD      (DIV2),A        ; Save for subtraction
  3305  15d2  2b                        DEC     HL
  3306  15d3  7e                        LD      A,(HL)          ; Get LSB of dividend
  3307  15d4  320a22                    LD      (DIV1),A        ; Save for subtraction
  3308  15d7  41                        LD      B,C             ; Get MSB
  3309  15d8  eb                        EX      DE,HL           ; NMSB,LSB to HL
  3310  15d9  af                        XOR     A
  3311  15da  4f                        LD      C,A             ; Clear MSB of quotient
  3312  15db  57                        LD      D,A             ; Clear NMSB of quotient
  3313  15dc  5f                        LD      E,A             ; Clear LSB of quotient
  3314  15dd  321522                    LD      (DIV4),A        ; Clear overflow count
  3315  15e0  e5                DIVLP:  PUSH    HL              ; Save divisor
  3316  15e1  c5                        PUSH    BC
  3317  15e2  7d                        LD      A,L             ; Get LSB of number
  3318  15e3  cd0922                    CALL    DIVSUP          ; Subt' divisor from dividend
  3319  15e6  de00                      SBC     A,0             ; Count for overflows
  3320  15e8  3f                        CCF
  3321  15e9  d2f315                    JP      NC,RESDIV       ; Restore divisor if borrow
  3322  15ec  321522                    LD      (DIV4),A        ; Re-save overflow count
  3323  15ef  f1                        POP     AF              ; Scrap divisor
  3324  15f0  f1                        POP     AF
  3325  15f1  37                        SCF                     ; Set carry to
  3326  15f2  d2                        DEFB    0D2H            ; Skip "POP BC" and "POP HL"
  3327                          
  3328  15f3  c1                RESDIV: POP     BC              ; Restore divisor
  3329  15f4  e1                        POP     HL
  3330  15f5  79                        LD      A,C             ; Get MSB of quotient
  3331  15f6  3c                        INC     A
  3332  15f7  3d                        DEC     A
  3333  15f8  1f                        RRA                     ; Bit 0 to bit 7
  3334  15f9  fa9a14                    JP      M,RONDB         ; Done - Normalise result
  3335  15fc  17                        RLA                     ; Restore carry
  3336  15fd  cb13                      RL      E               ; Get LSB of quotient, double it
  3337  15ff  cb12                      RL      D               ; Get NMSB of quotient, double it
  3338  1601  cb11                      RL      C               ; Get MSB of quotient, double it
  3339  1603  29                        ADD     HL,HL           ; Double NMSB,LSB of divisor
  3340  1604  cb10                      RL      B               ; Get MSB of divisor, double it
  3341  1606  3a1522                    LD      A,(DIV4)        ; Get VLSB of quotient
  3342  1609  17                        RLA                     ; Double it
  3343  160a  321522                    LD      (DIV4),A        ; Put it back
  3344  160d  79                        LD      A,C             ; Get MSB of quotient
  3345  160e  b2                        OR      D               ; Merge NMSB
  3346  160f  b3                        OR      E               ; Merge LSB
  3347  1610  c2e015                    JP      NZ,DIVLP        ; Not done - Keep dividing
  3348  1613  e5                        PUSH    HL              ; Save divisor
  3349  1614  21de22                    LD      HL,FPEXP        ; Point to exponent
  3350  1617  35                        DEC     (HL)            ; Divide by 2
  3351  1618  e1                        POP     HL              ; Restore divisor
  3352  1619  c2e015                    JP      NZ,DIVLP        ; Ok - Keep going
  3353  161c  c39b03                    JP      OVERR           ; Overflow error
  3354                          
  3355  161f  78                ADDEXP: LD      A,B             ; Get exponent of dividend
  3356  1620  b7                        OR      A               ; Test it
  3357  1621  ca4316                    JP      Z,OVTST3        ; Zero - Result zero
  3358  1624  7d                        LD      A,L             ; Get add/subtract flag
  3359  1625  21de22                    LD      HL,FPEXP        ; Point to exponent
  3360  1628  ae                        XOR     (HL)            ; Add or subtract it
  3361  1629  80                        ADD     A,B             ; Add the other exponent
  3362  162a  47                        LD      B,A             ; Save new exponent
  3363  162b  1f                        RRA                     ; Test exponent for overflow
  3364  162c  a8                        XOR     B
  3365  162d  78                        LD      A,B             ; Get exponent
  3366  162e  f24216                    JP      P,OVTST2        ; Positive - Test for overflow
  3367  1631  c680                      ADD     A,80H           ; Add excess 128
  3368  1633  77                        LD      (HL),A          ; Save new exponent
  3369  1634  cabc12                    JP      Z,POPHRT        ; Zero - Result zero
  3370  1637  cdb916                    CALL    SIGNS           ; Set MSBs and sign of result
  3371  163a  77                        LD      (HL),A          ; Save new exponent
  3372  163b  2b                        DEC     HL              ; Point to MSB
  3373  163c  c9                        RET
  3374                          
  3375  163d  cd6616            OVTST1: CALL    TSTSGN          ; Test sign of FPREG
  3376  1640  2f                        CPL                     ; Invert sign
  3377  1641  e1                        POP     HL              ; Clean up stack
  3378  1642  b7                OVTST2: OR      A               ; Test if new exponent zero
  3379  1643  e1                OVTST3: POP     HL              ; Clear off return address
  3380  1644  f27b14                    JP      P,RESZER        ; Result zero
  3381  1647  c39b03                    JP      OVERR           ; Overflow error
  3382                          
  3383  164a  ed5bdb22          MLSP10: LD      DE,(FPREG)      ; Move FPREG to BCDE
  3384  164e  ed4bdd22                  LD      BC,(FPREG+2)
  3385  1652  78                        LD      A,B             ; Get exponent
  3386  1653  b7                        OR      A               ; Is it zero?
  3387  1654  c8                        RET     Z               ; Yes - Result is zero
  3388  1655  c602                      ADD     A,2             ; Multiply by 4
  3389  1657  da9b03                    JP      C,OVERR         ; Overflow - ?OV Error
  3390  165a  47                        LD      B,A             ; Re-save exponent
  3391  165b  cd0c14                    CALL    FPADD           ; Add BCDE to FPREG (Times 5)
  3392  165e  21de22                    LD      HL,FPEXP        ; Point to exponent
  3393  1661  34                        INC     (HL)            ; Double number (Times 10)
  3394  1662  c0                        RET     NZ              ; Ok - Return
  3395  1663  c39b03                    JP      OVERR           ; Overflow error
  3396                          
  3397  1666  3ade22            TSTSGN: LD      A,(FPEXP)       ; Get sign of FPREG
  3398  1669  b7                        OR      A
  3399  166a  c8                        RET     Z               ; RETurn if number is zero
  3400  166b  3add22                    LD      A,(FPREG+2)     ; Get MSB of FPREG
  3401  166e  fe                        DEFB    0FEH            ; Test sign
  3402  166f  2f                RETREL: CPL                     ; Invert sign
  3403  1670  17                        RLA                     ; Sign bit to carry
  3404  1671  9f                FLGDIF: SBC     A,A             ; Carry to all bits of A
  3405  1672  c0                        RET     NZ              ; Return -1 if negative
  3406  1673  3c                        INC     A               ; Bump to +1
  3407  1674  c9                        RET                     ; Positive - Return +1
  3408                          
  3409  1675  cd6616            SGN:    CALL    TSTSGN          ; Test sign of FPREG
  3410  1678  0688              FLGREL: LD      B,80H+8         ; 8 bit integer in exponent
  3411  167a  110000                    LD      DE,0            ; Zero NMSB and LSB
  3412  167d  21de22            RETINT: LD      HL,FPEXP        ; Point to exponent
  3413  1680  4f                        LD      C,A             ; CDE = MSB,NMSB and LSB
  3414  1681  70                        LD      (HL),B          ; Save exponent
  3415  1682  0600                      LD      B,0             ; CDE = integer to normalise
  3416  1684  23                        INC     HL              ; Point to sign of result
  3417  1685  3680                      LD      (HL),80H        ; Set sign of result
  3418  1687  17                        RLA                     ; Carry = sign of integer
  3419  1688  c36314                    JP      CONPOS          ; Set sign of result
  3420                          
  3421  168b  cd6616            ABS:    CALL    TSTSGN          ; Test sign of FPREG
  3422  168e  f0                        RET     P               ; Return if positive
  3423  168f  21dd22            INVSGN: LD      HL,FPREG+2      ; Point to MSB
  3424  1692  7e                        LD      A,(HL)          ; Get sign of mantissa
  3425  1693  ee80                      XOR     80H             ; Invert sign of mantissa
  3426  1695  77                        LD      (HL),A          ; Re-save sign of mantissa
  3427  1696  c9                        RET
  3428                          
  3429  1697  eb                STAKFP: EX      DE,HL           ; Save code string address
  3430  1698  2adb22                    LD      HL,(FPREG)      ; LSB and NLSB of FPREG
  3431  169b  e3                        EX      (SP),HL         ; Stack them,get return
  3432  169c  e5                        PUSH    HL              ; Re-save return
  3433  169d  2add22                    LD      HL,(FPREG+2)    ; MSB and exponent of FPREG
  3434  16a0  e3                        EX      (SP),HL         ; Stack them,get return
  3435  16a1  e5                        PUSH    HL              ; Re-save return
  3436  16a2  eb                        EX      DE,HL           ; Restore code string address
  3437  16a3  c9                        RET
  3438                          
  3439  16a4  11db22            PHLTFP: LD      DE,FPREG        ; Number at HL to FPREG
  3440  16a7  eda0                      LDI                     ; 4 bytes to move (HL++)->(DE++)
  3441  16a9  eda0                      LDI
  3442  16ab  eda0                      LDI
  3443  16ad  eda0                      LDI
  3444  16af  c9                        RET
  3445                          
  3446  16b0  5e23              LOADFP: LD      E,(HL+)         ; Get LSB of number, increment
  3447  16b2  5623                      LD      D,(HL+)         ; Get NMSB of number, increment
  3448  16b4  4e23                      LD      C,(HL+)         ; Get MSB of number, increment
  3449  16b6  46                        LD      B,(HL)          ; Get exponent of number
  3450  16b7  23                INCHL:  INC     HL              ; Used for conditional "INC HL"
  3451  16b8  c9                        RET
  3452                          
  3453  16b9  21dd22            SIGNS:  LD      HL,FPREG+2      ; Point to MSB of FPREG
  3454  16bc  7e                        LD      A,(HL)          ; Get MSB
  3455  16bd  07                        RLCA                    ; Old sign to carry
  3456  16be  37                        SCF                     ; Set MSBit
  3457  16bf  1f                        RRA                     ; Set MSBit of MSB
  3458  16c0  77                        LD      (HL),A          ; Save new MSB
  3459  16c1  3f                        CCF                     ; Complement sign
  3460  16c2  1f                        RRA                     ; Old sign to carry
  3461  16c3  23                        INC     HL
  3462  16c4  23                        INC     HL
  3463  16c5  77                        LD      (HL),A          ; Set sign of result SGNRES
  3464  16c6  79                        LD      A,C             ; Get MSB
  3465  16c7  07                        RLCA                    ; Old sign to carry
  3466  16c8  37                        SCF                     ; Set MSBit
  3467  16c9  1f                        RRA                     ; Set MSBit of MSB
  3468  16ca  4f                        LD      C,A             ; Save MSB
  3469  16cb  1f                        RRA
  3470  16cc  ae                        XOR     (HL)            ; New sign of result
  3471  16cd  c9                        RET
  3472                          
  3473  16ce  78                CMPNUM: LD      A,B             ; Get exponent of number
  3474  16cf  b7                        OR      A
  3475  16d0  ca6616                    JP      Z,TSTSGN        ; Zero - Test sign of FPREG
  3476  16d3  216f16                    LD      HL,RETREL       ; Return relation routine
  3477  16d6  e5                        PUSH    HL              ; Save for return
  3478  16d7  cd6616                    CALL    TSTSGN          ; Test sign of FPREG
  3479  16da  79                        LD      A,C             ; Get MSB of number
  3480  16db  c8                        RET     Z               ; FPREG zero - Number's MSB
  3481  16dc  21dd22                    LD      HL,FPREG+2      ; MSB of FPREG
  3482  16df  ae                        XOR     (HL)            ; Combine signs
  3483  16e0  79                        LD      A,C             ; Get MSB of number
  3484  16e1  f8                        RET     M               ; Exit if signs different
  3485  16e2  cde816                    CALL    CMPFP           ; Compare FP numbers
  3486  16e5  1f                        RRA                     ; Get carry to sign
  3487  16e6  a9                        XOR     C               ; Combine with MSB of number
  3488  16e7  c9                        RET
  3489                          
  3490  16e8  23                CMPFP:  INC     HL              ; Point to exponent
  3491  16e9  78                        LD      A,B             ; Get exponent
  3492  16ea  be                        CP      (HL)            ; Compare exponents
  3493  16eb  c0                        RET     NZ              ; Different
  3494  16ec  2b                        DEC     HL              ; Point to MBS
  3495  16ed  79                        LD      A,C             ; Get MSB
  3496  16ee  be                        CP      (HL)            ; Compare MSBs
  3497  16ef  c0                        RET     NZ              ; Different
  3498  16f0  2b                        DEC     HL              ; Point to NMSB
  3499  16f1  7a                        LD      A,D             ; Get NMSB
  3500  16f2  be                        CP      (HL)            ; Compare NMSBs
  3501  16f3  c0                        RET     NZ              ; Different
  3502  16f4  2b                        DEC     HL              ; Point to LSB
  3503  16f5  7b                        LD      A,E             ; Get LSB
  3504  16f6  96                        SUB     (HL)            ; Compare LSBs
  3505  16f7  c0                        RET     NZ              ; Different
  3506  16f8  e1                        POP     HL              ; Drop RETurn
  3507  16f9  e1                        POP     HL              ; Drop another RETurn
  3508  16fa  c9                        RET
  3509                          
  3510  16fb  47                FPINT:  LD      B,A             ; <- Move
  3511  16fc  4f                        LD      C,A             ; <- exponent
  3512  16fd  57                        LD      D,A             ; <- to all
  3513  16fe  5f                        LD      E,A             ; <- bits
  3514  16ff  b7                        OR      A               ; Test exponent
  3515  1700  c8                        RET     Z               ; Zero - Return zero
  3516  1701  e5                        PUSH    HL              ; Save pointer to number
  3517  1702  ed5bdb22                  LD      DE,(FPREG)      ; Move FPREG to BCDE
  3518  1706  ed4bdd22                  LD      BC,(FPREG+2)
  3519  170a  cdb916                    CALL    SIGNS           ; Set MSBs & sign of result
  3520  170d  ae                        XOR     (HL)            ; Combine with sign of FPREG
  3521  170e  67                        LD      H,A             ; Save combined signs
  3522  170f  fc2417                    CALL    M,DCBCDE        ; Negative - Decrement BCDE
  3523  1712  3e98                      LD      A,80H+24        ; 24 bits
  3524  1714  90                        SUB     B               ; Bits to shift
  3525  1715  cdde14                    CALL    SCALE           ; Shift BCDE
  3526  1718  7c                        LD      A,H             ; Get combined sign
  3527  1719  17                        RLA                     ; Sign to carry
  3528  171a  dcb114                    CALL    C,FPROND        ; Negative - Round number up
  3529  171d  0600                      LD      B,0             ; Zero exponent
  3530  171f  dcca14                    CALL    C,COMPL         ; If negative make positive
  3531  1722  e1                        POP     HL              ; Restore pointer to number
  3532  1723  c9                        RET
  3533                          
  3534  1724  1b                DCBCDE: DEC     DE              ; Decrement BCDE
  3535  1725  7a                        LD      A,D             ; Test LSBs
  3536  1726  a3                        AND     E
  3537  1727  3c                        INC     A
  3538  1728  c0                        RET     NZ              ; Exit if LSBs not FFFF
  3539  1729  0b                        DEC     BC              ; Decrement MSBs
  3540  172a  c9                        RET
  3541                          
  3542  172b  21de22            INT:    LD      HL,FPEXP        ; Point to exponent
  3543  172e  7e                        LD      A,(HL)          ; Get exponent
  3544  172f  fe98                      CP      80H+24          ; Integer accuracy only?
  3545  1731  3adb22                    LD      A,(FPREG)       ; Get LSB
  3546  1734  d0                        RET     NC              ; Yes - Already integer
  3547  1735  7e                        LD      A,(HL)          ; Get exponent
  3548  1736  cdfb16                    CALL    FPINT           ; F.P to integer
  3549  1739  3698                      LD      (HL),80H+24     ; Save 24 bit integer
  3550  173b  7b                        LD      A,E             ; Get LSB of number
  3551  173c  f5                        PUSH    AF              ; Save LSB
  3552  173d  79                        LD      A,C             ; Get MSB of number
  3553  173e  17                        RLA                     ; Sign to carry
  3554  173f  cd6314                    CALL    CONPOS          ; Set sign of result
  3555  1742  f1                        POP     AF              ; Restore LSB of number
  3556  1743  c9                        RET
  3557                          
  3558                          MLDEBC:                         ; Multiply DE by BC to HL
  3559  1744  210000                    LD      HL,0            ; Clear partial product
  3560  1747  78                        LD      A,B             ; Test multiplier
  3561  1748  b1                        OR      C
  3562  1749  c8                        RET     Z               ; Return zero if zero
  3563  174a  78                        LD      A,B
  3564  174b  0610                      LD      B,16            ; 16 bits (iterations)
  3565  174d  29                MLDBLP: ADD     HL,HL           ; Shift partial product left
  3566  174e  da870f                    JP      C,BSERR         ; ?BS Error if overflow
  3567  1751  cb21                      SLA     C               ; Shift multiplier left
  3568  1753  17                        RLA
  3569  1754  d25b17                    JP      NC,NOMLAD       ; Bit was zero - No add
  3570  1757  19                        ADD     HL,DE
  3571  1758  da870f                    JP      C,BSERR         ; ?BS Error if overflow
  3572  175b  10f0              NOMLAD: DJNZ    MLDBLP
  3573  175d  c9                        RET
  3574                          
  3575  175e  fe2d              ASCTFP: CP      '-'             ; Negative?
  3576  1760  f5                        PUSH    AF              ; Save it and flags
  3577  1761  ca6a17                    JP      Z,CNVNUM        ; Yes - Convert number
  3578  1764  fe2b                      CP      '+'             ; Positive?
  3579  1766  ca6a17                    JP      Z,CNVNUM        ; Yes - Convert number
  3580  1769  2b                        DEC     HL              ; DEC 'cos GETCHR INCs
  3581  176a  cd7b14            CNVNUM: CALL    RESZER          ; Set result to zero
  3582  176d  47                        LD      B,A             ; Digits after point counter
  3583  176e  57                        LD      D,A             ; Sign of exponent
  3584  176f  5f                        LD      E,A             ; Exponent of ten
  3585  1770  2f                        CPL
  3586  1771  4f                        LD      C,A             ; Before or after point flag
  3587  1772  cdea07            MANLP:  CALL    GETCHR          ; Get next character
  3588  1775  dabb17                    JP      C,ADDIG         ; Digit - Add to number
  3589  1778  fe2e                      CP      '.'
  3590  177a  ca9617                    JP      Z,DPOINT        ; '.' - Flag point
  3591  177d  fe45                      CP      'E'
  3592  177f  c29a17                    JP      NZ,CONEXP       ; Not 'E' - Scale number
  3593  1782  cdea07                    CALL    GETCHR          ; Get next character
  3594  1785  cdae0d                    CALL    SGNEXP          ; Get sign of exponent
  3595  1788  cdea07            EXPLP:  CALL    GETCHR          ; Get next character
  3596  178b  dae217                    JP      C,EDIGIT        ; Digit - Add to exponent
  3597  178e  14                        INC     D               ; Is sign negative?
  3598  178f  c29a17                    JP      NZ,CONEXP       ; No - Scale number
  3599  1792  af                        XOR     A
  3600  1793  93                        SUB     E               ; Negate exponent
  3601  1794  5f                        LD      E,A             ; And re-save it
  3602  1795  0c                        INC     C               ; Flag end of number
  3603  1796  0c                DPOINT: INC     C               ; Flag point passed
  3604  1797  ca7217                    JP      Z,MANLP         ; Zero - Get another digit
  3605  179a  e5                CONEXP: PUSH    HL              ; Save code string address
  3606  179b  7b                        LD      A,E             ; Get exponent
  3607  179c  90                        SUB     B               ; Subtract digits after point
  3608  179d  f4b317            SCALMI: CALL    P,SCALPL        ; Positive - Multiply number
  3609  17a0  f2a917                    JP      P,ENDCON        ; Positive - All done
  3610  17a3  f5                        PUSH    AF              ; Save number of times to /10
  3611  17a4  cda315                    CALL    DIV10           ; Divide by 10
  3612  17a7  f1                        POP     AF              ; Restore count
  3613  17a8  3c                        INC     A               ; Count divides
  3614                          
  3615  17a9  c29d17            ENDCON: JP      NZ,SCALMI       ; More to do
  3616  17ac  d1                        POP     DE              ; Restore code string address
  3617  17ad  f1                        POP     AF              ; Restore sign of number
  3618  17ae  cc8f16                    CALL    Z,INVSGN        ; Negative - Negate number
  3619  17b1  eb                        EX      DE,HL           ; Code string address to HL
  3620  17b2  c9                        RET
  3621                          
  3622  17b3  c8                SCALPL: RET     Z               ; Exit if no scaling needed
  3623  17b4  f5                MULTEN: PUSH    AF              ; Save count
  3624  17b5  cd4a16                    CALL    MLSP10          ; Multiply number by 10
  3625  17b8  f1                        POP     AF              ; Restore count
  3626  17b9  3d                        DEC     A               ; Count multiplies
  3627  17ba  c9                        RET
  3628                          
  3629  17bb  d5                ADDIG:  PUSH    DE              ; Save sign of exponent
  3630  17bc  57                        LD      D,A             ; Save digit
  3631  17bd  78                        LD      A,B             ; Get digits after point
  3632  17be  89                        ADC     A,C             ; Add one if after point
  3633  17bf  47                        LD      B,A             ; Re-save counter
  3634  17c0  c5                        PUSH    BC              ; Save point flags
  3635  17c1  e5                        PUSH    HL              ; Save code string address
  3636  17c2  d5                        PUSH    DE              ; Save digit
  3637  17c3  cd4a16                    CALL    MLSP10          ; Multiply number by 10
  3638  17c6  f1                        POP     AF              ; Restore digit
  3639  17c7  d630                      SUB     '0'             ; Make it absolute
  3640  17c9  cdd217                    CALL    RSCALE          ; Re-scale number
  3641  17cc  e1                        POP     HL              ; Restore code string address
  3642  17cd  c1                        POP     BC              ; Restore point flags
  3643  17ce  d1                        POP     DE              ; Restore sign of exponent
  3644  17cf  c37217                    JP      MANLP           ; Get another digit
  3645                          
  3646  17d2  2adb22            RSCALE: LD      HL,(FPREG)      ; LSB and NLSB of FPREG
  3647  17d5  e5                        PUSH    HL              ; Stack them
  3648  17d6  2add22                    LD      HL,(FPREG+2)    ; MSB and exponent of FPREG
  3649  17d9  e5                        PUSH    HL              ; Stack them
  3650  17da  cd7816                    CALL    FLGREL          ; Digit to add to FPREG
  3651  17dd  c1                PADD:   POP     BC              ; Restore number
  3652  17de  d1                        POP     DE
  3653  17df  c30c14                    JP      FPADD           ; Add BCDE to FPREG and return
  3654                          
  3655  17e2  7b                EDIGIT: LD      A,E             ; Get digit
  3656  17e3  07                        RLCA                    ; Times 2
  3657  17e4  07                        RLCA                    ; Times 4
  3658  17e5  83                        ADD     A,E             ; Times 5
  3659  17e6  07                        RLCA                    ; Times 10
  3660  17e7  86                        ADD     A,(HL)          ; Add next digit
  3661  17e8  d630                      SUB     '0'             ; Make it absolute
  3662  17ea  5f                        LD      E,A             ; Save new digit
  3663  17eb  c38817                    JP      EXPLP           ; Look for another digit
  3664                          
  3665  17ee  e5                LINEIN: PUSH    HL              ; Save code string address
  3666  17ef  212403                    LD      HL,INMSG        ; Output " in "
  3667  17f2  cd6111                    CALL    PRS             ; Output string at HL
  3668  17f5  e1                        POP     HL              ; Restore code string address
  3669  17f6  eb                PRNTHL: EX      DE,HL           ; Code string address to DE
  3670  17f7  af                        XOR     A
  3671  17f8  0698                      LD      B,80H+24        ; 24 bits
  3672  17fa  cd7d16                    CALL    RETINT          ; Return the integer
  3673  17fd  216011                    LD      HL,PRNUMS       ; Print number string
  3674  1800  e5                        PUSH    HL              ; Save for return
  3675  1801  21e022            NUMASC: LD      HL,PBUFF        ; Convert number to ASCII
  3676  1804  e5                        PUSH    HL              ; Save for return
  3677  1805  cd6616                    CALL    TSTSGN          ; Test sign of FPREG
  3678  1808  3620                      LD      (HL),' '        ; Space at start
  3679  180a  f20f18                    JP      P,SPCFST        ; Positive - Space to start
  3680  180d  362d                      LD      (HL),'-'        ; '-' sign at start
  3681  180f  23                SPCFST: INC     HL              ; First byte of number
  3682  1810  3630                      LD      (HL),'0'        ; '0' if zero
  3683  1812  cad318                    JP      Z,JSTZER        ; Return '0' if zero
  3684  1815  e5                        PUSH    HL              ; Save buffer address
  3685  1816  fc8f16                    CALL    M,INVSGN        ; Negate FPREG if negative
  3686  1819  af                        XOR     A               ; Zero A
  3687  181a  f5                        PUSH    AF              ; Save it
  3688  181b  cdd918                    CALL    RNGTST          ; Test number is in range
  3689  181e  014391            SIXDIG: LD      BC,9143H        ; BCDE - 99999.9
  3690  1821  11f84f                    LD      DE,4FF8H
  3691  1824  cdce16                    CALL    CMPNUM          ; Compare numbers
  3692  1827  b7                        OR      A
  3693  1828  e23c18                    JP      PO,INRNG        ; > 99999.9 - Sort it out
  3694  182b  f1                        POP     AF              ; Restore count
  3695  182c  cdb417                    CALL    MULTEN          ; Multiply by ten
  3696  182f  f5                        PUSH    AF              ; Re-save count
  3697  1830  c31e18                    JP      SIXDIG          ; Test it again
  3698                          
  3699  1833  cda315            GTSIXD: CALL    DIV10           ; Divide by 10
  3700  1836  f1                        POP     AF              ; Get count
  3701  1837  3c                        INC     A               ; Count divides
  3702  1838  f5                        PUSH    AF              ; Re-save count
  3703  1839  cdd918                    CALL    RNGTST          ; Test number is in range
  3704  183c  cdfa13            INRNG:  CALL    ROUND           ; Add 0.5 to FPREG
  3705  183f  3c                        INC     A
  3706  1840  cdfb16                    CALL    FPINT           ; F.P to integer
  3707  1843  ed53db22                  LD      (FPREG),DE      ; Move BCDE to FPREG
  3708  1847  ed43dd22                  LD      (FPREG+2),BC
  3709  184b  010603                    LD      BC,0306H        ; 1E+06 to 1E-03 range
  3710  184e  f1                        POP     AF              ; Restore count
  3711  184f  81                        ADD     A,C             ; 6 digits before point
  3712  1850  3c                        INC     A               ; Add one
  3713  1851  fa5d18                    JP      M,MAKNUM        ; Do it in 'E' form if < 1E-02
  3714  1854  fe08                      CP      6+1+1           ; More than 999999 ?
  3715  1856  d25d18                    JP      NC,MAKNUM       ; Yes - Do it in 'E' form
  3716  1859  3c                        INC     A               ; Adjust for exponent
  3717  185a  47                        LD      B,A             ; Exponent of number
  3718  185b  3e02                      LD      A,2             ; Make it zero after
  3719                          
  3720  185d  3d                MAKNUM: DEC     A               ; Adjust for digits to do
  3721  185e  3d                        DEC     A
  3722  185f  e1                        POP     HL              ; Restore buffer address
  3723  1860  f5                        PUSH    AF              ; Save count
  3724  1861  11ec18                    LD      DE,POWERS       ; Powers of ten
  3725  1864  05                        DEC     B               ; Count digits before point
  3726  1865  c26e18                    JP      NZ,DIGTXT       ; Not zero - Do number
  3727  1868  362e                      LD      (HL),'.'        ; Save point
  3728  186a  23                        INC     HL              ; Move on
  3729  186b  3630                      LD      (HL),'0'        ; Save zero
  3730  186d  23                        INC     HL              ; Move on
  3731  186e  05                DIGTXT: DEC     B               ; Count digits before point
  3732  186f  362e                      LD      (HL),'.'        ; Save point in case
  3733  1871  ccb716                    CALL    Z,INCHL         ; Last digit - move on
  3734  1874  c5                        PUSH    BC              ; Save digits before point
  3735  1875  e5                        PUSH    HL              ; Save buffer address
  3736  1876  eb                        EX      DE,HL           ; Save powers of ten table
  3737  1877  ed5bdb22                  LD      DE,(FPREG)      ; Move FPREG to BCDE
  3738  187b  ed4bdd22                  LD      BC,(FPREG+2)
  3739  187f  062f                      LD      B,'0'-1         ; ASCII '0' - 1
  3740  1881  04                TRYAGN: INC     B               ; Count subtractions
  3741  1882  7b                        LD      A,E             ; Get LSB
  3742  1883  96                        SUB     (HL)            ; Subtract LSB
  3743  1884  5f                        LD      E,A             ; Save LSB
  3744  1885  23                        INC     HL
  3745  1886  7a                        LD      A,D             ; Get NMSB
  3746  1887  9e                        SBC     A,(HL)          ; Subtract NMSB
  3747  1888  57                        LD      D,A             ; Save NMSB
  3748  1889  23                        INC     HL
  3749  188a  79                        LD      A,C             ; Get MSB
  3750  188b  9e                        SBC     A,(HL)          ; Subtract MSB
  3751  188c  4f                        LD      C,A             ; Save MSB
  3752  188d  2b                        DEC     HL              ; Point back to start
  3753  188e  2b                        DEC     HL
  3754  188f  d28118                    JP      NC,TRYAGN       ; No overflow - Try again
  3755  1892  cdbe14                    CALL    PLUCDE          ; Restore number
  3756  1895  23                        INC     HL              ; Start of next number
  3757  1896  ed53db22                  LD      (FPREG),DE      ; Angle to FPREG
  3758  189a  ed43dd22                  LD      (FPREG+2),BC
  3759  189e  eb                        EX      DE,HL           ; Save point in table
  3760  189f  e1                        POP     HL              ; Restore buffer address
  3761  18a0  70                        LD      (HL),B          ; Save digit in buffer
  3762  18a1  23                        INC     HL              ; And move on
  3763  18a2  c1                        POP     BC              ; Restore digit count
  3764  18a3  0d                        DEC     C               ; Count digits
  3765  18a4  c26e18                    JP      NZ,DIGTXT       ; More - Do them
  3766  18a7  05                        DEC     B               ; Any decimal part?
  3767  18a8  cab718                    JP      Z,DOEBIT        ; No - Do 'E' bit
  3768  18ab  2b                SUPTLZ: DEC     HL              ; Move back through buffer
  3769  18ac  7e                        LD      A,(HL)          ; Get character
  3770  18ad  fe30                      CP      '0'             ; '0' character?
  3771  18af  caab18                    JP      Z,SUPTLZ        ; Yes - Look back for more
  3772  18b2  fe2e                      CP      '.'             ; A decimal point?
  3773  18b4  c4b716                    CALL    NZ,INCHL        ; Move back over digit
  3774                          
  3775  18b7  f1                DOEBIT: POP     AF              ; Get 'E' flag
  3776  18b8  cad618                    JP      Z,NOENED        ; No 'E' needed - End buffer
  3777  18bb  3645                      LD      (HL),'E'        ; Put 'E' in buffer
  3778  18bd  23                        INC     HL              ; And move on
  3779  18be  362b                      LD      (HL),'+'        ; Put '+' in buffer
  3780  18c0  f2c718                    JP      P,OUTEXP        ; Positive - Output exponent
  3781  18c3  362d                      LD      (HL),'-'        ; Put '-' in buffer
  3782  18c5  2f                        CPL                     ; Negate exponent
  3783  18c6  3c                        INC     A
  3784  18c7  062f              OUTEXP: LD      B,'0'-1         ; ASCII '0' - 1
  3785  18c9  04                EXPTEN: INC     B               ; Count subtractions
  3786  18ca  d60a                      SUB     10              ; Tens digit
  3787  18cc  d2c918                    JP      NC,EXPTEN       ; More to do
  3788  18cf  c63a                      ADD     A,'0'+10        ; Restore and make ASCII
  3789  18d1  23                        INC     HL              ; Move on
  3790  18d2  70                        LD      (HL),B          ; Save MSB of exponent
  3791  18d3  23                JSTZER: INC     HL              ;
  3792  18d4  77                        LD      (HL),A          ; Save LSB of exponent
  3793  18d5  23                        INC     HL
  3794  18d6  71                NOENED: LD      (HL),C          ; Mark end of buffer
  3795  18d7  e1                        POP     HL              ; Restore code string address
  3796  18d8  c9                        RET
  3797                          
  3798  18d9  017494            RNGTST: LD      BC,9474H        ; BCDE = 999999.
  3799  18dc  11f723                    LD      DE,23F7H
  3800  18df  cdce16                    CALL    CMPNUM          ; Compare numbers
  3801  18e2  b7                        OR      A
  3802  18e3  e1                        POP     HL              ; Return address to HL
  3803  18e4  e23318                    JP      PO,GTSIXD       ; Too big - Divide by ten
  3804  18e7  e9                        JP      (HL)            ; Otherwise return to caller
  3805                          
  3806  18e8  00000080          HALF:   DEFB    00H,00H,00H,80H ; 0.5
  3807                          
  3808  18ec  a08601            POWERS: DEFB    0A0H,086H,001H  ; 100000
  3809  18ef  102700                    DEFB    010H,027H,000H  ;  10000
  3810  18f2  e80300                    DEFB    0E8H,003H,000H  ;   1000
  3811  18f5  640000                    DEFB    064H,000H,000H  ;    100
  3812  18f8  0a0000                    DEFB    00AH,000H,000H  ;     10
  3813  18fb  010000                    DEFB    001H,000H,000H  ;      1
  3814                          
  3815  18fe  218f16            NEGAFT: LD      HL,INVSGN       ; Negate result
  3816  1901  e3                        EX      (SP),HL         ; To be done after caller
  3817  1902  e9                        JP      (HL)            ; Return to caller
  3818                          
  3819  1903  cd9716            SQR:    CALL    STAKFP          ; Put value on stack
  3820  1906  21e818                    LD      HL,HALF         ; Set power to 1/2
  3821  1909  11db22                    LD      DE,FPREG        ; Move 1/2 to FPREG
  3822  190c  eda0                      LDI                     ; 4 bytes to move (HL++)->(DE++)
  3823  190e  eda0                      LDI
  3824  1910  eda0                      LDI
  3825  1912  eda0                      LDI
  3826                          
  3827  1914  c1                POWER:  POP     BC              ; Get base from stack
  3828  1915  d1                        POP     DE
  3829  1916  cd6616                    CALL    TSTSGN          ; Test sign of power
  3830  1919  78                        LD      A,B             ; Get exponent of base
  3831  191a  ca5e19                    JP      Z,EXP           ; Make result 1 if zero
  3832  191d  f22419                    JP      P,POWER1        ; Positive base - Ok
  3833  1920  b7                        OR      A               ; Zero to negative power?
  3834  1921  ca8f03                    JP      Z,DZERR         ; Yes - ?/0 Error
  3835  1924  b7                POWER1: OR      A               ; Base zero?
  3836  1925  ca7c14                    JP      Z,SAVEXP        ; Yes - Return zero
  3837  1928  d5                        PUSH    DE              ; Save base
  3838  1929  c5                        PUSH    BC
  3839  192a  79                        LD      A,C             ; Get MSB of base
  3840  192b  f67f                      OR      01111111B       ; Get sign status
  3841  192d  ed5bdb22                  LD      DE,(FPREG)      ; Move power to BCDE
  3842  1931  ed4bdd22                  LD      BC,(FPREG+2)
  3843  1935  f24619                    JP      P,POWER2        ; Positive base - Ok
  3844  1938  d5                        PUSH    DE              ; Save power
  3845  1939  c5                        PUSH    BC
  3846  193a  cd2b17                    CALL    INT             ; Get integer of power
  3847  193d  c1                        POP     BC              ; Restore power
  3848  193e  d1                        POP     DE
  3849  193f  f5                        PUSH    AF              ; MSB of base
  3850  1940  cdce16                    CALL    CMPNUM          ; Power an integer?
  3851  1943  e1                        POP     HL              ; Restore MSB of base
  3852  1944  7c                        LD      A,H             ; but don't affect flags
  3853  1945  1f                        RRA                     ; Exponent odd or even?
  3854  1946  e1                POWER2: POP     HL              ; Restore MSB and exponent
  3855  1947  22dd22                    LD      (FPREG+2),HL    ; Save base in FPREG
  3856  194a  e1                        POP     HL              ; LSBs of base
  3857  194b  22db22                    LD      (FPREG),HL      ; Save in FPREG
  3858  194e  dcfe18                    CALL    C,NEGAFT        ; Odd power - Negate result
  3859  1951  cc8f16                    CALL    Z,INVSGN        ; Negative base - Negate it
  3860  1954  d5                        PUSH    DE              ; Save power
  3861  1955  c5                        PUSH    BC
  3862  1956  cd0f15                    CALL    LOG             ; Get LOG of base
  3863  1959  c1                        POP     BC              ; Restore power
  3864  195a  d1                        POP     DE
  3865  195b  cd5015                    CALL    FPMULT          ; Multiply LOG by power
  3866                          
  3867  195e  cd9716            EXP:    CALL    STAKFP          ; Put value on stack
  3868  1961  013881                    LD      BC,08138H       ; BCDE = 1/Ln(2)
  3869  1964  113baa                    LD      DE,0AA3BH
  3870  1967  cd5015                    CALL    FPMULT          ; Multiply value by 1/LN(2)
  3871  196a  3ade22                    LD      A,(FPEXP)       ; Get exponent
  3872  196d  fe88                      CP      80H+8           ; Is it in range?
  3873  196f  d23d16                    JP      NC,OVTST1       ; No - Test for overflow
  3874  1972  cd2b17                    CALL    INT             ; Get INT of FPREG
  3875  1975  c680                      ADD     A,80H           ; For excess 128
  3876  1977  c602                      ADD     A,2             ; Exponent > 126?
  3877  1979  da3d16                    JP      C,OVTST1        ; Yes - Test for overflow
  3878  197c  f5                        PUSH    AF              ; Save scaling factor
  3879  197d  21fe14                    LD      HL,UNITY        ; Point to 1.
  3880  1980  cdfd13                    CALL    ADDPHL          ; Add 1 to FPREG
  3881  1983  cd4715                    CALL    MULLN2          ; Multiply by LN(2)
  3882  1986  f1                        POP     AF              ; Restore scaling factor
  3883  1987  c1                        POP     BC              ; Restore exponent
  3884  1988  d1                        POP     DE
  3885  1989  f5                        PUSH    AF              ; Save scaling factor
  3886  198a  cd0914                    CALL    SUBCDE          ; Subtract exponent from FPREG
  3887  198d  cd8f16                    CALL    INVSGN          ; Negate result
  3888  1990  219e19                    LD      HL,EXPTAB       ; Coefficient table
  3889  1993  cdd319                    CALL    SMSER1          ; Sum the series
  3890  1996  110000                    LD      DE,0            ; Zero LSBs
  3891  1999  c1                        POP     BC              ; Scaling factor
  3892  199a  4a                        LD      C,D             ; Zero MSB
  3893  199b  c35015                    JP      FPMULT          ; Scale result to correct value
  3894                          
  3895  199e  08                EXPTAB: DEFB    8                       ; Table used by EXP
  3896  199f  402e9474                  DEFB    040H,02EH,094H,074H     ; -1/7! (-1/5040)
  3897  19a3  704f2e77                  DEFB    070H,04FH,02EH,077H     ;  1/6! ( 1/720)
  3898  19a7  6e02887a                  DEFB    06EH,002H,088H,07AH     ; -1/5! (-1/120)
  3899  19ab  e6a02a7c                  DEFB    0E6H,0A0H,02AH,07CH     ;  1/4! ( 1/24)
  3900  19af  50aaaa7e                  DEFB    050H,0AAH,0AAH,07EH     ; -1/3! (-1/6)
  3901  19b3  ffff7f7f                  DEFB    0FFH,0FFH,07FH,07FH     ;  1/2! ( 1/2)
  3902  19b7  00008081                  DEFB    000H,000H,080H,081H     ; -1/1! (-1/1)
  3903  19bb  00000081                  DEFB    000H,000H,000H,081H     ;  1/0! ( 1/1)
  3904                          
  3905  19bf  cd9716            SUMSER: CALL    STAKFP          ; Put FPREG on stack
  3906  19c2  114e15                    LD      DE,MULT         ; Multiply by "X"
  3907  19c5  d5                        PUSH    DE              ; To be done after
  3908  19c6  e5                        PUSH    HL              ; Save address of table
  3909  19c7  ed5bdb22                  LD      DE,(FPREG)      ; Move FPREG to BCDE
  3910  19cb  ed4bdd22                  LD      BC,(FPREG+2)
  3911  19cf  cd5015                    CALL    FPMULT          ; Square the value
  3912  19d2  e1                        POP     HL              ; Restore address of table
  3913  19d3  cd9716            SMSER1: CALL    STAKFP          ; Put value on stack
  3914  19d6  7e                        LD      A,(HL)          ; Get number of coefficients
  3915  19d7  23                        INC     HL              ; Point to start of table
  3916  19d8  11db22                    LD      DE,FPREG        ; Move coefficient to FPREG
  3917  19db  eda0                      LDI                     ; 4 bytes to move (HL++)->(DE++)
  3918  19dd  eda0                      LDI
  3919  19df  eda0                      LDI
  3920  19e1  eda0                      LDI
  3921  19e3  06                        DEFB    06H             ; Skip "POP AF"
  3922  19e4  f1                SUMLP:  POP     AF              ; Restore count
  3923  19e5  c1                        POP     BC              ; Restore number
  3924  19e6  d1                        POP     DE
  3925  19e7  3d                        DEC     A               ; Cont coefficients
  3926  19e8  c8                        RET     Z               ; All done
  3927  19e9  d5                        PUSH    DE              ; Save number
  3928  19ea  c5                        PUSH    BC
  3929  19eb  f5                        PUSH    AF              ; Save count
  3930  19ec  e5                        PUSH    HL              ; Save address in table
  3931  19ed  cd5015                    CALL    FPMULT          ; Multiply FPREG by BCDE
  3932  19f0  e1                        POP     HL              ; Restore address in table
  3933  19f1  cdb016                    CALL    LOADFP          ; Number at HL to BCDE
  3934  19f4  e5                        PUSH    HL              ; Save address in table
  3935  19f5  cd0c14                    CALL    FPADD           ; Add coefficient to FPREG
  3936  19f8  e1                        POP     HL              ; Restore address in table
  3937  19f9  c3e419                    JP      SUMLP           ; More coefficients
  3938                          
  3939  19fc  cd6616            RND:    CALL    TSTSGN          ; Test sign of FPREG
  3940  19ff  211922                    LD      HL,SEED+2       ; Random number seed
  3941  1a02  fa761a                    JP      M,RESEED        ; Negative - Re-seed
  3942  1a05  213a22                    LD      HL,LSTRND       ; Last random number
  3943  1a08  11db22                    LD      DE,FPREG        ; Move last RND to FPREG
  3944  1a0b  eda0                      LDI                     ; 4 bytes to move (HL++)->(DE++)
  3945  1a0d  eda0                      LDI
  3946  1a0f  eda0                      LDI
  3947  1a11  eda0                      LDI
  3948  1a13  211922                    LD      HL,SEED+2       ; Random number seed
  3949  1a16  c8                        RET     Z               ; Return if RND(0)
  3950  1a17  86                        ADD     A,(HL)          ; Add (SEED)+2)
  3951  1a18  e607                      AND     00000111B       ; 0 to 7
  3952  1a1a  0600                      LD      B,0
  3953  1a1c  77                        LD      (HL),A          ; Re-save seed
  3954  1a1d  23                        INC     HL              ; Move to coefficient table
  3955  1a1e  87                        ADD     A,A             ; 4 bytes
  3956  1a1f  87                        ADD     A,A             ; per entry
  3957  1a20  4f                        LD      C,A             ; BC = Offset into table
  3958  1a21  09                        ADD     HL,BC           ; Point to coefficient
  3959  1a22  cdb016                    CALL    LOADFP          ; Coefficient to BCDE
  3960  1a25  cd5015                    CALL    FPMULT          ; Multiply FPREG by coefficient
  3961  1a28  3a1822                    LD      A,(SEED+1)      ; Get (SEED+1)
  3962  1a2b  3c                        INC     A               ; Add 1
  3963  1a2c  e603                      AND     00000011B       ; 0 to 3
  3964  1a2e  0600                      LD      B,0
  3965  1a30  fe01                      CP      1               ; Is it zero?
  3966  1a32  88                        ADC     A,B             ; Yes - Make it 1
  3967  1a33  321822                    LD      (SEED+1),A      ; Re-save seed
  3968  1a36  217a1a                    LD      HL,RNDTAB-4     ; Addition table
  3969  1a39  87                        ADD     A,A             ; 4 bytes
  3970  1a3a  87                        ADD     A,A             ; per entry
  3971  1a3b  4f                        LD      C,A             ; BC = Offset into table
  3972  1a3c  09                        ADD     HL,BC           ; Point to value
  3973  1a3d  cdfd13                    CALL    ADDPHL          ; Add value to FPREG
  3974  1a40  ed5bdb22          RND1:   LD      DE,(FPREG)      ; Move FPREG to BCDE
  3975  1a44  ed4bdd22                  LD      BC,(FPREG+2)
  3976  1a48  7b                        LD      A,E             ; Get LSB
  3977  1a49  59                        LD      E,C             ; LSB = MSB
  3978  1a4a  ee4f                      XOR     01001111B       ; Fiddle around
  3979  1a4c  4f                        LD      C,A             ; New MSB
  3980  1a4d  21df22                    LD      HL,SGNRES       ; HL is pointing to SGNRES
  3981  1a50  3680                      LD      (HL),80H        ; Set saved signed bit to positive
  3982  1a52  2b                        DEC     HL              ; Point to Exponent
  3983  1a53  46                        LD      B,(HL)          ; Get Exponent to BCDE
  3984  1a54  3680                      LD      (HL),80H        ; Makes Exponent 1
  3985  1a56  211722                    LD      HL,SEED         ; Random number seed
  3986  1a59  34                        INC     (HL)            ; Count seed
  3987  1a5a  7e                        LD      A,(HL)          ; Get seed
  3988  1a5b  d6ab                      SUB     171             ; Do it modulo 171
  3989  1a5d  c2641a                    JP      NZ,RND2         ; Non-zero - Ok
  3990  1a60  77                        LD      (HL),A          ; Zero seed
  3991  1a61  0c                        INC     C               ; Fillde about
  3992  1a62  15                        DEC     D               ; with the
  3993  1a63  1c                        INC     E               ; number
  3994  1a64  cd6614            RND2:   CALL    BNORM           ; Normalise number
  3995  1a67  113a22                    LD      DE,LSTRND       ; Save random number
  3996  1a6a  21db22                    LD      HL,FPREG        ; Move FPREG to last and return
  3997  1a6d  eda0                      LDI                     ; 4 bytes to move (HL++)->(DE++)
  3998  1a6f  eda0                      LDI
  3999  1a71  eda0                      LDI
  4000  1a73  eda0                      LDI
  4001  1a75  c9                        RET
  4002                          
  4003  1a76  77                RESEED: LD      (HL),A          ; Re-seed random numbers
  4004  1a77  2b                        DEC     HL
  4005  1a78  77                        LD      (HL),A
  4006  1a79  2b                        DEC     HL
  4007  1a7a  77                        LD      (HL),A
  4008  1a7b  c3401a                    JP      RND1            ; Return RND seed
  4009                          
  4010  1a7e  68b14668          RNDTAB: DEFB    068H,0B1H,046H,068H ; Table used by RND
  4011  1a82  99e99269                  DEFB    099H,0E9H,092H,069H
  4012  1a86  10d17568                  DEFB    010H,0D1H,075H,068H
  4013                          
  4014  1a8a  21d91a            COS:    LD      HL,HALFPI       ; Point to PI/2
  4015  1a8d  cdfd13                    CALL    ADDPHL          ; Add it to FPREG
  4016  1a90  cd9716            SIN:    CALL    STAKFP          ; Put angle on stack
  4017  1a93  014983                    LD      BC,8349H        ; BCDE = 2 PI
  4018  1a96  11db0f                    LD      DE,0FDBH
  4019  1a99  ed53db22                  LD      (FPREG),DE      ; Move 2 PI to FPREG
  4020  1a9d  ed43dd22                  LD      (FPREG+2),BC
  4021  1aa1  c1                        POP     BC              ; Restore angle
  4022  1aa2  d1                        POP     DE
  4023  1aa3  cdbb15                    CALL    DVBCDE          ; Divide angle by 2 PI
  4024  1aa6  cd9716                    CALL    STAKFP          ; Put it on stack
  4025  1aa9  cd2b17                    CALL    INT             ; Get INT of result
  4026  1aac  c1                        POP     BC              ; Restore number
  4027  1aad  d1                        POP     DE
  4028  1aae  cd0914                    CALL    SUBCDE          ; Make it 0 <= value < 1
  4029  1ab1  21dd1a                    LD      HL,QUARTR       ; Point to 0.25
  4030  1ab4  cd0314                    CALL    SUBPHL          ; Subtract value from 0.25
  4031  1ab7  cd6616                    CALL    TSTSGN          ; Test sign of value
  4032  1aba  37                        SCF                     ; Flag positive
  4033  1abb  f2c51a                    JP      P,SIN1          ; Positive - Ok
  4034  1abe  cdfa13                    CALL    ROUND           ; Add 0.5 to value
  4035  1ac1  cd6616                    CALL    TSTSGN          ; Test sign of value
  4036  1ac4  b7                        OR      A               ; Flag negative
  4037  1ac5  f5                SIN1:   PUSH    AF              ; Save sign
  4038  1ac6  f48f16                    CALL    P,INVSGN        ; Negate value if positive
  4039  1ac9  21dd1a                    LD      HL,QUARTR       ; Point to 0.25
  4040  1acc  cdfd13                    CALL    ADDPHL          ; Add 0.25 to value
  4041  1acf  f1                        POP     AF              ; Restore sign
  4042  1ad0  d48f16                    CALL    NC,INVSGN       ; Negative - Make positive
  4043  1ad3  21e11a                    LD      HL,SINTAB       ; Coefficient table
  4044  1ad6  c3bf19                    JP      SUMSER          ; Evaluate sum of series
  4045                          
  4046  1ad9  db0f4981          HALFPI: DEFB    0DBH,00FH,049H,081H     ; 1.5708 (PI/2)
  4047                          
  4048  1add  0000007f          QUARTR: DEFB    000H,000H,000H,07FH     ; 0.25
  4049                          
  4050  1ae1  05                SINTAB: DEFB    5                       ; Table used by SIN
  4051  1ae2  bad71e86                  DEFB    0BAH,0D7H,01EH,086H     ; 39.711
  4052  1ae6  64269987                  DEFB    064H,026H,099H,087H     ;-76.575
  4053  1aea  58342387                  DEFB    058H,034H,023H,087H     ; 81.602
  4054  1aee  e05da586                  DEFB    0E0H,05DH,0A5H,086H     ;-41.342
  4055  1af2  da0f4983                  DEFB    0DAH,00FH,049H,083H     ;  6.2832
  4056                          
  4057  1af6  cd9716            TAN:    CALL    STAKFP          ; Put angle on stack
  4058  1af9  cd901a                    CALL    SIN             ; Get SIN of angle
  4059  1afc  c1                        POP     BC              ; Restore angle
  4060  1afd  e1                        POP     HL
  4061  1afe  cd9716                    CALL    STAKFP          ; Save SIN of angle
  4062  1b01  eb                        EX      DE,HL           ; BCDE = Angle
  4063  1b02  ed53db22                  LD      (FPREG),DE      ; Angle to FPREG
  4064  1b06  ed43dd22                  LD      (FPREG+2),BC
  4065  1b0a  cd8a1a                    CALL    COS             ; Get COS of angle
  4066  1b0d  c3b915                    JP      DIV             ; TAN = SIN / COS
  4067                          
  4068  1b10  cd6616            ATN:    CALL    TSTSGN          ; Test sign of value
  4069  1b13  fcfe18                    CALL    M,NEGAFT        ; Negate result after if -ve
  4070  1b16  fc8f16                    CALL    M,INVSGN        ; Negate value if -ve
  4071  1b19  3ade22                    LD      A,(FPEXP)       ; Get exponent
  4072  1b1c  fe81                      CP      81H             ; Number less than 1?
  4073  1b1e  da2d1b                    JP      C,ATN1          ; Yes - Get arc tangnt
  4074  1b21  010081                    LD      BC,8100H        ; BCDE = 1
  4075  1b24  51                        LD      D,C
  4076  1b25  59                        LD      E,C
  4077  1b26  cdbb15                    CALL    DVBCDE          ; Get reciprocal of number
  4078  1b29  210314                    LD      HL,SUBPHL       ; Sub angle from PI/2
  4079  1b2c  e5                        PUSH    HL              ; Save for angle > 1
  4080  1b2d  21371b            ATN1:   LD      HL,ATNTAB       ; Coefficient table
  4081  1b30  cdbf19                    CALL    SUMSER          ; Evaluate sum of series
  4082  1b33  21d91a                    LD      HL,HALFPI       ; PI/2 - angle in case > 1
  4083  1b36  c9                        RET                     ; Number > 1 - Sub from PI/2
  4084                          
  4085  1b37  09                ATNTAB: DEFB    9                       ; Table used by ATN
  4086  1b38  4ad73b78                  DEFB    04AH,0D7H,03BH,078H     ; 1/17
  4087  1b3c  026e847b                  DEFB    002H,06EH,084H,07BH     ;-1/15
  4088  1b40  fec12f7c                  DEFB    0FEH,0C1H,02FH,07CH     ; 1/13
  4089  1b44  74319a7d                  DEFB    074H,031H,09AH,07DH     ;-1/11
  4090  1b48  843d5a7d                  DEFB    084H,03DH,05AH,07DH     ; 1/9
  4091  1b4c  c87f917e                  DEFB    0C8H,07FH,091H,07EH     ;-1/7
  4092  1b50  e4bb4c7e                  DEFB    0E4H,0BBH,04CH,07EH     ; 1/5
  4093  1b54  6caaaa7f                  DEFB    06CH,0AAH,0AAH,07FH     ;-1/3
  4094  1b58  00000081                  DEFB    000H,000H,000H,081H     ; 1/1
  4095                          
  4096  1b5c  c9                ARET:   RET                     ; A RETurn instruction
  4097  1b5d  ed45              ARETN:  RETN                    ; A RETurN from NMI
  4098                          
  4099  1b5f  e5                CLS:    PUSH    HL              ; Save code string address
  4100  1b60  21681b                    LD      HL,CLRSCRN      ; ASCII Clear screen
  4101  1b63  cd6111                    CALL    PRS             ; Output string
  4102  1b66  e1                        POP     HL              ; Restore code string address
  4103  1b67  c9                        RET
  4104                          
  4105                          CLRSCRN:
  4106  1b68  1b5b324a00                DEFB    ESC,"[2J",0     ; VT100 Clear screen escape code
  4107                          
  4108  1b6d  cdd113            WIDTH:  CALL    GETINT          ; Get integer 0-255 in A
  4109  1b70  324222                    LD      (LWIDTH),A      ; Set width
  4110  1b73  cd5a06                    CALL    CHKSYN          ; Make sure ',' follows
  4111  1b76  2c                        DEFB    ','
  4112  1b77  cdd113                    CALL    GETINT          ; Get integer 0-255 in A
  4113  1b7a  324322                    LD      (COMMAN),A      ; Set comma width
  4114  1b7d  c9                        RET
  4115                          
  4116  1b7e  cd830c            LINES:  CALL    GETNUM          ; Get a number
  4117  1b81  cda108                    CALL    DEINT           ; Get integer -32768 to 32767
  4118  1b84  ed534622                  LD      (LINESC),DE     ; Set lines counter
  4119  1b88  ed534822                  LD      (LINESN),DE     ; Set lines number
  4120  1b8c  c9                        RET
  4121                          
  4122  1b8d  cda108            DEEK:   CALL    DEINT           ; Get integer -32768 to 32767
  4123  1b90  d5                        PUSH    DE              ; Save number
  4124  1b91  e1                        POP     HL              ; Number to HL
  4125  1b92  46                        LD      B,(HL)          ; Get LSB of contents
  4126  1b93  23                        INC     HL
  4127  1b94  7e                        LD      A,(HL)          ; Get MSB of contents
  4128  1b95  c33410                    JP      ABPASS          ; Return integer AB
  4129                          
  4130  1b98  cd830c            DOKE:   CALL    GETNUM          ; Get a number
  4131  1b9b  cda108                    CALL    DEINT           ; Get integer -32768 to 32767
  4132  1b9e  d5                        PUSH    DE              ; Save address
  4133  1b9f  cd5a06                    CALL    CHKSYN          ; Make sure ',' follows
  4134  1ba2  2c                        DEFB    ','
  4135  1ba3  cd830c                    CALL    GETNUM          ; Get a number
  4136  1ba6  cda108                    CALL    DEINT           ; Get integer -32768 to 32767
  4137  1ba9  e3                        EX      (SP),HL         ; Save value, get address
  4138  1baa  73                        LD      (HL),E          ; Save LSB of value
  4139  1bab  23                        INC     HL
  4140  1bac  72                        LD      (HL),D          ; Save MSB of value
  4141  1bad  e1                        POP     HL              ; Restore code string address
  4142  1bae  c9                        RET
  4143                          
  4144  1baf  c30000            MONITR: JP      $0000           ; Cold Start (Normally Monitor Start)
  4145                          
  4146                          
  4147                                  ; MEEK I,J where I is signed integer and J is 16 byte blocks
  4148                                  ; uses  : af, bc, de, hl
  4149                                  ; (C) feilipu
  4150                          
  4151                          MEEK:
  4152  1bb2  cd830c                    CALL    GETNUM          ; Get address
  4153  1bb5  cda108                    CALL    DEINT           ; Get integer -32768 to 32767 to DE
  4154  1bb8  d5                        PUSH    DE              ; Save address
  4155  1bb9  cd5a06                    CALL    CHKSYN          ; Make sure ',' follows
  4156  1bbc  2c                        DEFB    ','
  4157  1bbd  cdd113                    CALL    GETINT          ; Get integer 0-255 in A
  4158  1bc0  4f                        LD      C,A             ; Get blocks (of 16 bytes) to C
  4159  1bc1  b7                        OR      A               ; Check for zero blocks
  4160  1bc2  e3                        EX      (SP),HL         ; Recover address, save code string address
  4161                          MEEKLP:
  4162  1bc3  cabc12                    JP      Z,POPHL         ; Return
  4163  1bc6  cda60a                    CALL    PRNTCRLF        ; New line
  4164  1bc9  cd491c                    CALL    PRHL            ; Print address
  4165  1bcc  3e3a                      LD      A,':'           ; Load colon
  4166  1bce  cd6506                    CALL    OUTC            ; Output character
  4167  1bd1  3e20                      LD      A,' '           ; Load space
  4168  1bd3  cd6506                    CALL    OUTC            ; Output character
  4169  1bd6  e5                        PUSH    HL              ; Preserve block base address
  4170  1bd7  0610                      LD      B,16            ; 16 byte blocks
  4171                          MEEKLLP:
  4172  1bd9  3e20                      LD      A,' '           ; Load space
  4173  1bdb  cd6506                    CALL    OUTC            ; Output character
  4174  1bde  7e                        LD      A,(HL)          ; Read byte at address
  4175  1bdf  cd4e1c                    CALL    PRHEX           ; Print byte in HEX
  4176  1be2  23                        INC     HL              ; Get next address
  4177  1be3  10f4                      DJNZ    MEEKLLP         ; Do 16 byte blocks
  4178                          
  4179  1be5  3e20                      LD      A,' '           ; Load space
  4180  1be7  cd6506                    CALL    OUTC            ; Output character
  4181  1bea  3e20                      LD      A,' '           ; Load space
  4182  1bec  cd6506                    CALL    OUTC            ; Output character
  4183  1bef  e1                        POP     HL              ; Recover block base address
  4184  1bf0  0610                      LD      B,16            ; 16 byte blocks
  4185                          MEEKASC:
  4186  1bf2  7e                        LD      A,(HL)          ; Read byte at address
  4187  1bf3  fe7f                      CP      DEL             ; Greater than ASCII DEL?
  4188  1bf5  d2fe1b                    JP      NC,MEEKDOT
  4189  1bf8  fe20                      CP      ' '             ; Less than ASCII space?
  4190  1bfa  dafe1b                    JP      C,MEEKDOT
  4191  1bfd  11                        DEFB    11H             ; Skip "LD A,'.'"
  4192                          MEEKDOT:
  4193  1bfe  3e2e                      LD      A,'.'           ; Load an ASCII dot
  4194  1c00  cd6506                    CALL    OUTC            ; Output ASCII character
  4195  1c03  23                        INC     HL              ; Get next address
  4196  1c04  10ec                      DJNZ    MEEKASC         ; Do 16 byte blocks
  4197                          
  4198  1c06  0d                        DEC     C               ; Decrement block count
  4199  1c07  c3c31b                    JP      MEEKLP
  4200                          
  4201                          
  4202                                  ; MOKE I where I is signed integer
  4203                                  ; uses  : af, de, hl
  4204                                  ; (C) feilipu
  4205                          
  4206                          MOKE:
  4207  1c0a  cd830c                    CALL    GETNUM          ; Get address
  4208  1c0d  cda108                    CALL    DEINT           ; Get integer -32768 to 32767
  4209  1c10  eb                        EX      DE,HL           ; Move address
  4210                          MOKELP:
  4211  1c11  e5                        PUSH    HL              ; Save address
  4212  1c12  cd491c                    CALL    PRHL            ; Print address in HEX
  4213  1c15  3e3a                      LD      A,':'           ; Load colon
  4214  1c17  cd6506                    CALL    OUTC            ; Output character
  4215  1c1a  3e20                      LD      A,' '           ; Space
  4216  1c1c  cd6506                    CALL    OUTC            ; Output character
  4217  1c1f  3e20                      LD      A,' '           ; Space
  4218  1c21  cd6506                    CALL    OUTC            ; Output character
  4219  1c24  7e                        LD      A,(HL)          ; Read byte at address
  4220  1c25  cd4e1c                    CALL    PRHEX           ; Print byte in HEX
  4221  1c28  3e20                      LD      A,' '           ; Space
  4222  1c2a  cd6506                    CALL    OUTC            ; Output character
  4223  1c2d  cddb04                    CALL    PROMPT          ; Output "? ", get input RINPUT
  4224  1c30  daa200                    JP      C,BRKRET        ; CTRLC - break to command line
  4225  1c33  cdea07                    CALL    GETCHR          ; Get next character
  4226  1c36  ca441c                    JP      Z,MOKESKP       ; CR - skip byte store
  4227  1c39  2b                        DEC     HL              ; DEC 'cos GETCHR INCs
  4228  1c3a  cd621c                    CALL    HLHEX           ; Get (HL) HEX into HL
  4229  1c3d  d1                        POP     DE              ; Restore address
  4230  1c3e  eb                        EX      DE,HL
  4231  1c3f  73                        LD      (HL),E          ; Save byte in address
  4232  1c40  23                        INC     HL              ; Next address
  4233  1c41  c3111c                    JP      MOKELP          ; Do another address
  4234                          
  4235                          MOKESKP:
  4236  1c44  e1                        POP     HL              ; Restore address
  4237  1c45  23                        INC     HL              ; Next address
  4238  1c46  c3111c                    JP      MOKELP          ; Do another address
  4239                          
  4240                          
  4241                                  ; To print HEX numbers from HL
  4242                                  ; uses  : af, hl
  4243                                  ; (C) feilipu
  4244                          
  4245                          PRHL:
  4246  1c49  7c                        LD      A,H             ; Load high byte
  4247  1c4a  cd4e1c                    CALL    PRHEX
  4248  1c4d  7d                        LD      A,L             ; Load low byte
  4249                          PRHEX:
  4250  1c4e  f5                        PUSH    AF
  4251  1c4f  0f                        RRCA
  4252  1c50  0f                        RRCA
  4253  1c51  0f                        RRCA
  4254  1c52  0f                        RRCA
  4255  1c53  cd571c                    CALL    PRHEXN
  4256  1c56  f1                        POP     AF
  4257                          PRHEXN:
  4258  1c57  e60f                      AND     0FH
  4259  1c59  c690                      ADD     A,90H           ; Standard HEX to ASCII routine
  4260  1c5b  27                        DAA
  4261  1c5c  ce40                      ADC     A,40H
  4262  1c5e  27                        DAA
  4263  1c5f  c36506                    JP      OUTC            ; Output character
  4264                          
  4265                          
  4266                                  ; To get number in (HL) HEX into HL
  4267                                  ; uses  : af, de, hl
  4268                                  ; (C) feilipu
  4269                          
  4270                          HLHEX:
  4271  1c62  eb                        EX      DE,HL           ; Move address to DE
  4272  1c63  210000                    LD      HL,0            ; Zero out the value
  4273  1c66  cd741d                    CALL    GETHEX          ; Check the address (DE) for valid hex
  4274  1c69  daa103                    JP      C,HXERR         ; First value wasn't hex, HX error
  4275  1c6c  c3731c                    JP      HLHEXH          ; Convert first character
  4276                          HLHEXL:
  4277  1c6f  cd741d                    CALL    GETHEX          ; Get second and additional characters
  4278  1c72  d8                        RET     C               ; Exit if not a hex character
  4279                          HLHEXH:
  4280  1c73  29                        ADD     HL,HL           ; Shift 4 bits to the left
  4281  1c74  29                        ADD     HL,HL
  4282  1c75  29                        ADD     HL,HL
  4283  1c76  29                        ADD     HL,HL
  4284  1c77  b5                        OR      L               ; Add in D0-D3 into L
  4285  1c78  6f                        LD      L,A             ; Save new value
  4286  1c79  c36f1c                    JP      HLHEXL          ; And continue until all hex characters are in HL
  4287                          
  4288                          
  4289                                  ; Load Intel HEX into program memory.
  4290                                  ; uses  : af, bc, de, hl
  4291                                  ; (C) feilipu
  4292                          
  4293                          HLOAD:
  4294  1c7c  c0                        ret NZ                  ; return if any more on line
  4295  1c7d  cda61c                    call HLD_WAIT_COLON     ; wait for first colon and address data
  4296  1c80  2ad122                    ld hl,(ARREND)          ; start of free memory
  4297  1c83  b7                        or a                    ; clear carry flag
  4298  1c84  ed52                      sbc hl,de
  4299  1c86  d28103                    jp NC,OMERR             ; if address is below array end, out of memory
  4300  1c89  1b                        dec de                  ; go one Byte lower
  4301  1c8a  2aa622                    ld hl,(LSTRAM)          ; get last ram address
  4302  1c8d  b7                        or a                    ; clear carry flag
  4303  1c8e  ed52                      sbc hl,de
  4304  1c90  da9e1c                    jp C,HLD_HIGH_RAM       ; if last ram lower leave it, otherwise
  4305  1c93  ed53a622                  ld (LSTRAM),de          ; store new last ram location
  4306  1c97  21ceff                    ld hl,-50               ; reserve 50 bytes for string space
  4307  1c9a  19                        add hl,de               ; allocate string space
  4308  1c9b  225122                    ld (STRSPC),hl          ; save string space location
  4309                          HLD_HIGH_RAM:
  4310  1c9e  13                        inc de
  4311  1c9f  ed530422                  ld (USR+1),de           ; store first address as "USR(x)" location
  4312  1ca3  c3c91c                    jp HLD_READ_DATA        ; now get the first data
  4313                          
  4314                          HLD_WAIT_COLON:
  4315  1ca6  d7                        rst 10h                 ; Rx byte in A
  4316  1ca7  fe3a                      cp ':'                  ; wait for ':'
  4317  1ca9  c2a61c                    jp NZ,HLD_WAIT_COLON
  4318  1cac  0e00                      ld c,0                  ; reset C to compute checksum
  4319  1cae  cde61c                    call HLD_READ_BYTE      ; read byte count
  4320  1cb1  47                        ld b,a                  ; store it in B
  4321  1cb2  cde61c                    call HLD_READ_BYTE      ; read upper byte of address
  4322  1cb5  57                        ld d,a                  ; store in D
  4323  1cb6  cde61c                    call HLD_READ_BYTE      ; read lower byte of address
  4324  1cb9  5f                        ld e,a                  ; store in E
  4325  1cba  cde61c                    call HLD_READ_BYTE      ; read record type
  4326  1cbd  3d                        dec a                   ; check if record type is 01 (end of file)
  4327  1cbe  cadb1c                    jp Z,HLD_END_LOAD
  4328  1cc1  3c                        inc a                   ; check if record type is 00 (data)
  4329  1cc2  c29e03                    jp NZ,TMERR             ; if not, type mismatch error
  4330  1cc5  c9                        ret
  4331                          
  4332                          HLD_READ:
  4333  1cc6  cda61c                    call HLD_WAIT_COLON     ; wait for the next colon and address data
  4334                          HLD_READ_DATA:
  4335  1cc9  cde61c                    call HLD_READ_BYTE
  4336  1ccc  1213                      ld (de+),a              ; write the byte at the RAM address, increment
  4337  1cce  10f9                      djnz HLD_READ_DATA      ; if b non zero, loop to get more data
  4338                          
  4339                          HLD_READ_CHKSUM:
  4340  1cd0  cde61c                    call HLD_READ_BYTE      ; read checksum, but we don't need to keep it
  4341  1cd3  79                        ld a,c                  ; lower byte of C checksum should be 0
  4342  1cd4  b7                        or a
  4343  1cd5  c2a103                    jp NZ,HXERR             ; non zero, we have an issue
  4344  1cd8  c3c61c                    jp HLD_READ
  4345                          
  4346                          HLD_END_LOAD:
  4347  1cdb  cde61c                    call HLD_READ_BYTE      ; read checksum, but we don't need to keep it
  4348  1cde  79                        ld a,c                  ; lower byte of C checksum should be 0
  4349  1cdf  b7                        or a
  4350  1ce0  c2a103                    jp NZ,HXERR             ; non zero, we have an issue
  4351  1ce3  c3a200                    jp BRKRET               ; return to command line
  4352                          
  4353                          HLD_READ_BYTE:                  ; returns byte in A, checksum in C
  4354  1ce6  cdf71c                    call HLD_READ_NIBBLE    ; read the first nibble
  4355  1ce9  07                        rlca                    ; shift it left by 4 bits
  4356  1cea  07                        rlca
  4357  1ceb  07                        rlca
  4358  1cec  07                        rlca
  4359  1ced  6f                        ld l,a                  ; temporarily store the first nibble in L
  4360  1cee  cdf71c                    call HLD_READ_NIBBLE    ; get the second (low) nibble
  4361  1cf1  b5                        or l                    ; assemble two nibbles into one byte in A
  4362  1cf2  6f                        ld l,a                  ; put assembled byte back into L
  4363  1cf3  81                        add a,c                 ; add the byte read to C (for checksum)
  4364  1cf4  4f                        ld c,a
  4365  1cf5  7d                        ld a,l
  4366  1cf6  c9                        ret                     ; return the byte read in A (L = char received too)
  4367                          
  4368                          HLD_READ_NIBBLE:
  4369  1cf7  d7                        rst 10h                 ; Rx byte in A
  4370  1cf8  d630                      sub '0'
  4371  1cfa  fe0a                      cp 10
  4372  1cfc  d8                        ret C                   ; if A<10 just return
  4373  1cfd  d607                      sub 7                   ; else subtract 'A'-'0' (17) and add 10
  4374  1cff  c9                        ret
  4375                          
  4376                                  ; HEX$(nn) Convert signed 16 bit number to Hexadecimal string
  4377                                  ; (C) Searle
  4378                          
  4379  1d00  cda108            HEX:    CALL    DEINT           ; Get integer -32768 to 32767
  4380  1d03  c5                        PUSH    BC              ; Save contents of BC
  4381  1d04  21e022                    LD      HL,PBUFF
  4382  1d07  7a                        LD      A,D             ; Get high order into A
  4383  1d08  fe00                      CP      $0
  4384  1d0a  ca1a1d                    JP      Z,HEX2          ; Skip output if both high digits are zero
  4385  1d0d  cd391d                    CALL    BYT2ASC         ; Convert D to ASCII
  4386  1d10  78                        LD      A,B
  4387  1d11  fe30                      CP      '0'
  4388  1d13  ca181d                    JP      Z,HEX1          ; Don't store high digit if zero
  4389  1d16  70                        LD      (HL),B          ; Store it to PBUFF
  4390  1d17  23                        INC     HL              ; Next location
  4391  1d18  71                HEX1:   LD      (HL),C          ; Store C to PBUFF+1
  4392  1d19  23                        INC     HL              ; Next location
  4393  1d1a  7b                HEX2:   LD      A,E             ; Get lower byte
  4394  1d1b  cd391d                    CALL    BYT2ASC         ; Convert E to ASCII
  4395  1d1e  7a                        LD      A,D
  4396  1d1f  fe00                      CP      $0
  4397  1d21  c22a1d                    JP      NZ,HEX3         ; If upper byte was not zero then always print lower byte
  4398  1d24  78                        LD      A,B
  4399  1d25  fe30                      CP      '0'             ; If high digit of lower byte is zero then don't print
  4400  1d27  ca2c1d                    JP      Z,HEX4
  4401  1d2a  70                HEX3:   LD      (HL),B          ; to PBUFF+2
  4402  1d2b  23                        INC     HL              ; Next location
  4403  1d2c  71                HEX4:   LD      (HL),C          ; to PBUFF+3
  4404  1d2d  23                        INC     HL              ; PBUFF+4 to zero
  4405  1d2e  af                        XOR     A               ; Terminating character
  4406  1d2f  77                        LD      (HL),A          ; Store zero to terminate
  4407  1d30  23                        INC     HL              ; Make sure PBUFF is terminated
  4408  1d31  77                        LD      (HL),A          ; Store the double zero there
  4409  1d32  c1                        POP     BC              ; Get BC back
  4410  1d33  21e022                    LD      HL,PBUFF        ; Reset to start of PBUFF
  4411  1d36  c3ea10                    JP      STR1            ; Convert the PBUFF to a string and return it
  4412                          
  4413  1d39  47                BYT2ASC:LD      B,A             ; Save original value
  4414  1d3a  e60f                      AND     $0F             ; Strip off upper nybble
  4415  1d3c  fe0a                      CP      $0A             ; 0-9?
  4416  1d3e  da431d                    JP      C,ADD30         ; If A-F, add 7 more
  4417  1d41  c607                      ADD     A,$07           ; Bring value up to ASCII A-F
  4418  1d43  c630              ADD30:  ADD     A,$30           ; And make ASCII
  4419  1d45  4f                        LD      C,A             ; Save converted char to C
  4420  1d46  78                        LD      A,B             ; Retrieve original value
  4421  1d47  0f                        RRCA                    ; and Rotate it right
  4422  1d48  0f                        RRCA
  4423  1d49  0f                        RRCA
  4424  1d4a  0f                        RRCA
  4425  1d4b  e60f                      AND     $0F             ; Mask off upper nybble
  4426  1d4d  fe0a                      CP      $0A             ; 0-9? < A hex?
  4427  1d4f  da541d                    JP      C,ADD301        ; Skip Add 7
  4428  1d52  c607                      ADD     A,$07           ; Bring it up to ASCII A-F
  4429  1d54  c630              ADD301: ADD     A,$30           ; And make it full ASCII
  4430  1d56  47                        LD      B,A             ; Store high order byte
  4431  1d57  c9                        RET
  4432                          
  4433                                  ; Convert "&nnnn" ASCII HEX to FPREG
  4434                                  ; Gets a character from (HL) checks for Hexadecimal ASCII numbers "&nnnn"
  4435                                  ; Char is in A, NC if char is ;<=>?@ A-z, CY is set if 0-9
  4436                                  ; (C) Searle
  4437                          
  4438  1d58  eb                HEXTFP: EX      DE,HL           ; Move code string pointer to DE
  4439  1d59  210000                    LD      HL,0            ; Zero out the value
  4440  1d5c  cd741d                    CALL    GETHEX          ; Check the number for valid hex
  4441  1d5f  daa103                    JP      C,HXERR         ; First value wasn't hex, HX error
  4442  1d62  c36b1d                    JP      HEXLP1          ; Convert first character
  4443  1d65  cd741d            HEXLP:  CALL    GETHEX          ; Get second and additional characters
  4444  1d68  da911d                    JP      C,HEXIT         ; Exit if not a hex character
  4445  1d6b  29                HEXLP1: ADD     HL,HL           ; Shift 4 bits to the left
  4446  1d6c  29                        ADD     HL,HL
  4447  1d6d  29                        ADD     HL,HL
  4448  1d6e  29                        ADD     HL,HL
  4449  1d6f  b5                        OR      L               ; Add in D0-D3 into L
  4450  1d70  6f                        LD      L,A             ; Save new value
  4451  1d71  c3651d                    JP      HEXLP           ; And continue until all hex characters are in
  4452                          
  4453  1d74  13                GETHEX: INC     DE              ; Next location
  4454  1d75  1a                        LD      A,(DE)          ; Load character at pointer
  4455  1d76  fe48                      CP      'H'
  4456  1d78  ca741d                    JP      Z,GETHEX        ; Skip "H"
  4457  1d7b  fe20                      CP      ' '
  4458  1d7d  ca741d                    JP      Z,GETHEX        ; Skip spaces
  4459  1d80  d630                      SUB     $30             ; Get absolute value
  4460  1d82  d8                        RET     C               ; < "0", error
  4461  1d83  fe0a                      CP      $0A
  4462  1d85  da8d1d                    JP      C,NOSUB7        ; Is already in the range 0-9
  4463  1d88  d607                      SUB     $07             ; Reduce to A-F
  4464  1d8a  fe0a                      CP      $0A             ; Value should be $0A-$0F at this point
  4465  1d8c  d8                        RET     C               ; CY set if was :            ; < = > ? @
  4466  1d8d  fe10              NOSUB7: CP      $10             ; > Greater than "F"?
  4467  1d8f  3f                        CCF
  4468  1d90  c9                        RET                     ; CY set if it wasn't valid hex
  4469                          
  4470  1d91  eb                HEXIT:  EX      DE,HL           ; Value into DE, Code string into HL
  4471  1d92  7a                        LD      A,D             ; Load DE into AC
  4472  1d93  4b                        LD      C,E             ; For prep to
  4473  1d94  e5                        PUSH    HL
  4474  1d95  cd3310                    CALL    ACPASS          ; ACPASS to set AC as integer into FPREG
  4475  1d98  e1                        POP     HL
  4476  1d99  c9                        RET
  4477                          
  4478                          END:
  4479                          
  4480                          
