/tmp/tmpXXfw2BTR.asm:
     1                          MODULE camel80_asm_m4
     2                          LINE 0, "camel80.asm.m4"
camel80.asm.m4:
                                
     1                          ; Listing 2.
     2                          ; ===============================================
     3                          ; CamelForth for the Zilog Z80
     4                          ; Copyright (c) 1994,1995 Bradford J. Rodriguez
     5                          ;
     6                          ; This program is free software; you can redistribute it and/or modify
     7                          ; it under the terms of the GNU General Public License as published by
     8                          ; the Free Software Foundation; either version 3 of the License, or
     9                          ; (at your option) any later version.
    10                          ;
    11                          ; This program is distributed in the hope that it will be useful,
    12                          ; but WITHOUT ANY WARRANTY; without even the implied warranty of
    13                          ; MERCHANTABILITY or FITNESS FOR A PARTICULAR PURPOSE.  See the
    14                          ; GNU General Public License for more details.
    15                          ;
    16                          ; You should have received a copy of the GNU General Public License
    17                          ; along with this program.  If not, see <http://www.gnu.org/licenses/>.
    18                          
    19                          ; Commercial inquiries should be directed to the author at
    20                          ; 115 First St., #105, Collingwood, Ontario L9Y 4W3 Canada
    21                          ; or via email to bj@camelforth.com
    22                          ;
    23                          ; ===============================================
    24                          ; CAMEL80.AZM: Code Primitives
    25                          ;   Source code is for the Z80MR macro assembler.
    26                          ;   Forth words are documented as follows:
    27                          ;x   NAME     stack -- stack    description
    28                          ;   where x=C for ANS Forth Core words, X for ANS
    29                          ;   Extensions, Z for internal or private words.
    30                          ;
    31                          ; Direct-Threaded Forth model for Zilog Z80
    32                          ; 16 bit cell, 8 bit char, 8 bit (byte) adrs unit
    33                          ;    Z80 BC = Forth TOS (top Param Stack item)
    34                          ;        HL =       W    working register
    35                          ;        DE =       IP   Interpreter Pointer
    36                          ;        SP =       PSP  Param Stack Pointer
    37                          ;        IX =       RSP  Return Stack Pointer
    38                          ;        IY =       UP   User area Pointer
    39                          ;    A, alternate register set = temporaries
    40                          ;
    41                          ; Revision history:
    42                          ;   19 Aug 94 v1.0
    43                          ;   25 Jan 95 v1.01  now using BDOS function 0Ah
    44                          ;       for interpreter input; TIB at 82h.
    45                          ;   02 Mar 95 v1.02  changed ALIGN to ALIGNED in
    46                          ;       S" (S"); changed ,BRANCH to ,XT in DO.
    47                          ; ===============================================
    48                          ; Macros to define Forth headers
    49                          ; HEAD  label,length,name,action
    50                          ; IMMED label,length,name,action
    51                          ;    label  = assembler name for this word
    52                          ;             (special characters not allowed)
    53                          ;    length = length of name field
    54                          ;    name   = Forth's name for this word
    55                          ;    action = code routine for this word, e.g.
    56                          ;             DOCOLON, or DOCODE for code words
    57                          ; IMMED defines a header for an IMMEDIATE word.
    58                          ;
    59                          
    60                          SECTION code_user
    61                          
    62                          PUBLIC main_code_start
    63                          PUBLIC main_code_warmstart
    64                          
    65                          
    66                          
    67                          
    68                          
    69                          
    70                          
    71                          
    72                          ; NEXTHL is used when the IP is already in HL.
    73                          
    74                          
    75                          ; The NEXT macro (7 bytes) assembles the 'next'
    76                          ; code in-line in every Z80 CamelForth CODE word.
    77                          
    78                          
    79                          
    80                          
    81                          ; RESET AND INTERRUPT VECTORS ===================
    82                          
    83                          ; RC2014 Entry points
    84                          
    85                          main_code_start:
    86  0000  3e00                      ld a, 0
    87  0002  c30a00                    jp main_code_init
    88                          
    89                          main_code_warmstart:
    90  0005  3e01                      ld a, 1
    91  0007  c30a00                    jp main_code_init
    92                          
    93                          main_code_init:
    94  000a  210028                    ld hl,$2800
    95  000d  25                        dec h        ; EM-100h
    96  000e  f9                        ld sp,hl     ;      = top of param stack
    97  000f  24                        inc h        ; EM
    98  0010  e5                        push hl
    99  0011  dde1                      pop ix       ;      = top of return stack
   100  0013  25                        dec h        ; EM-200h
   101  0014  25                        dec h
   102  0015  e5                        push hl
   103  0016  fde1                      pop iy       ;      = bottom of user area
   104  0018  110100                    ld de,1      ; do reset if COLD returns
   105                          
   106  001b  b7                        or a
   107  001c  ca5816                    jp z, COLD
   108  001f  c39516                    jp WARM
   109                          
   110                          
   111                          ; Memory map:
   112                          ;   8000h       ACIA buffers
   113                          ;   8200h       ACIA buffers
   114                          ;   8400h       Terminal Input Buffer, 128 bytes
   115                          ;   EM-200h     User area, 128 bytes
   116                          ;   EM-180h     Parameter stack, 128B, grows down
   117                          ;   EM-100h     HOLD area, 40 bytes, grows down
   118                          ;   EM-0D8h     PAD buffer, 88 bytes
   119                          ;   EM-80h      Return stack, 128 B, grows down
   120                          ;   EM=87ffh    End of RAM workspace
   121                          ;   8800h       Forth kernel = start of CP/M TPA
   122                          ;     ? h       Forth dictionary (user RAM)
   123                          ;   FFFFh       Top of RAM
   124                          ; See also the definitions of U0, S0, and R0
   125                          ; in the "system variables & constants" area.
   126                          ; A task w/o terminal input requires 200h bytes.
   127                          ; Double all except TIB and PAD for 32-bit CPUs.
   128                          
   129                          ; INTERPRETER LOGIC =============================
   130                          ; See also "defining words" at end of this file
   131                          
   132                          ;C EXIT     --      exit a colon definition
   133                          
   134  0022  0000                    dw 0
   135  0024  00                      db 0
   136                          EXIT_link:
   137                          
   138  0025  0445584954              defm 4, "EXIT"
   139                          EXIT:
   140                          
   141                          
   142  002a  dd5e00                    ld e,(ix+0)    ; pop old IP from ret stk
   143  002d  dd23                      inc ix
   144  002f  dd5600                    ld d,(ix+0)
   145  0032  dd23                      inc ix
   146                          
   147  0034  eb                        ex de,hl
   148                          
   149  0035  5e                        ld e,(hl)
   150  0036  23                        inc hl
   151  0037  56                        ld d,(hl)
   152  0038  23                        inc hl
   153  0039  eb                        ex de,hl
   154  003a  e9                        jp (hl)
   155                          
   156                          
   157                          ;Z lit      -- x    fetch inline literal to stack
   158                          ; This is the primtive compiled by LITERAL.
   159                          
   160  003b  2500                    dw EXIT_link
   161  003d  00                      db 0
   162                          lit_link:
   163                          
   164  003e  034c4954                defm 3, "LIT"
   165                          lit:
   166                          
   167                          
   168  0042  c5                        push bc        ; push old TOS
   169  0043  1a                        ld a,(de)      ; fetch cell at IP to TOS,
   170  0044  4f                        ld c,a         ;        advancing IP
   171  0045  13                        inc de
   172  0046  1a                        ld a,(de)
   173  0047  47                        ld b,a
   174  0048  13                        inc de
   175                          
   176  0049  eb                        ex de,hl
   177                          
   178  004a  5e                        ld e,(hl)
   179  004b  23                        inc hl
   180  004c  56                        ld d,(hl)
   181  004d  23                        inc hl
   182  004e  eb                        ex de,hl
   183  004f  e9                        jp (hl)
   184                          
   185                          
   186                          ;C EXECUTE   i*x xt -- j*x   execute Forth word
   187                          ;C                           at 'xt'
   188                          
   189  0050  3e00                    dw lit_link
   190  0052  00                      db 0
   191                          EXECUTE_link:
   192                          
   193  0053  0745584543555445        defm 7, "EXECUTE"
   194                          EXECUTE:
   195                          
   196                          
   197  005b  60                        ld h,b          ; address of word -> HL
   198  005c  69                        ld l,c
   199  005d  c1                        pop bc          ; get new TOS
   200  005e  e9                        jp (hl)         ; go do Forth word
   201                          
   202                          ; DEFINING WORDS ================================
   203                          
   204                          ; ENTER, a.k.a. DOCOLON, entered by CALL ENTER
   205                          ; to enter a new high-level thread (colon def'n.)
   206                          ; (internal code fragment, not a Forth word)
   207                          ; N.B.: DOCOLON must be defined before any
   208                          ; appearance of 'docolon' in a 'word' macro!
   209                          docolon:               ; (alternate name)
   210  005f  dd2b              enter:  dec ix         ; push old IP on ret stack
   211  0061  dd7200                    ld (ix+0),d
   212  0064  dd2b                      dec ix
   213  0066  dd7300                    ld (ix+0),e
   214  0069  e1                        pop hl         ; param field adrs -> IP
   215                          
   216  006a  5e                        ld e,(hl)
   217  006b  23                        inc hl
   218  006c  56                        ld d,(hl)
   219  006d  23                        inc hl
   220  006e  eb                        ex de,hl
   221  006f  e9                        jp (hl)
   222                          
   223                          ;C VARIABLE   --      define a Forth variable
   224                          ;   CREATE 1 CELLS ALLOT ;
   225                          ; Action of RAM variable is identical to CREATE,
   226                          ; so we don't need a DOES> clause to change it.
   227                          
   228  0070  5300                    dw EXECUTE_link
   229  0072  00                      db 0
   230                          VARIABLE_link:
   231                          
   232  0073  085641524941424c        defm 8, "VARIABLE"
              45                
   233                          VARIABLE:
   234  007c  cd5f00                  call docolon
   235                          
   236  007f  c911420001002f07          DW CREATE,lit,1,CELLS,ALLOT,EXIT
              d60d2a00          
   237                          ; DOVAR, code action of VARIABLE, entered by CALL
   238                          ; DOCREATE, code action of newly created words
   239                          docreate:
   240                          dovar:  ; -- a-addr
   241  008b  e1                        pop hl     ; parameter field address
   242  008c  c5                        push bc    ; push old TOS
   243  008d  44                        ld b,h     ; pfa = variable's adrs -> TOS
   244  008e  4d                        ld c,l
   245                          
   246  008f  eb                        ex de,hl
   247                          
   248  0090  5e                        ld e,(hl)
   249  0091  23                        inc hl
   250  0092  56                        ld d,(hl)
   251  0093  23                        inc hl
   252  0094  eb                        ex de,hl
   253  0095  e9                        jp (hl)
   254                          
   255                          
   256                          ;C CONSTANT   n --      define a Forth constant
   257                          ;   CREATE , DOES> (machine code fragment)
   258                          
   259  0096  7300                    dw VARIABLE_link
   260  0098  00                      db 0
   261                          CONSTANT_link:
   262                          
   263  0099  08434f4e5354414e        defm 8, "CONSTANT"
              54                
   264                          CONSTANT:
   265  00a2  cd5f00                  call docolon
   266                          
   267  00a5  c911e40dfb11              DW CREATE,COMMA,XDOES
   268                          ; DOCON, code action of CONSTANT,
   269                          ; entered by CALL DOCON
   270                          docon:  ; -- x
   271  00ab  e1                        pop hl     ; parameter field address
   272  00ac  c5                        push bc    ; push old TOS
   273  00ad  4e                        ld c,(hl)  ; fetch contents of parameter
   274  00ae  23                        inc hl     ;    field -> TOS
   275  00af  46                        ld b,(hl)
   276                          
   277  00b0  eb                        ex de,hl
   278                          
   279  00b1  5e                        ld e,(hl)
   280  00b2  23                        inc hl
   281  00b3  56                        ld d,(hl)
   282  00b4  23                        inc hl
   283  00b5  eb                        ex de,hl
   284  00b6  e9                        jp (hl)
   285                          
   286                          
   287                          ;Z USER     n --        define user variable 'n'
   288                          ;   CREATE , DOES> (machine code fragment)
   289                          
   290  00b7  9900                    dw CONSTANT_link
   291  00b9  00                      db 0
   292                          USER_link:
   293                          
   294  00ba  0455534552              defm 4, "USER"
   295                          USER:
   296  00bf  cd5f00                  call docolon
   297                          
   298  00c2  c911e40dfb11              DW CREATE,COMMA,XDOES
   299                          ; DOUSER, code action of USER,
   300                          ; entered by CALL DOUSER
   301                          douser:  ; -- a-addr
   302  00c8  e1                        pop hl     ; parameter field address
   303  00c9  c5                        push bc    ; push old TOS
   304  00ca  4e                        ld c,(hl)  ; fetch contents of parameter
   305  00cb  23                        inc hl     ;    field
   306  00cc  46                        ld b,(hl)
   307  00cd  fde5                      push iy    ; copy user base address to HL
   308  00cf  e1                        pop hl
   309  00d0  09                        add hl,bc  ;    and add offset
   310  00d1  44                        ld b,h     ; put result in TOS
   311  00d2  4d                        ld c,l
   312                          
   313  00d3  eb                        ex de,hl
   314                          
   315  00d4  5e                        ld e,(hl)
   316  00d5  23                        inc hl
   317  00d6  56                        ld d,(hl)
   318  00d7  23                        inc hl
   319  00d8  eb                        ex de,hl
   320  00d9  e9                        jp (hl)
   321                          
   322                          
   323                          ; DODOES, code action of DOES> clause
   324                          ; entered by       CALL fragment
   325                          ;                  parameter field
   326                          ;                       ...
   327                          ;        fragment: CALL DODOES
   328                          ;                  high-level thread
   329                          ; Enters high-level thread with address of
   330                          ; parameter field on top of stack.
   331                          ; (internal code fragment, not a Forth word)
   332                          dodoes: ; -- a-addr
   333  00da  dd2b                      dec ix         ; push old IP on ret stk
   334  00dc  dd7200                    ld (ix+0),d
   335  00df  dd2b                      dec ix
   336  00e1  dd7300                    ld (ix+0),e
   337  00e4  d1                        pop de         ; adrs of new thread -> IP
   338  00e5  e1                        pop hl         ; adrs of parameter field
   339  00e6  c5                        push bc        ; push old TOS onto stack
   340  00e7  44                        ld b,h         ; pfa -> new TOS
   341  00e8  4d                        ld c,l
   342                          
   343  00e9  eb                        ex de,hl
   344                          
   345  00ea  5e                        ld e,(hl)
   346  00eb  23                        inc hl
   347  00ec  56                        ld d,(hl)
   348  00ed  23                        inc hl
   349  00ee  eb                        ex de,hl
   350  00ef  e9                        jp (hl)
   351                          
   352                          
   353                          ; TERMINAL I/O ==================================
   354                          
   355                          
   356                          
   357                          ;C EMIT     c --    output character to console
   358                          ;   6 BDOS DROP ;
   359                          ; warning: if c=0ffh, will read one keypress
   360                          
   361  00f0  ba00                    dw USER_link
   362  00f2  00                      db 0
   363                          EMIT_link:
   364                          
   365  00f3  04454d4954              defm 4, "EMIT"
   366                          EMIT:
   367                          
   368                          
   369  00f8  79                        ld a,c
   370  00f9  cf                        rst 0x08
   371                                  ;pop hl
   372  00fa  c1                        pop bc
   373                          
   374  00fb  eb                        ex de,hl
   375                          
   376  00fc  5e                        ld e,(hl)
   377  00fd  23                        inc hl
   378  00fe  56                        ld d,(hl)
   379  00ff  23                        inc hl
   380  0100  eb                        ex de,hl
   381  0101  e9                        jp (hl)
   382                          
   383                          
   384                          ;X KEY?     -- f    return true if char waiting
   385                          ;   0FF 6 BDOS DUP SAVEKEY C! ;   rtns 0 or key
   386                          ; must use BDOS function 6 to work with KEY
   387                          
   388  0102  f300                    dw EMIT_link
   389  0104  00                      db 0
   390                          QUERYKEY_link:
   391                          
   392  0105  044b45593f              defm 4, "KEY?"
   393                          QUERYKEY:
   394                          
   395                          
   396  010a  c5                        push bc
   397  010b  df                        rst 0x18
   398  010c  4f                        ld c,a
   399  010d  0600                      ld b,0
   400                          
   401  010f  eb                        ex de,hl
   402                          
   403  0110  5e                        ld e,(hl)
   404  0111  23                        inc hl
   405  0112  56                        ld d,(hl)
   406  0113  23                        inc hl
   407  0114  eb                        ex de,hl
   408  0115  e9                        jp (hl)
   409                          
   410                          
   411                          
   412                          ;C KEY      -- c    get character from keyboard
   413                          ;   BEGIN SAVEKEY C@ 0= WHILE KEY? DROP REPEAT
   414                          ;   SAVEKEY C@  0 SAVEKEY C! ;
   415                          ; must use CP/M direct console I/O to avoid echo
   416                          ; (BDOS function 6, contained within KEY?)
   417                          
   418  0116  0501                    dw QUERYKEY_link
   419  0118  00                      db 0
   420                          KEY_link:
   421                          
   422  0119  034b4559                defm 3, "KEY"
   423                          KEY:
   424                          
   425                          
   426  011d  c5                        push bc
   427                          
   428                          KEY_loop:
   429  011e  d7                        rst 0x10
   430                          
   431                                  ; convert DOS and Unix line-endings to CR keypress
   432  011f  fe0a                      cp 10
   433  0121  2805                      jr z, KEY_handle_lf
   434  0123  320000                    ld (last_key), a
   435                          
   436  0126  180e                      jr KEY_end
   437                          
   438                          KEY_handle_lf:
   439  0128  3a0000                    ld a, (last_key)  ; is DOS line-ending?
   440  012b  fe0d                      cp 13
   441  012d  28ef                      jr z, KEY_loop
   442                          
   443  012f  320000                    ld (last_key), a  ; must be Unix-line-ending
   444  0132  3e0d                      ld a, 13
   445  0134  1800                      jr KEY_end
   446                          
   447                          KEY_end:
   448  0136  4f                        ld c,a
   449  0137  0600                      ld b,0
   450                          
   451  0139  eb                        ex de,hl
   452                          
   453  013a  5e                        ld e,(hl)
   454  013b  23                        inc hl
   455  013c  56                        ld d,(hl)
   456  013d  23                        inc hl
   457  013e  eb                        ex de,hl
   458  013f  e9                        jp (hl)
   459                          
   460                          
   461                          SECTION data_user
   462  0000  00                last_key: db 0
   463                          SECTION code_user
   464                          
   465                          
   466                          ;X BYE     i*x --    return to CP/M
   467                          
   468  0140  1901                    dw KEY_link
   469  0142  00                      db 0
   470                          BYE_link:
   471                          
   472  0143  03425945                defm 3, "BYE"
   473                          BYE:
   474                          
   475                          
   476  0147  c30000                    jp 0
   477                          
   478                          ; STACK OPERATIONS ==============================
   479                          
   480                          ;C DUP      x -- x x      duplicate top of stack
   481                          
   482  014a  4301                    dw BYE_link
   483  014c  00                      db 0
   484                          DUP_link:
   485                          
   486  014d  03445550                defm 3, "DUP"
   487                          DUP:
   488                          
   489                          
   490  0151  c5                pushtos: push bc
   491                          
   492  0152  eb                        ex de,hl
   493                          
   494  0153  5e                        ld e,(hl)
   495  0154  23                        inc hl
   496  0155  56                        ld d,(hl)
   497  0156  23                        inc hl
   498  0157  eb                        ex de,hl
   499  0158  e9                        jp (hl)
   500                          
   501                          
   502                          ;C ?DUP     x -- 0 | x x    DUP if nonzero
   503                          
   504  0159  4d01                    dw DUP_link
   505  015b  00                      db 0
   506                          QDUP_link:
   507                          
   508  015c  043f445550              defm 4, "?DUP"
   509                          QDUP:
   510                          
   511                          
   512  0161  78                        ld a,b
   513  0162  b1                        or c
   514  0163  20ec                      jr nz,pushtos
   515                          
   516  0165  eb                        ex de,hl
   517                          
   518  0166  5e                        ld e,(hl)
   519  0167  23                        inc hl
   520  0168  56                        ld d,(hl)
   521  0169  23                        inc hl
   522  016a  eb                        ex de,hl
   523  016b  e9                        jp (hl)
   524                          
   525                          
   526                          ;C DROP     x --          drop top of stack
   527                          
   528  016c  5c01                    dw QDUP_link
   529  016e  00                      db 0
   530                          DROP_link:
   531                          
   532  016f  0444524f50              defm 4, "DROP"
   533                          DROP:
   534                          
   535                          
   536  0174  c1                poptos: pop bc
   537                          
   538  0175  eb                        ex de,hl
   539                          
   540  0176  5e                        ld e,(hl)
   541  0177  23                        inc hl
   542  0178  56                        ld d,(hl)
   543  0179  23                        inc hl
   544  017a  eb                        ex de,hl
   545  017b  e9                        jp (hl)
   546                          
   547                          
   548                          ;C SWAP     x1 x2 -- x2 x1    swap top two items
   549                          
   550  017c  6f01                    dw DROP_link
   551  017e  00                      db 0
   552                          SWOP_link:
   553                          
   554  017f  0453574150              defm 4, "SWAP"
   555                          SWOP:
   556                          
   557                          
   558  0184  e1                        pop hl
   559  0185  c5                        push bc
   560  0186  44                        ld b,h
   561  0187  4d                        ld c,l
   562                          
   563  0188  eb                        ex de,hl
   564                          
   565  0189  5e                        ld e,(hl)
   566  018a  23                        inc hl
   567  018b  56                        ld d,(hl)
   568  018c  23                        inc hl
   569  018d  eb                        ex de,hl
   570  018e  e9                        jp (hl)
   571                          
   572                          
   573                          ;C OVER    x1 x2 -- x1 x2 x1   per stack diagram
   574                          
   575  018f  7f01                    dw SWOP_link
   576  0191  00                      db 0
   577                          OVER_link:
   578                          
   579  0192  044f564552              defm 4, "OVER"
   580                          OVER:
   581                          
   582                          
   583  0197  e1                        pop hl
   584  0198  e5                        push hl
   585  0199  c5                        push bc
   586  019a  44                        ld b,h
   587  019b  4d                        ld c,l
   588                          
   589  019c  eb                        ex de,hl
   590                          
   591  019d  5e                        ld e,(hl)
   592  019e  23                        inc hl
   593  019f  56                        ld d,(hl)
   594  01a0  23                        inc hl
   595  01a1  eb                        ex de,hl
   596  01a2  e9                        jp (hl)
   597                          
   598                          
   599                          ;C ROT    x1 x2 x3 -- x2 x3 x1  per stack diagram
   600                          
   601  01a3  9201                    dw OVER_link
   602  01a5  00                      db 0
   603                          ROT_link:
   604                          
   605  01a6  03524f54                defm 3, "ROT"
   606                          ROT:
   607                          
   608                          
   609                                  ; x3 is in TOS
   610  01aa  e1                        pop hl          ; x2
   611  01ab  e3                        ex (sp),hl      ; x2 on stack, x1 in hl
   612  01ac  c5                        push bc
   613  01ad  44                        ld b,h
   614  01ae  4d                        ld c,l
   615                          
   616  01af  eb                        ex de,hl
   617                          
   618  01b0  5e                        ld e,(hl)
   619  01b1  23                        inc hl
   620  01b2  56                        ld d,(hl)
   621  01b3  23                        inc hl
   622  01b4  eb                        ex de,hl
   623  01b5  e9                        jp (hl)
   624                          
   625                          
   626                          ;X NIP    x1 x2 -- x2           per stack diagram
   627                          
   628  01b6  a601                    dw ROT_link
   629  01b8  00                      db 0
   630                          NIP_link:
   631                          
   632  01b9  034e4950                defm 3, "NIP"
   633                          NIP:
   634  01bd  cd5f00                  call docolon
   635                          
   636  01c0  840174012a00              DW SWOP,DROP,EXIT
   637                          
   638                          ;X TUCK   x1 x2 -- x2 x1 x2     per stack diagram
   639                          
   640  01c6  b901                    dw NIP_link
   641  01c8  00                      db 0
   642                          TUCK_link:
   643                          
   644  01c9  045455434b              defm 4, "TUCK"
   645                          TUCK:
   646  01ce  cd5f00                  call docolon
   647                          
   648  01d1  840197012a00              DW SWOP,OVER,EXIT
   649                          
   650                          ;C >R    x --   R: -- x   push to return stack
   651                          
   652  01d7  c901                    dw TUCK_link
   653  01d9  00                      db 0
   654                          TOR_link:
   655                          
   656  01da  023e52                  defm 2, ">R"
   657                          TOR:
   658                          
   659                          
   660  01dd  dd2b                      dec ix          ; push TOS onto rtn stk
   661  01df  dd7000                    ld (ix+0),b
   662  01e2  dd2b                      dec ix
   663  01e4  dd7100                    ld (ix+0),c
   664  01e7  c1                        pop bc          ; pop new TOS
   665                          
   666  01e8  eb                        ex de,hl
   667                          
   668  01e9  5e                        ld e,(hl)
   669  01ea  23                        inc hl
   670  01eb  56                        ld d,(hl)
   671  01ec  23                        inc hl
   672  01ed  eb                        ex de,hl
   673  01ee  e9                        jp (hl)
   674                          
   675                          
   676                          ;C R>    -- x    R: x --   pop from return stack
   677                          
   678  01ef  da01                    dw TOR_link
   679  01f1  00                      db 0
   680                          RFROM_link:
   681                          
   682  01f2  02523e                  defm 2, "R>"
   683                          RFROM:
   684                          
   685                          
   686  01f5  c5                        push bc         ; push old TOS
   687  01f6  dd4e00                    ld c,(ix+0)     ; pop top rtn stk item
   688  01f9  dd23                      inc ix          ;       to TOS
   689  01fb  dd4600                    ld b,(ix+0)
   690  01fe  dd23                      inc ix
   691                          
   692  0200  eb                        ex de,hl
   693                          
   694  0201  5e                        ld e,(hl)
   695  0202  23                        inc hl
   696  0203  56                        ld d,(hl)
   697  0204  23                        inc hl
   698  0205  eb                        ex de,hl
   699  0206  e9                        jp (hl)
   700                          
   701                          
   702                          ;C R@    -- x     R: x -- x   fetch from rtn stk
   703                          
   704  0207  f201                    dw RFROM_link
   705  0209  00                      db 0
   706                          RFETCH_link:
   707                          
   708  020a  025240                  defm 2, "R@"
   709                          RFETCH:
   710                          
   711                          
   712  020d  c5                        push bc         ; push old TOS
   713  020e  dd4e00                    ld c,(ix+0)     ; fetch top rtn stk item
   714  0211  dd4601                    ld b,(ix+1)     ;       to TOS
   715                          
   716  0214  eb                        ex de,hl
   717                          
   718  0215  5e                        ld e,(hl)
   719  0216  23                        inc hl
   720  0217  56                        ld d,(hl)
   721  0218  23                        inc hl
   722  0219  eb                        ex de,hl
   723  021a  e9                        jp (hl)
   724                          
   725                          
   726                          ;Z SP@  -- a-addr       get data stack pointer
   727                          
   728  021b  0a02                    dw RFETCH_link
   729  021d  00                      db 0
   730                          SPFETCH_link:
   731                          
   732  021e  03535040                defm 3, "SP@"
   733                          SPFETCH:
   734                          
   735                          
   736  0222  c5                        push bc
   737  0223  210000                    ld hl,0
   738  0226  39                        add hl,sp
   739  0227  44                        ld b,h
   740  0228  4d                        ld c,l
   741                          
   742  0229  eb                        ex de,hl
   743                          
   744  022a  5e                        ld e,(hl)
   745  022b  23                        inc hl
   746  022c  56                        ld d,(hl)
   747  022d  23                        inc hl
   748  022e  eb                        ex de,hl
   749  022f  e9                        jp (hl)
   750                          
   751                          
   752                          ;Z SP!  a-addr --       set data stack pointer
   753                          
   754  0230  1e02                    dw SPFETCH_link
   755  0232  00                      db 0
   756                          SPSTORE_link:
   757                          
   758  0233  03535021                defm 3, "SP!"
   759                          SPSTORE:
   760                          
   761                          
   762  0237  60                        ld h,b
   763  0238  69                        ld l,c
   764  0239  f9                        ld sp,hl
   765  023a  c1                        pop bc          ; get new TOS
   766                          
   767  023b  eb                        ex de,hl
   768                          
   769  023c  5e                        ld e,(hl)
   770  023d  23                        inc hl
   771  023e  56                        ld d,(hl)
   772  023f  23                        inc hl
   773  0240  eb                        ex de,hl
   774  0241  e9                        jp (hl)
   775                          
   776                          
   777                          ;Z RP@  -- a-addr       get return stack pointer
   778                          
   779  0242  3302                    dw SPSTORE_link
   780  0244  00                      db 0
   781                          RPFETCH_link:
   782                          
   783  0245  03525040                defm 3, "RP@"
   784                          RPFETCH:
   785                          
   786                          
   787  0249  c5                        push bc
   788  024a  dde5                      push ix
   789  024c  c1                        pop bc
   790                          
   791  024d  eb                        ex de,hl
   792                          
   793  024e  5e                        ld e,(hl)
   794  024f  23                        inc hl
   795  0250  56                        ld d,(hl)
   796  0251  23                        inc hl
   797  0252  eb                        ex de,hl
   798  0253  e9                        jp (hl)
   799                          
   800                          
   801                          ;Z RP!  a-addr --       set return stack pointer
   802                          
   803  0254  4502                    dw RPFETCH_link
   804  0256  00                      db 0
   805                          RPSTORE_link:
   806                          
   807  0257  03525021                defm 3, "RP!"
   808                          RPSTORE:
   809                          
   810                          
   811  025b  c5                        push bc
   812  025c  dde1                      pop ix
   813  025e  c1                        pop bc
   814                          
   815  025f  eb                        ex de,hl
   816                          
   817  0260  5e                        ld e,(hl)
   818  0261  23                        inc hl
   819  0262  56                        ld d,(hl)
   820  0263  23                        inc hl
   821  0264  eb                        ex de,hl
   822  0265  e9                        jp (hl)
   823                          
   824                          
   825                          ; MEMORY AND I/O OPERATIONS =====================
   826                          
   827                          ;C !        x a-addr --   store cell in memory
   828                          
   829  0266  5702                    dw RPSTORE_link
   830  0268  00                      db 0
   831                          STORE_link:
   832                          
   833  0269  0121                    defm 1, "!"
   834                          STORE:
   835                          
   836                          
   837  026b  60                        ld h,b          ; address in hl
   838  026c  69                        ld l,c
   839  026d  c1                        pop bc          ; data in bc
   840  026e  71                        ld (hl),c
   841  026f  23                        inc hl
   842  0270  70                        ld (hl),b
   843  0271  c1                        pop bc          ; pop new TOS
   844                          
   845  0272  eb                        ex de,hl
   846                          
   847  0273  5e                        ld e,(hl)
   848  0274  23                        inc hl
   849  0275  56                        ld d,(hl)
   850  0276  23                        inc hl
   851  0277  eb                        ex de,hl
   852  0278  e9                        jp (hl)
   853                          
   854                          
   855                          ;C C!      char c-addr --    store char in memory
   856                          
   857  0279  6902                    dw STORE_link
   858  027b  00                      db 0
   859                          CSTORE_link:
   860                          
   861  027c  024321                  defm 2, "C!"
   862                          CSTORE:
   863                          
   864                          
   865  027f  60                        ld h,b          ; address in hl
   866  0280  69                        ld l,c
   867  0281  c1                        pop bc          ; data in bc
   868  0282  71                        ld (hl),c
   869  0283  c1                        pop bc          ; pop new TOS
   870                          
   871  0284  eb                        ex de,hl
   872                          
   873  0285  5e                        ld e,(hl)
   874  0286  23                        inc hl
   875  0287  56                        ld d,(hl)
   876  0288  23                        inc hl
   877  0289  eb                        ex de,hl
   878  028a  e9                        jp (hl)
   879                          
   880                          
   881                          ;C @       a-addr -- x   fetch cell from memory
   882                          
   883  028b  7c02                    dw CSTORE_link
   884  028d  00                      db 0
   885                          FETCH_link:
   886                          
   887  028e  0140                    defm 1, "@"
   888                          FETCH:
   889                          
   890                          
   891  0290  60                        ld h,b          ; address in hl
   892  0291  69                        ld l,c
   893  0292  4e                        ld c,(hl)
   894  0293  23                        inc hl
   895  0294  46                        ld b,(hl)
   896                          
   897  0295  eb                        ex de,hl
   898                          
   899  0296  5e                        ld e,(hl)
   900  0297  23                        inc hl
   901  0298  56                        ld d,(hl)
   902  0299  23                        inc hl
   903  029a  eb                        ex de,hl
   904  029b  e9                        jp (hl)
   905                          
   906                          
   907                          ;C C@     c-addr -- char   fetch char from memory
   908                          
   909  029c  8e02                    dw FETCH_link
   910  029e  00                      db 0
   911                          CFETCH_link:
   912                          
   913  029f  024340                  defm 2, "C@"
   914                          CFETCH:
   915                          
   916                          
   917  02a2  0a                        ld a,(bc)
   918  02a3  4f                        ld c,a
   919  02a4  0600                      ld b,0
   920                          
   921  02a6  eb                        ex de,hl
   922                          
   923  02a7  5e                        ld e,(hl)
   924  02a8  23                        inc hl
   925  02a9  56                        ld d,(hl)
   926  02aa  23                        inc hl
   927  02ab  eb                        ex de,hl
   928  02ac  e9                        jp (hl)
   929                          
   930                          
   931                          ;Z PC!     char c-addr --    output char to port
   932                          
   933  02ad  9f02                    dw CFETCH_link
   934  02af  00                      db 0
   935                          PCSTORE_link:
   936                          
   937  02b0  03504321                defm 3, "PC!"
   938                          PCSTORE:
   939                          
   940                          
   941  02b4  e1                        pop hl          ; char in L
   942  02b5  ed69                      out (c),l       ; to port (BC)
   943  02b7  c1                        pop bc          ; pop new TOS
   944                          
   945  02b8  eb                        ex de,hl
   946                          
   947  02b9  5e                        ld e,(hl)
   948  02ba  23                        inc hl
   949  02bb  56                        ld d,(hl)
   950  02bc  23                        inc hl
   951  02bd  eb                        ex de,hl
   952  02be  e9                        jp (hl)
   953                          
   954                          
   955                          ;Z PC@     c-addr -- char   input char from port
   956                          
   957  02bf  b002                    dw PCSTORE_link
   958  02c1  00                      db 0
   959                          PCFETCH_link:
   960                          
   961  02c2  03504340                defm 3, "PC@"
   962                          PCFETCH:
   963                          
   964                          
   965  02c6  ed48                      in c,(c)        ; read port (BC) to C
   966  02c8  0600                      ld b,0
   967                          
   968  02ca  eb                        ex de,hl
   969                          
   970  02cb  5e                        ld e,(hl)
   971  02cc  23                        inc hl
   972  02cd  56                        ld d,(hl)
   973  02ce  23                        inc hl
   974  02cf  eb                        ex de,hl
   975  02d0  e9                        jp (hl)
   976                          
   977                          
   978                          ; ARITHMETIC AND LOGICAL OPERATIONS =============
   979                          
   980                          ;C +       n1/u1 n2/u2 -- n3/u3     add n1+n2
   981                          
   982  02d1  c202                    dw PCFETCH_link
   983  02d3  00                      db 0
   984                          PLUS_link:
   985                          
   986  02d4  012b                    defm 1, "+"
   987                          PLUS:
   988                          
   989                          
   990  02d6  e1                        pop hl
   991  02d7  09                        add hl,bc
   992  02d8  44                        ld b,h
   993  02d9  4d                        ld c,l
   994                          
   995  02da  eb                        ex de,hl
   996                          
   997  02db  5e                        ld e,(hl)
   998  02dc  23                        inc hl
   999  02dd  56                        ld d,(hl)
  1000  02de  23                        inc hl
  1001  02df  eb                        ex de,hl
  1002  02e0  e9                        jp (hl)
  1003                          
  1004                          
  1005                          ;X M+       d n -- d         add single to double
  1006                          
  1007  02e1  d402                    dw PLUS_link
  1008  02e3  00                      db 0
  1009                          MPLUS_link:
  1010                          
  1011  02e4  024d2b                  defm 2, "M+"
  1012                          MPLUS:
  1013                          
  1014                          
  1015  02e7  eb                        ex de,hl
  1016  02e8  d1                        pop de          ; hi cell
  1017  02e9  e3                        ex (sp),hl      ; lo cell, save IP
  1018  02ea  09                        add hl,bc
  1019  02eb  42                        ld b,d          ; hi result in BC (TOS)
  1020  02ec  4b                        ld c,e
  1021  02ed  3001                      jr nc,mplus1
  1022  02ef  03                        inc bc
  1023  02f0  d1                mplus1: pop de          ; restore saved IP
  1024  02f1  e5                        push hl         ; push lo result
  1025                          
  1026  02f2  eb                        ex de,hl
  1027                          
  1028  02f3  5e                        ld e,(hl)
  1029  02f4  23                        inc hl
  1030  02f5  56                        ld d,(hl)
  1031  02f6  23                        inc hl
  1032  02f7  eb                        ex de,hl
  1033  02f8  e9                        jp (hl)
  1034                          
  1035                          
  1036                          ;C -      n1/u1 n2/u2 -- n3/u3    subtract n1-n2
  1037                          
  1038  02f9  e402                    dw MPLUS_link
  1039  02fb  00                      db 0
  1040                          MINUS_link:
  1041                          
  1042  02fc  012d                    defm 1, "-"
  1043                          MINUS:
  1044                          
  1045                          
  1046  02fe  e1                        pop hl
  1047  02ff  b7                        or a
  1048  0300  ed42                      sbc hl,bc
  1049  0302  44                        ld b,h
  1050  0303  4d                        ld c,l
  1051                          
  1052  0304  eb                        ex de,hl
  1053                          
  1054  0305  5e                        ld e,(hl)
  1055  0306  23                        inc hl
  1056  0307  56                        ld d,(hl)
  1057  0308  23                        inc hl
  1058  0309  eb                        ex de,hl
  1059  030a  e9                        jp (hl)
  1060                          
  1061                          
  1062                          ;C AND    x1 x2 -- x3            logical AND
  1063                          
  1064  030b  fc02                    dw MINUS_link
  1065  030d  00                      db 0
  1066                          AND_link:
  1067                          
  1068  030e  03414e44                defm 3, "AND"
  1069                          AND:
  1070                          
  1071                          
  1072  0312  e1                        pop hl
  1073  0313  78                        ld a,b
  1074  0314  a4                        and h
  1075  0315  47                        ld b,a
  1076  0316  79                        ld a,c
  1077  0317  a5                        and l
  1078  0318  4f                        ld c,a
  1079                          
  1080  0319  eb                        ex de,hl
  1081                          
  1082  031a  5e                        ld e,(hl)
  1083  031b  23                        inc hl
  1084  031c  56                        ld d,(hl)
  1085  031d  23                        inc hl
  1086  031e  eb                        ex de,hl
  1087  031f  e9                        jp (hl)
  1088                          
  1089                          
  1090                          ;C OR     x1 x2 -- x3           logical OR
  1091                          
  1092  0320  0e03                    dw AND_link
  1093  0322  00                      db 0
  1094                          OR_link:
  1095                          
  1096  0323  024f52                  defm 2, "OR"
  1097                          OR:
  1098                          
  1099                          
  1100  0326  e1                        pop hl
  1101  0327  78                        ld a,b
  1102  0328  b4                        or h
  1103  0329  47                        ld b,a
  1104  032a  79                        ld a,c
  1105  032b  b5                        or l
  1106  032c  4f                        ld c,a
  1107                          
  1108  032d  eb                        ex de,hl
  1109                          
  1110  032e  5e                        ld e,(hl)
  1111  032f  23                        inc hl
  1112  0330  56                        ld d,(hl)
  1113  0331  23                        inc hl
  1114  0332  eb                        ex de,hl
  1115  0333  e9                        jp (hl)
  1116                          
  1117                          
  1118                          ;C XOR    x1 x2 -- x3            logical XOR
  1119                          
  1120  0334  2303                    dw OR_link
  1121  0336  00                      db 0
  1122                          XOR_link:
  1123                          
  1124  0337  03584f52                defm 3, "XOR"
  1125                          XOR:
  1126                          
  1127                          
  1128  033b  e1                        pop hl
  1129  033c  78                        ld a,b
  1130  033d  ac                        xor h
  1131  033e  47                        ld b,a
  1132  033f  79                        ld a,c
  1133  0340  ad                        xor l
  1134  0341  4f                        ld c,a
  1135                          
  1136  0342  eb                        ex de,hl
  1137                          
  1138  0343  5e                        ld e,(hl)
  1139  0344  23                        inc hl
  1140  0345  56                        ld d,(hl)
  1141  0346  23                        inc hl
  1142  0347  eb                        ex de,hl
  1143  0348  e9                        jp (hl)
  1144                          
  1145                          
  1146                          ;C INVERT   x1 -- x2            bitwise inversion
  1147                          
  1148  0349  3703                    dw XOR_link
  1149  034b  00                      db 0
  1150                          INVERT_link:
  1151                          
  1152  034c  06494e56455254          defm 6, "INVERT"
  1153                          INVERT:
  1154                          
  1155                          
  1156  0353  78                        ld a,b
  1157  0354  2f                        cpl
  1158  0355  47                        ld b,a
  1159  0356  79                        ld a,c
  1160  0357  2f                        cpl
  1161  0358  4f                        ld c,a
  1162                          
  1163  0359  eb                        ex de,hl
  1164                          
  1165  035a  5e                        ld e,(hl)
  1166  035b  23                        inc hl
  1167  035c  56                        ld d,(hl)
  1168  035d  23                        inc hl
  1169  035e  eb                        ex de,hl
  1170  035f  e9                        jp (hl)
  1171                          
  1172                          
  1173                          ;C NEGATE   x1 -- x2            two's complement
  1174                          
  1175  0360  4c03                    dw INVERT_link
  1176  0362  00                      db 0
  1177                          NEGATE_link:
  1178                          
  1179  0363  064e4547415445          defm 6, "NEGATE"
  1180                          NEGATE:
  1181                          
  1182                          
  1183  036a  78                        ld a,b
  1184  036b  2f                        cpl
  1185  036c  47                        ld b,a
  1186  036d  79                        ld a,c
  1187  036e  2f                        cpl
  1188  036f  4f                        ld c,a
  1189  0370  03                        inc bc
  1190                          
  1191  0371  eb                        ex de,hl
  1192                          
  1193  0372  5e                        ld e,(hl)
  1194  0373  23                        inc hl
  1195  0374  56                        ld d,(hl)
  1196  0375  23                        inc hl
  1197  0376  eb                        ex de,hl
  1198  0377  e9                        jp (hl)
  1199                          
  1200                          
  1201                          ;C 1+      n1/u1 -- n2/u2       add 1 to TOS
  1202                          
  1203  0378  6303                    dw NEGATE_link
  1204  037a  00                      db 0
  1205                          ONEPLUS_link:
  1206                          
  1207  037b  02312b                  defm 2, "1+"
  1208                          ONEPLUS:
  1209                          
  1210                          
  1211  037e  03                        inc bc
  1212                          
  1213  037f  eb                        ex de,hl
  1214                          
  1215  0380  5e                        ld e,(hl)
  1216  0381  23                        inc hl
  1217  0382  56                        ld d,(hl)
  1218  0383  23                        inc hl
  1219  0384  eb                        ex de,hl
  1220  0385  e9                        jp (hl)
  1221                          
  1222                          
  1223                          ;C 1-      n1/u1 -- n2/u2     subtract 1 from TOS
  1224                          
  1225  0386  7b03                    dw ONEPLUS_link
  1226  0388  00                      db 0
  1227                          ONEMINUS_link:
  1228                          
  1229  0389  02312d                  defm 2, "1-"
  1230                          ONEMINUS:
  1231                          
  1232                          
  1233  038c  0b                        dec bc
  1234                          
  1235  038d  eb                        ex de,hl
  1236                          
  1237  038e  5e                        ld e,(hl)
  1238  038f  23                        inc hl
  1239  0390  56                        ld d,(hl)
  1240  0391  23                        inc hl
  1241  0392  eb                        ex de,hl
  1242  0393  e9                        jp (hl)
  1243                          
  1244                          
  1245                          ;Z ><      x1 -- x2         swap bytes (not ANSI)
  1246                          
  1247  0394  8903                    dw ONEMINUS_link
  1248  0396  00                      db 0
  1249                          swapbytes_link:
  1250                          
  1251  0397  023e3c                  defm 2, "><"
  1252                          swapbytes:
  1253                          
  1254                          
  1255  039a  78                        ld a,b
  1256  039b  41                        ld b,c
  1257  039c  4f                        ld c,a
  1258                          
  1259  039d  eb                        ex de,hl
  1260                          
  1261  039e  5e                        ld e,(hl)
  1262  039f  23                        inc hl
  1263  03a0  56                        ld d,(hl)
  1264  03a1  23                        inc hl
  1265  03a2  eb                        ex de,hl
  1266  03a3  e9                        jp (hl)
  1267                          
  1268                          
  1269                          ;C 2*      x1 -- x2         arithmetic left shift
  1270                          
  1271  03a4  9703                    dw swapbytes_link
  1272  03a6  00                      db 0
  1273                          TWOSTAR_link:
  1274                          
  1275  03a7  02322a                  defm 2, "2*"
  1276                          TWOSTAR:
  1277                          
  1278                          
  1279  03aa  cb21                      sla c
  1280  03ac  cb10                      rl b
  1281                          
  1282  03ae  eb                        ex de,hl
  1283                          
  1284  03af  5e                        ld e,(hl)
  1285  03b0  23                        inc hl
  1286  03b1  56                        ld d,(hl)
  1287  03b2  23                        inc hl
  1288  03b3  eb                        ex de,hl
  1289  03b4  e9                        jp (hl)
  1290                          
  1291                          
  1292                          ;C 2/      x1 -- x2        arithmetic right shift
  1293                          
  1294  03b5  a703                    dw TWOSTAR_link
  1295  03b7  00                      db 0
  1296                          TWOSLASH_link:
  1297                          
  1298  03b8  02322f                  defm 2, "2/"
  1299                          TWOSLASH:
  1300                          
  1301                          
  1302  03bb  cb28                      sra b
  1303  03bd  cb19                      rr c
  1304                          
  1305  03bf  eb                        ex de,hl
  1306                          
  1307  03c0  5e                        ld e,(hl)
  1308  03c1  23                        inc hl
  1309  03c2  56                        ld d,(hl)
  1310  03c3  23                        inc hl
  1311  03c4  eb                        ex de,hl
  1312  03c5  e9                        jp (hl)
  1313                          
  1314                          
  1315                          ;C LSHIFT  x1 u -- x2    logical L shift u places
  1316                          
  1317  03c6  b803                    dw TWOSLASH_link
  1318  03c8  00                      db 0
  1319                          LSHIFT_link:
  1320                          
  1321  03c9  064c5348494654          defm 6, "LSHIFT"
  1322                          LSHIFT:
  1323                          
  1324                          
  1325  03d0  41                        ld b,c        ; b = loop counter
  1326  03d1  e1                        pop hl        ;   NB: hi 8 bits ignored!
  1327  03d2  04                        inc b         ; test for counter=0 case
  1328  03d3  1801                      jr lsh2
  1329  03d5  29                lsh1:   add hl,hl     ; left shift HL, n times
  1330  03d6  10fd              lsh2:   djnz lsh1
  1331  03d8  44                        ld b,h        ; result is new TOS
  1332  03d9  4d                        ld c,l
  1333                          
  1334  03da  eb                        ex de,hl
  1335                          
  1336  03db  5e                        ld e,(hl)
  1337  03dc  23                        inc hl
  1338  03dd  56                        ld d,(hl)
  1339  03de  23                        inc hl
  1340  03df  eb                        ex de,hl
  1341  03e0  e9                        jp (hl)
  1342                          
  1343                          
  1344                          ;C RSHIFT  x1 u -- x2    logical R shift u places
  1345                          
  1346  03e1  c903                    dw LSHIFT_link
  1347  03e3  00                      db 0
  1348                          RSHIFT_link:
  1349                          
  1350  03e4  06525348494654          defm 6, "RSHIFT"
  1351                          RSHIFT:
  1352                          
  1353                          
  1354  03eb  41                        ld b,c        ; b = loop counter
  1355  03ec  e1                        pop hl        ;   NB: hi 8 bits ignored!
  1356  03ed  04                        inc b         ; test for counter=0 case
  1357  03ee  1804                      jr rsh2
  1358  03f0  cb3c              rsh1:   srl h         ; right shift HL, n times
  1359  03f2  cb1d                      rr l
  1360  03f4  10fa              rsh2:   djnz rsh1
  1361  03f6  44                        ld b,h        ; result is new TOS
  1362  03f7  4d                        ld c,l
  1363                          
  1364  03f8  eb                        ex de,hl
  1365                          
  1366  03f9  5e                        ld e,(hl)
  1367  03fa  23                        inc hl
  1368  03fb  56                        ld d,(hl)
  1369  03fc  23                        inc hl
  1370  03fd  eb                        ex de,hl
  1371  03fe  e9                        jp (hl)
  1372                          
  1373                          
  1374                          ;C +!     n/u a-addr --       add cell to memory
  1375                          
  1376  03ff  e403                    dw RSHIFT_link
  1377  0401  00                      db 0
  1378                          PLUSSTORE_link:
  1379                          
  1380  0402  022b21                  defm 2, "+!"
  1381                          PLUSSTORE:
  1382                          
  1383                          
  1384  0405  e1                        pop hl
  1385  0406  0a                        ld a,(bc)       ; low byte
  1386  0407  85                        add a,l
  1387  0408  02                        ld (bc),a
  1388  0409  03                        inc bc
  1389  040a  0a                        ld a,(bc)       ; high byte
  1390  040b  8c                        adc a,h
  1391  040c  02                        ld (bc),a
  1392  040d  c1                        pop bc          ; pop new TOS
  1393                          
  1394  040e  eb                        ex de,hl
  1395                          
  1396  040f  5e                        ld e,(hl)
  1397  0410  23                        inc hl
  1398  0411  56                        ld d,(hl)
  1399  0412  23                        inc hl
  1400  0413  eb                        ex de,hl
  1401  0414  e9                        jp (hl)
  1402                          
  1403                          
  1404                          ; COMPARISON OPERATIONS =========================
  1405                          
  1406                          ;C 0=     n/u -- flag    return true if TOS=0
  1407                          
  1408  0415  0204                    dw PLUSSTORE_link
  1409  0417  00                      db 0
  1410                          ZEROEQUAL_link:
  1411                          
  1412  0418  02303d                  defm 2, "0="
  1413                          ZEROEQUAL:
  1414                          
  1415                          
  1416  041b  78                        ld a,b
  1417  041c  b1                        or c            ; result=0 if bc was 0
  1418  041d  d601                      sub 1           ; cy set   if bc was 0
  1419  041f  9f                        sbc a,a         ; propagate cy through A
  1420  0420  47                        ld b,a          ; put 0000 or FFFF in TOS
  1421  0421  4f                        ld c,a
  1422                          
  1423  0422  eb                        ex de,hl
  1424                          
  1425  0423  5e                        ld e,(hl)
  1426  0424  23                        inc hl
  1427  0425  56                        ld d,(hl)
  1428  0426  23                        inc hl
  1429  0427  eb                        ex de,hl
  1430  0428  e9                        jp (hl)
  1431                          
  1432                          
  1433                          ;C 0<     n -- flag      true if TOS negative
  1434                          
  1435  0429  1804                    dw ZEROEQUAL_link
  1436  042b  00                      db 0
  1437                          ZEROLESS_link:
  1438                          
  1439  042c  02303c                  defm 2, "0<"
  1440                          ZEROLESS:
  1441                          
  1442                          
  1443  042f  cb20                      sla b           ; sign bit -> cy flag
  1444  0431  9f                        sbc a,a         ; propagate cy through A
  1445  0432  47                        ld b,a          ; put 0000 or FFFF in TOS
  1446  0433  4f                        ld c,a
  1447                          
  1448  0434  eb                        ex de,hl
  1449                          
  1450  0435  5e                        ld e,(hl)
  1451  0436  23                        inc hl
  1452  0437  56                        ld d,(hl)
  1453  0438  23                        inc hl
  1454  0439  eb                        ex de,hl
  1455  043a  e9                        jp (hl)
  1456                          
  1457                          
  1458                          ;C =      x1 x2 -- flag         test x1=x2
  1459                          
  1460  043b  2c04                    dw ZEROLESS_link
  1461  043d  00                      db 0
  1462                          EQUAL_link:
  1463                          
  1464  043e  013d                    defm 1, "="
  1465                          EQUAL:
  1466                          
  1467                          
  1468  0440  e1                        pop hl
  1469  0441  b7                        or a
  1470  0442  ed42                      sbc hl,bc       ; x1-x2 in HL, SZVC valid
  1471  0444  2828                      jr z,tostrue
  1472  0446  010000            tosfalse: ld bc,0
  1473                          
  1474  0449  eb                        ex de,hl
  1475                          
  1476  044a  5e                        ld e,(hl)
  1477  044b  23                        inc hl
  1478  044c  56                        ld d,(hl)
  1479  044d  23                        inc hl
  1480  044e  eb                        ex de,hl
  1481  044f  e9                        jp (hl)
  1482                          
  1483                          
  1484                          ;X <>     x1 x2 -- flag    test not eq (not ANSI)
  1485                          
  1486  0450  3e04                    dw EQUAL_link
  1487  0452  00                      db 0
  1488                          NOTEQUAL_link:
  1489                          
  1490  0453  023c3e                  defm 2, "<>"
  1491                          NOTEQUAL:
  1492  0456  cd5f00                  call docolon
  1493                          
  1494  0459  40041b042a00              DW EQUAL,ZEROEQUAL,EXIT
  1495                          
  1496                          ;C <      n1 n2 -- flag        test n1<n2, signed
  1497                          
  1498  045f  5304                    dw NOTEQUAL_link
  1499  0461  00                      db 0
  1500                          LESS_link:
  1501                          
  1502  0462  013c                    defm 1, "<"
  1503                          LESS:
  1504                          
  1505                          
  1506  0464  e1                        pop hl
  1507  0465  b7                        or a
  1508  0466  ed42                      sbc hl,bc       ; n1-n2 in HL, SZVC valid
  1509                          ; if result negative & not OV, n1<n2
  1510                          ; neg. & OV => n1 +ve, n2 -ve, rslt -ve, so n1>n2
  1511                          ; if result positive & not OV, n1>=n2
  1512                          ; pos. & OV => n1 -ve, n2 +ve, rslt +ve, so n1<n2
  1513                          ; thus OV reverses the sense of the sign bit
  1514  0468  ea7804                    jp pe,revsense  ; if OV, use rev. sense
  1515  046b  f24604                    jp p,tosfalse   ;   if +ve, result false
  1516  046e  01ffff            tostrue: ld bc,0ffffh   ;   if -ve, result true
  1517                          
  1518  0471  eb                        ex de,hl
  1519                          
  1520  0472  5e                        ld e,(hl)
  1521  0473  23                        inc hl
  1522  0474  56                        ld d,(hl)
  1523  0475  23                        inc hl
  1524  0476  eb                        ex de,hl
  1525  0477  e9                        jp (hl)
  1526                          
  1527  0478  fa4604            revsense: jp m,tosfalse ; OV: if -ve, reslt false
  1528  047b  18f1                      jr tostrue      ;     if +ve, result true
  1529                          
  1530                          ;C >     n1 n2 -- flag         test n1>n2, signed
  1531                          
  1532  047d  6204                    dw LESS_link
  1533  047f  00                      db 0
  1534                          GREATER_link:
  1535                          
  1536  0480  013e                    defm 1, ">"
  1537                          GREATER:
  1538  0482  cd5f00                  call docolon
  1539                          
  1540  0485  840164042a00              DW SWOP,LESS,EXIT
  1541                          
  1542                          ;C U<    u1 u2 -- flag       test u1<n2, unsigned
  1543                          
  1544  048b  8004                    dw GREATER_link
  1545  048d  00                      db 0
  1546                          ULESS_link:
  1547                          
  1548  048e  02553c                  defm 2, "U<"
  1549                          ULESS:
  1550                          
  1551                          
  1552  0491  e1                        pop hl
  1553  0492  b7                        or a
  1554  0493  ed42                      sbc hl,bc       ; u1-u2 in HL, SZVC valid
  1555  0495  9f                        sbc a,a         ; propagate cy through A
  1556  0496  47                        ld b,a          ; put 0000 or FFFF in TOS
  1557  0497  4f                        ld c,a
  1558                          
  1559  0498  eb                        ex de,hl
  1560                          
  1561  0499  5e                        ld e,(hl)
  1562  049a  23                        inc hl
  1563  049b  56                        ld d,(hl)
  1564  049c  23                        inc hl
  1565  049d  eb                        ex de,hl
  1566  049e  e9                        jp (hl)
  1567                          
  1568                          
  1569                          ;X U>    u1 u2 -- flag     u1>u2 unsgd (not ANSI)
  1570                          
  1571  049f  8e04                    dw ULESS_link
  1572  04a1  00                      db 0
  1573                          UGREATER_link:
  1574                          
  1575  04a2  02553e                  defm 2, "U>"
  1576                          UGREATER:
  1577  04a5  cd5f00                  call docolon
  1578                          
  1579  04a8  840191042a00              DW SWOP,ULESS,EXIT
  1580                          
  1581                          ; LOOP AND BRANCH OPERATIONS ====================
  1582                          
  1583                          ;Z branch   --                  branch always
  1584                          
  1585  04ae  a204                    dw UGREATER_link
  1586  04b0  00                      db 0
  1587                          branch_link:
  1588                          
  1589  04b1  066272616e6368          defm 6, "branch"
  1590                          branch:
  1591                          
  1592                          
  1593  04b8  1a                dobranch: ld a,(de)     ; get inline value => IP
  1594  04b9  6f                        ld l,a
  1595  04ba  13                        inc de
  1596  04bb  1a                        ld a,(de)
  1597  04bc  67                        ld h,a
  1598                          
  1599  04bd  5e                        ld e,(hl)
  1600  04be  23                        inc hl
  1601  04bf  56                        ld d,(hl)
  1602  04c0  23                        inc hl
  1603  04c1  eb                        ex de,hl
  1604  04c2  e9                        jp (hl)
  1605                          
  1606                          ;Z ?branch   x --              branch if TOS zero
  1607                          
  1608  04c3  b104                    dw branch_link
  1609  04c5  00                      db 0
  1610                          qbranch_link:
  1611                          
  1612  04c6  073f6272616e6368        defm 7, "?branch"
  1613                          qbranch:
  1614                          
  1615                          
  1616  04ce  78                        ld a,b
  1617  04cf  b1                        or c            ; test old TOS
  1618  04d0  c1                        pop bc          ; pop new TOS
  1619  04d1  28e5                      jr z,dobranch   ; if old TOS=0, branch
  1620  04d3  13                        inc de          ; else skip inline value
  1621  04d4  13                        inc de
  1622                          
  1623  04d5  eb                        ex de,hl
  1624                          
  1625  04d6  5e                        ld e,(hl)
  1626  04d7  23                        inc hl
  1627  04d8  56                        ld d,(hl)
  1628  04d9  23                        inc hl
  1629  04da  eb                        ex de,hl
  1630  04db  e9                        jp (hl)
  1631                          
  1632                          
  1633                          ;Z (do)    n1|u1 n2|u2 --  R: -- sys1 sys2
  1634                          ;Z                          run-time code for DO
  1635                          ; '83 and ANSI standard loops terminate when the
  1636                          ; boundary of limit-1 and limit is crossed, in
  1637                          ; either direction.  This can be conveniently
  1638                          ; implemented by making the limit 8000h, so that
  1639                          ; arithmetic overflow logic can detect crossing.
  1640                          ; I learned this trick from Laxen & Perry F83.
  1641                          ; fudge factor = 8000h-limit, to be added to
  1642                          ; the start value.
  1643                          
  1644  04dc  c604                    dw qbranch_link
  1645  04de  00                      db 0
  1646                          xdo_link:
  1647                          
  1648  04df  0428646f29              defm 4, "(do)"
  1649                          xdo:
  1650                          
  1651                          
  1652  04e4  eb                        ex de,hl
  1653  04e5  e3                        ex (sp),hl   ; IP on stack, limit in HL
  1654  04e6  eb                        ex de,hl
  1655  04e7  210080                    ld hl,8000h
  1656  04ea  b7                        or a
  1657  04eb  ed52                      sbc hl,de    ; 8000-limit in HL
  1658  04ed  dd2b                      dec ix       ; push this fudge factor
  1659  04ef  dd7400                    ld (ix+0),h  ;    onto return stack
  1660  04f2  dd2b                      dec ix       ;    for later use by 'I'
  1661  04f4  dd7500                    ld (ix+0),l
  1662  04f7  09                        add hl,bc    ; add fudge to start value
  1663  04f8  dd2b                      dec ix       ; push adjusted start value
  1664  04fa  dd7400                    ld (ix+0),h  ;    onto return stack
  1665  04fd  dd2b                      dec ix       ;    as the loop index.
  1666  04ff  dd7500                    ld (ix+0),l
  1667  0502  d1                        pop de       ; restore the saved IP
  1668  0503  c1                        pop bc       ; pop new TOS
  1669                          
  1670  0504  eb                        ex de,hl
  1671                          
  1672  0505  5e                        ld e,(hl)
  1673  0506  23                        inc hl
  1674  0507  56                        ld d,(hl)
  1675  0508  23                        inc hl
  1676  0509  eb                        ex de,hl
  1677  050a  e9                        jp (hl)
  1678                          
  1679                          
  1680                          ;Z (loop)   R: sys1 sys2 --  | sys1 sys2
  1681                          ;Z                        run-time code for LOOP
  1682                          ; Add 1 to the loop index.  If loop terminates,
  1683                          ; clean up the return stack and skip the branch.
  1684                          ; Else take the inline branch.  Note that LOOP
  1685                          ; terminates when index=8000h.
  1686                          
  1687  050b  df04                    dw xdo_link
  1688  050d  00                      db 0
  1689                          xloop_link:
  1690                          
  1691  050e  06286c6f6f7029          defm 6, "(loop)"
  1692                          xloop:
  1693                          
  1694                          
  1695  0515  d9                        exx
  1696  0516  010100                    ld bc,1
  1697  0519  dd6e00            looptst: ld l,(ix+0)  ; get the loop index
  1698  051c  dd6601                    ld h,(ix+1)
  1699  051f  b7                        or a
  1700  0520  ed4a                      adc hl,bc    ; increment w/overflow test
  1701  0522  ea2e05                    jp pe,loopterm  ; overflow=loop done
  1702                                  ; continue the loop
  1703  0525  dd7500                    ld (ix+0),l  ; save the updated index
  1704  0528  dd7401                    ld (ix+1),h
  1705  052b  d9                        exx
  1706  052c  188a                      jr dobranch  ; take the inline branch
  1707                          loopterm: ; terminate the loop
  1708  052e  010400                    ld bc,4      ; discard the loop info
  1709  0531  dd09                      add ix,bc
  1710  0533  d9                        exx
  1711  0534  13                        inc de       ; skip the inline branch
  1712  0535  13                        inc de
  1713                          
  1714  0536  eb                        ex de,hl
  1715                          
  1716  0537  5e                        ld e,(hl)
  1717  0538  23                        inc hl
  1718  0539  56                        ld d,(hl)
  1719  053a  23                        inc hl
  1720  053b  eb                        ex de,hl
  1721  053c  e9                        jp (hl)
  1722                          
  1723                          
  1724                          ;Z (+loop)   n --   R: sys1 sys2 --  | sys1 sys2
  1725                          ;Z                        run-time code for +LOOP
  1726                          ; Add n to the loop index.  If loop terminates,
  1727                          ; clean up the return stack and skip the branch.
  1728                          ; Else take the inline branch.
  1729                          
  1730  053d  0e05                    dw xloop_link
  1731  053f  00                      db 0
  1732                          xplusloop_link:
  1733                          
  1734  0540  07282b6c6f6f7029        defm 7, "(+loop)"
  1735                          xplusloop:
  1736                          
  1737                          
  1738  0548  e1                        pop hl      ; this will be the new TOS
  1739  0549  c5                        push bc
  1740  054a  44                        ld b,h
  1741  054b  4d                        ld c,l
  1742  054c  d9                        exx
  1743  054d  c1                        pop bc      ; old TOS = loop increment
  1744  054e  18c9                      jr looptst
  1745                          
  1746                          ;C I        -- n   R: sys1 sys2 -- sys1 sys2
  1747                          ;C                  get the innermost loop index
  1748                          
  1749  0550  4005                    dw xplusloop_link
  1750  0552  00                      db 0
  1751                          II_link:
  1752                          
  1753  0553  0149                    defm 1, "I"
  1754                          II:
  1755                          
  1756                          
  1757  0555  c5                        push bc     ; push old TOS
  1758  0556  dd6e00                    ld l,(ix+0) ; get current loop index
  1759  0559  dd6601                    ld h,(ix+1)
  1760  055c  dd4e02                    ld c,(ix+2) ; get fudge factor
  1761  055f  dd4603                    ld b,(ix+3)
  1762  0562  b7                        or a
  1763  0563  ed42                      sbc hl,bc   ; subtract fudge factor,
  1764  0565  44                        ld b,h      ;   returning true index
  1765  0566  4d                        ld c,l
  1766                          
  1767  0567  eb                        ex de,hl
  1768                          
  1769  0568  5e                        ld e,(hl)
  1770  0569  23                        inc hl
  1771  056a  56                        ld d,(hl)
  1772  056b  23                        inc hl
  1773  056c  eb                        ex de,hl
  1774  056d  e9                        jp (hl)
  1775                          
  1776                          
  1777                          ;C J        -- n   R: 4*sys -- 4*sys
  1778                          ;C                  get the second loop index
  1779                          
  1780  056e  5305                    dw II_link
  1781  0570  00                      db 0
  1782                          JJ_link:
  1783                          
  1784  0571  014a                    defm 1, "J"
  1785                          JJ:
  1786                          
  1787                          
  1788  0573  c5                        push bc     ; push old TOS
  1789  0574  dd6e04                    ld l,(ix+4) ; get current loop index
  1790  0577  dd6605                    ld h,(ix+5)
  1791  057a  dd4e06                    ld c,(ix+6) ; get fudge factor
  1792  057d  dd4607                    ld b,(ix+7)
  1793  0580  b7                        or a
  1794  0581  ed42                      sbc hl,bc   ; subtract fudge factor,
  1795  0583  44                        ld b,h      ;   returning true index
  1796  0584  4d                        ld c,l
  1797                          
  1798  0585  eb                        ex de,hl
  1799                          
  1800  0586  5e                        ld e,(hl)
  1801  0587  23                        inc hl
  1802  0588  56                        ld d,(hl)
  1803  0589  23                        inc hl
  1804  058a  eb                        ex de,hl
  1805  058b  e9                        jp (hl)
  1806                          
  1807                          
  1808                          ;C UNLOOP   --   R: sys1 sys2 --  drop loop parms
  1809                          
  1810  058c  7105                    dw JJ_link
  1811  058e  00                      db 0
  1812                          UNLOOP_link:
  1813                          
  1814  058f  06554e4c4f4f50          defm 6, "UNLOOP"
  1815                          UNLOOP:
  1816                          
  1817                          
  1818  0596  dd23                      inc ix
  1819  0598  dd23                      inc ix
  1820  059a  dd23                      inc ix
  1821  059c  dd23                      inc ix
  1822                          
  1823  059e  eb                        ex de,hl
  1824                          
  1825  059f  5e                        ld e,(hl)
  1826  05a0  23                        inc hl
  1827  05a1  56                        ld d,(hl)
  1828  05a2  23                        inc hl
  1829  05a3  eb                        ex de,hl
  1830  05a4  e9                        jp (hl)
  1831                          
  1832                          
  1833                          ; MULTIPLY AND DIVIDE ===========================
  1834                          
  1835                          ;C UM*     u1 u2 -- ud   unsigned 16x16->32 mult.
  1836                          
  1837  05a5  8f05                    dw UNLOOP_link
  1838  05a7  00                      db 0
  1839                          UMSTAR_link:
  1840                          
  1841  05a8  03554d2a                defm 3, "UM*"
  1842                          UMSTAR:
  1843                          
  1844                          
  1845  05ac  c5                        push bc
  1846  05ad  d9                        exx
  1847  05ae  c1                        pop bc      ; u2 in BC
  1848  05af  d1                        pop de      ; u1 in DE
  1849  05b0  210000                    ld hl,0     ; result will be in HLDE
  1850  05b3  3e11                      ld a,17     ; loop counter
  1851  05b5  b7                        or a        ; clear cy
  1852  05b6  cb1c              umloop: rr h
  1853  05b8  cb1d                      rr l
  1854  05ba  cb1a                      rr d
  1855  05bc  cb1b                      rr e
  1856  05be  3001                      jr nc,noadd
  1857  05c0  09                        add hl,bc
  1858  05c1  3d                noadd:  dec a
  1859  05c2  20f2                      jr nz,umloop
  1860  05c4  d5                        push de     ; lo result
  1861  05c5  e5                        push hl     ; hi result
  1862  05c6  d9                        exx
  1863  05c7  c1                        pop bc      ; put TOS back in BC
  1864                          
  1865  05c8  eb                        ex de,hl
  1866                          
  1867  05c9  5e                        ld e,(hl)
  1868  05ca  23                        inc hl
  1869  05cb  56                        ld d,(hl)
  1870  05cc  23                        inc hl
  1871  05cd  eb                        ex de,hl
  1872  05ce  e9                        jp (hl)
  1873                          
  1874                          
  1875                          ;C UM/MOD   ud u1 -- u2 u3   unsigned 32/16->16
  1876                          
  1877  05cf  a805                    dw UMSTAR_link
  1878  05d1  00                      db 0
  1879                          UMSLASHMOD_link:
  1880                          
  1881  05d2  06554d2f4d4f44          defm 6, "UM/MOD"
  1882                          UMSLASHMOD:
  1883                          
  1884                          
  1885  05d9  c5                        push bc
  1886  05da  d9                        exx
  1887  05db  c1                        pop bc      ; BC = divisor
  1888  05dc  e1                        pop hl      ; HLDE = dividend
  1889  05dd  d1                        pop de
  1890  05de  3e10                      ld a,16     ; loop counter
  1891  05e0  cb23                      sla e
  1892  05e2  cb12                      rl d        ; hi bit DE -> carry
  1893  05e4  ed6a              udloop: adc hl,hl   ; rot left w/ carry
  1894  05e6  3006                      jr nc,udiv3
  1895                                  ; case 1: 17 bit, cy:HL = 1xxxx
  1896  05e8  b7                        or a        ; we know we can subtract
  1897  05e9  ed42                      sbc hl,bc
  1898  05eb  b7                        or a        ; clear cy to indicate sub ok
  1899  05ec  1806                      jr udiv4
  1900                                  ; case 2: 16 bit, cy:HL = 0xxxx
  1901  05ee  ed42              udiv3:  sbc hl,bc   ; try the subtract
  1902  05f0  3002                      jr nc,udiv4 ; if no cy, subtract ok
  1903  05f2  09                        add hl,bc   ; else cancel the subtract
  1904  05f3  37                        scf         ;   and set cy to indicate
  1905  05f4  cb13              udiv4:  rl e        ; rotate result bit into DE,
  1906  05f6  cb12                      rl d        ; and next bit of DE into cy
  1907  05f8  3d                        dec a
  1908  05f9  20e9                      jr nz,udloop
  1909                                  ; now have complemented quotient in DE,
  1910                                  ; and remainder in HL
  1911  05fb  7a                        ld a,d
  1912  05fc  2f                        cpl
  1913  05fd  47                        ld b,a
  1914  05fe  7b                        ld a,e
  1915  05ff  2f                        cpl
  1916  0600  4f                        ld c,a
  1917  0601  e5                        push hl     ; push remainder
  1918  0602  c5                        push bc
  1919  0603  d9                        exx
  1920  0604  c1                        pop bc      ; quotient remains in TOS
  1921                          
  1922  0605  eb                        ex de,hl
  1923                          
  1924  0606  5e                        ld e,(hl)
  1925  0607  23                        inc hl
  1926  0608  56                        ld d,(hl)
  1927  0609  23                        inc hl
  1928  060a  eb                        ex de,hl
  1929  060b  e9                        jp (hl)
  1930                          
  1931                          
  1932                          ; BLOCK AND STRING OPERATIONS ===================
  1933                          
  1934                          ;C FILL   c-addr u char --  fill memory with char
  1935                          
  1936  060c  d205                    dw UMSLASHMOD_link
  1937  060e  00                      db 0
  1938                          FILL_link:
  1939                          
  1940  060f  0446494c4c              defm 4, "FILL"
  1941                          FILL:
  1942                          
  1943                          
  1944  0614  79                        ld a,c          ; character in a
  1945  0615  d9                        exx             ; use alt. register set
  1946  0616  c1                        pop bc          ; count in bc
  1947  0617  d1                        pop de          ; address in de
  1948  0618  b7                        or a            ; clear carry flag
  1949  0619  21ffff                    ld hl,0ffffh
  1950  061c  ed4a                      adc hl,bc       ; test for count=0 or 1
  1951  061e  3009                      jr nc,filldone  ;   no cy: count=0, skip
  1952  0620  12                        ld (de),a       ; fill first byte
  1953  0621  2806                      jr z,filldone   ;   zero, count=1, done
  1954  0623  0b                        dec bc          ; else adjust count,
  1955  0624  62                        ld h,d          ;   let hl = start adrs,
  1956  0625  6b                        ld l,e
  1957  0626  13                        inc de          ;   let de = start adrs+1
  1958  0627  edb0                      ldir            ;   copy (hl)->(de)
  1959  0629  d9                filldone: exx           ; back to main reg set
  1960  062a  c1                        pop bc          ; pop new TOS
  1961                          
  1962  062b  eb                        ex de,hl
  1963                          
  1964  062c  5e                        ld e,(hl)
  1965  062d  23                        inc hl
  1966  062e  56                        ld d,(hl)
  1967  062f  23                        inc hl
  1968  0630  eb                        ex de,hl
  1969  0631  e9                        jp (hl)
  1970                          
  1971                          
  1972                          ;X CMOVE   c-addr1 c-addr2 u --  move from bottom
  1973                          ; as defined in the ANSI optional String word set
  1974                          ; On byte machines, CMOVE and CMOVE> are logical
  1975                          ; factors of MOVE.  They are easy to implement on
  1976                          ; CPUs which have a block-move instruction.
  1977                          
  1978  0632  0f06                    dw FILL_link
  1979  0634  00                      db 0
  1980                          CMOVE_link:
  1981                          
  1982  0635  05434d4f5645            defm 5, "CMOVE"
  1983                          CMOVE:
  1984                          
  1985                          
  1986  063b  c5                        push bc
  1987  063c  d9                        exx
  1988  063d  c1                        pop bc      ; count
  1989  063e  d1                        pop de      ; destination adrs
  1990  063f  e1                        pop hl      ; source adrs
  1991  0640  78                        ld a,b      ; test for count=0
  1992  0641  b1                        or c
  1993  0642  2802                      jr z,cmovedone
  1994  0644  edb0                      ldir        ; move from bottom to top
  1995  0646  d9                cmovedone: exx
  1996  0647  c1                        pop bc      ; pop new TOS
  1997                          
  1998  0648  eb                        ex de,hl
  1999                          
  2000  0649  5e                        ld e,(hl)
  2001  064a  23                        inc hl
  2002  064b  56                        ld d,(hl)
  2003  064c  23                        inc hl
  2004  064d  eb                        ex de,hl
  2005  064e  e9                        jp (hl)
  2006                          
  2007                          
  2008                          ;X CMOVE>  c-addr1 c-addr2 u --  move from top
  2009                          ; as defined in the ANSI optional String word set
  2010                          
  2011  064f  3506                    dw CMOVE_link
  2012  0651  00                      db 0
  2013                          CMOVEUP_link:
  2014                          
  2015  0652  06434d4f56453e          defm 6, "CMOVE>"
  2016                          CMOVEUP:
  2017                          
  2018                          
  2019  0659  c5                        push bc
  2020  065a  d9                        exx
  2021  065b  c1                        pop bc      ; count
  2022  065c  e1                        pop hl      ; destination adrs
  2023  065d  d1                        pop de      ; source adrs
  2024  065e  78                        ld a,b      ; test for count=0
  2025  065f  b1                        or c
  2026  0660  2807                      jr z,umovedone
  2027  0662  09                        add hl,bc   ; last byte in destination
  2028  0663  2b                        dec hl
  2029  0664  eb                        ex de,hl
  2030  0665  09                        add hl,bc   ; last byte in source
  2031  0666  2b                        dec hl
  2032  0667  edb8                      lddr        ; move from top to bottom
  2033  0669  d9                umovedone: exx
  2034  066a  c1                        pop bc      ; pop new TOS
  2035                          
  2036  066b  eb                        ex de,hl
  2037                          
  2038  066c  5e                        ld e,(hl)
  2039  066d  23                        inc hl
  2040  066e  56                        ld d,(hl)
  2041  066f  23                        inc hl
  2042  0670  eb                        ex de,hl
  2043  0671  e9                        jp (hl)
  2044                          
  2045                          
  2046                          ;Z SKIP   c-addr u c -- c-addr' u'
  2047                          ;Z                          skip matching chars
  2048                          ; Although SKIP, SCAN, and S= are perhaps not the
  2049                          ; ideal factors of WORD and FIND, they closely
  2050                          ; follow the string operations available on many
  2051                          ; CPUs, and so are easy to implement and fast.
  2052                          
  2053  0672  5206                    dw CMOVEUP_link
  2054  0674  00                      db 0
  2055                          skip_link:
  2056                          
  2057  0675  04534b4950              defm 4, "SKIP"
  2058                          skip:
  2059                          
  2060                          
  2061  067a  79                        ld a,c      ; skip character
  2062  067b  d9                        exx
  2063  067c  c1                        pop bc      ; count
  2064  067d  e1                        pop hl      ; address
  2065  067e  5f                        ld e,a      ; test for count=0
  2066  067f  78                        ld a,b
  2067  0680  b1                        or c
  2068  0681  280c                      jr z,skipdone
  2069  0683  7b                        ld a,e
  2070  0684  eda1              skiploop: cpi
  2071  0686  2005                      jr nz,skipmis   ; char mismatch: exit
  2072  0688  ea8406                    jp pe,skiploop  ; count not exhausted
  2073  068b  1802                      jr skipdone     ; count 0, no mismatch
  2074  068d  03                skipmis: inc bc         ; mismatch!  undo last to
  2075  068e  2b                        dec hl          ;  point at mismatch char
  2076  068f  e5                skipdone: push hl   ; updated address
  2077  0690  c5                        push bc     ; updated count
  2078  0691  d9                        exx
  2079  0692  c1                        pop bc      ; TOS in bc
  2080                          
  2081  0693  eb                        ex de,hl
  2082                          
  2083  0694  5e                        ld e,(hl)
  2084  0695  23                        inc hl
  2085  0696  56                        ld d,(hl)
  2086  0697  23                        inc hl
  2087  0698  eb                        ex de,hl
  2088  0699  e9                        jp (hl)
  2089                          
  2090                          
  2091                          ;Z SCAN    c-addr u c -- c-addr' u'
  2092                          ;Z                      find matching char
  2093                          
  2094  069a  7506                    dw skip_link
  2095  069c  00                      db 0
  2096                          scan_link:
  2097                          
  2098  069d  045343414e              defm 4, "SCAN"
  2099                          scan:
  2100                          
  2101                          
  2102  06a2  79                        ld a,c      ; scan character
  2103  06a3  d9                        exx
  2104  06a4  c1                        pop bc      ; count
  2105  06a5  e1                        pop hl      ; address
  2106  06a6  5f                        ld e,a      ; test for count=0
  2107  06a7  78                        ld a,b
  2108  06a8  b1                        or c
  2109  06a9  2807                      jr z,scandone
  2110  06ab  7b                        ld a,e
  2111  06ac  edb1                      cpir        ; scan 'til match or count=0
  2112  06ae  2002                      jr nz,scandone  ; no match, BC & HL ok
  2113  06b0  03                        inc bc          ; match!  undo last to
  2114  06b1  2b                        dec hl          ;   point at match char
  2115  06b2  e5                scandone: push hl   ; updated address
  2116  06b3  c5                        push bc     ; updated count
  2117  06b4  d9                        exx
  2118  06b5  c1                        pop bc      ; TOS in bc
  2119                          
  2120  06b6  eb                        ex de,hl
  2121                          
  2122  06b7  5e                        ld e,(hl)
  2123  06b8  23                        inc hl
  2124  06b9  56                        ld d,(hl)
  2125  06ba  23                        inc hl
  2126  06bb  eb                        ex de,hl
  2127  06bc  e9                        jp (hl)
  2128                          
  2129                          
  2130                          ;Z S=    c-addr1 c-addr2 u -- n   string compare
  2131                          ;Z             n<0: s1<s2, n=0: s1=s2, n>0: s1>s2
  2132                          
  2133  06bd  9d06                    dw scan_link
  2134  06bf  00                      db 0
  2135                          sequal_link:
  2136                          
  2137  06c0  02533d                  defm 2, "S="
  2138                          sequal:
  2139                          
  2140                          
  2141  06c3  c5                        push bc
  2142  06c4  d9                        exx
  2143  06c5  c1                        pop bc      ; count
  2144  06c6  e1                        pop hl      ; addr2
  2145  06c7  d1                        pop de      ; addr1
  2146  06c8  78                        ld a,b      ; test for count=0
  2147  06c9  b1                        or c
  2148  06ca  2809                      jr z,smatch     ; by definition, match!
  2149  06cc  1a                sloop:  ld a,(de)
  2150  06cd  13                        inc de
  2151  06ce  eda1                      cpi
  2152  06d0  2009                      jr nz,sdiff     ; char mismatch: exit
  2153  06d2  eacc06                    jp pe,sloop     ; count not exhausted
  2154                          smatch: ; count exhausted & no mismatch found
  2155  06d5  d9                        exx
  2156  06d6  010000                    ld bc,0         ; bc=0000  (s1=s2)
  2157  06d9  1808                      jr snext
  2158                          sdiff:  ; mismatch!  undo last 'cpi' increment
  2159  06db  2b                        dec hl          ; point at mismatch char
  2160  06dc  be                        cp (hl)         ; set cy if char1 < char2
  2161  06dd  9f                        sbc a,a         ; propagate cy thru A
  2162  06de  d9                        exx
  2163  06df  47                        ld b,a          ; bc=FFFF if cy (s1<s2)
  2164  06e0  f601                      or 1            ; bc=0001 if ncy (s1>s2)
  2165  06e2  4f                        ld c,a
  2166                          snext:
  2167  06e3  eb                        ex de,hl
  2168                          
  2169  06e4  5e                        ld e,(hl)
  2170  06e5  23                        inc hl
  2171  06e6  56                        ld d,(hl)
  2172  06e7  23                        inc hl
  2173  06e8  eb                        ex de,hl
  2174  06e9  e9                        jp (hl)
  2175                          
  2176                          
  2177                          ; LISTING 3.
  2178                          ;
  2179                          ; ===============================================
  2180                          ; CamelForth for the Zilog Z80
  2181                          ; Copyright (c) 1994,1995 Bradford J. Rodriguez
  2182                          ;
  2183                          ; This program is free software; you can redistribute it and/or modify
  2184                          ; it under the terms of the GNU General Public License as published by
  2185                          ; the Free Software Foundation; either version 3 of the License, or
  2186                          ; (at your option) any later version.
  2187                          ;
  2188                          ; This program is distributed in the hope that it will be useful,
  2189                          ; but WITHOUT ANY WARRANTY; without even the implied warranty of
  2190                          ; MERCHANTABILITY or FITNESS FOR A PARTICULAR PURPOSE.  See the
  2191                          ; GNU General Public License for more details.
  2192                          ;
  2193                          ; You should have received a copy of the GNU General Public License
  2194                          ; along with this program.  If not, see <http://www.gnu.org/licenses/>.
  2195                          
  2196                          ; Commercial inquiries should be directed to the author at
  2197                          ; 115 First St., #105, Collingwood, Ontario L9Y 4W3 Canada
  2198                          ; or via email to bj@camelforth.com
  2199                          ;
  2200                          ; ===============================================
  2201                          ; CAMEL80D.AZM: CPU and Model Dependencies
  2202                          ;   Source code is for the Z80MR macro assembler.
  2203                          ;   Forth words are documented as follows:
  2204                          ;*   NAME     stack -- stack    description
  2205                          ;   Word names in upper case are from the ANS
  2206                          ;   Forth Core word set.  Names in lower case are
  2207                          ;   "internal" implementation words & extensions.
  2208                          ;
  2209                          ; Direct-Threaded Forth model for Zilog Z80
  2210                          ;   cell size is   16 bits (2 bytes)
  2211                          ;   char size is    8 bits (1 byte)
  2212                          ;   address unit is 8 bits (1 byte), i.e.,
  2213                          ;       addresses are byte-aligned.
  2214                          ; ===============================================
  2215                          
  2216                          ; ALIGNMENT AND PORTABILITY OPERATORS ===========
  2217                          ; Many of these are synonyms for other words,
  2218                          ; and so are defined as CODE words.
  2219                          
  2220                          ;C ALIGN    --                         align HERE
  2221                          
  2222  06ea  c006                    dw sequal_link
  2223  06ec  00                      db 0
  2224                          ALIGN_link:
  2225                          
  2226  06ed  05414c49474e            defm 5, "ALIGN"
  2227                          ALIGN:
  2228                          
  2229                          
  2230                          noop:
  2231  06f3  eb                        ex de,hl
  2232                          
  2233  06f4  5e                        ld e,(hl)
  2234  06f5  23                        inc hl
  2235  06f6  56                        ld d,(hl)
  2236  06f7  23                        inc hl
  2237  06f8  eb                        ex de,hl
  2238  06f9  e9                        jp (hl)
  2239                          
  2240                          
  2241                          ;C ALIGNED  addr -- a-addr       align given addr
  2242                          
  2243  06fa  ed06                    dw ALIGN_link
  2244  06fc  00                      db 0
  2245                          ALIGNED_link:
  2246                          
  2247  06fd  07414c49474e4544        defm 7, "ALIGNED"
  2248                          ALIGNED:
  2249                          
  2250                          
  2251  0705  18ec                      jr noop
  2252                          
  2253                          ;Z CELL     -- n                 size of one cell
  2254                          
  2255  0707  fd06                    dw ALIGNED_link
  2256  0709  00                      db 0
  2257                          CELL_link:
  2258                          
  2259  070a  0443454c4c              defm 4, "CELL"
  2260                          CELL:
  2261  070f  cdab00                  call docon
  2262                          
  2263  0712  0200                      dw 2
  2264                          
  2265                          ;C CELL+    a-addr1 -- a-addr2      add cell size
  2266                          ;   2 + ;
  2267                          
  2268  0714  0a07                    dw CELL_link
  2269  0716  00                      db 0
  2270                          CELLPLUS_link:
  2271                          
  2272  0717  0543454c4c2b            defm 5, "CELL+"
  2273                          CELLPLUS:
  2274                          
  2275                          
  2276  071d  03                        inc bc
  2277  071e  03                        inc bc
  2278                          
  2279  071f  eb                        ex de,hl
  2280                          
  2281  0720  5e                        ld e,(hl)
  2282  0721  23                        inc hl
  2283  0722  56                        ld d,(hl)
  2284  0723  23                        inc hl
  2285  0724  eb                        ex de,hl
  2286  0725  e9                        jp (hl)
  2287                          
  2288                          
  2289                          ;C CELLS    n1 -- n2            cells->adrs units
  2290                          
  2291  0726  1707                    dw CELLPLUS_link
  2292  0728  00                      db 0
  2293                          CELLS_link:
  2294                          
  2295  0729  0543454c4c53            defm 5, "CELLS"
  2296                          CELLS:
  2297                          
  2298                          
  2299  072f  c3aa03                    jp TWOSTAR
  2300                          
  2301                          ;C CHAR+    c-addr1 -- c-addr2   add char size
  2302                          
  2303  0732  2907                    dw CELLS_link
  2304  0734  00                      db 0
  2305                          CHARPLUS_link:
  2306                          
  2307  0735  05434841522b            defm 5, "CHAR+"
  2308                          CHARPLUS:
  2309                          
  2310                          
  2311  073b  c37e03                    jp ONEPLUS
  2312                          
  2313                          ;C CHARS    n1 -- n2            chars->adrs units
  2314                          
  2315  073e  3507                    dw CHARPLUS_link
  2316  0740  00                      db 0
  2317                          CHARS_link:
  2318                          
  2319  0741  054348415253            defm 5, "CHARS"
  2320                          CHARS:
  2321                          
  2322                          
  2323  0747  18aa                      jr noop
  2324                          
  2325                          ;C >BODY    xt -- a-addr      adrs of param field
  2326                          ;   3 + ;                     Z80 (3 byte CALL)
  2327                          
  2328  0749  4107                    dw CHARS_link
  2329  074b  00                      db 0
  2330                          TOBODY_link:
  2331                          
  2332  074c  053e424f4459            defm 5, ">BODY"
  2333                          TOBODY:
  2334  0752  cd5f00                  call docolon
  2335                          
  2336  0755  42000300d6022a00          DW lit,3,PLUS,EXIT
  2337                          
  2338                          ;X COMPILE,  xt --         append execution token
  2339                          ; I called this word ,XT before I discovered that
  2340                          ; it is defined in the ANSI standard as COMPILE,.
  2341                          ; On a DTC Forth this simply appends xt (like , )
  2342                          ; but on an STC Forth this must append 'CALL xt'.
  2343                          
  2344  075d  4c07                    dw TOBODY_link
  2345  075f  00                      db 0
  2346                          COMMAXT_link:
  2347                          
  2348  0760  08434f4d50494c45        defm 8, "COMPILE,"
              2c                
  2349                          COMMAXT:
  2350                          
  2351                          
  2352  0769  c3e40d                    jp COMMA
  2353                          
  2354                          ;Z !CF    adrs cfa --   set code action of a word
  2355                          ;   0CD OVER C!         store 'CALL adrs' instr
  2356                          ;   1+ ! ;              Z80 VERSION
  2357                          ; Depending on the implementation this could
  2358                          ; append CALL adrs or JUMP adrs.
  2359                          
  2360  076c  6007                    dw COMMAXT_link
  2361  076e  00                      db 0
  2362                          STORECF_link:
  2363                          
  2364  076f  03214346                defm 3, "!CF"
  2365                          STORECF:
  2366  0773  cd5f00                  call docolon
  2367                          
  2368  0776  4200cd0097017f02          DW lit,0CDH,OVER,CSTORE
  2369  077e  7e036b022a00              DW ONEPLUS,STORE,EXIT
  2370                          
  2371                          ;Z ,CF    adrs --       append a code field
  2372                          ;   HERE !CF 3 ALLOT ;  Z80 VERSION (3 bytes)
  2373                          
  2374  0784  6f07                    dw STORECF_link
  2375  0786  00                      db 0
  2376                          COMMACF_link:
  2377                          
  2378  0787  032c4346                defm 3, ",CF"
  2379                          COMMACF:
  2380  078b  cd5f00                  call docolon
  2381                          
  2382  078e  c40d730742000300          DW HERE,STORECF,lit,3,ALLOT,EXIT
              d60d2a00          
  2383                          
  2384                          ;Z !COLON   --      change code field to docolon
  2385                          ;   -3 ALLOT docolon-adrs ,CF ;
  2386                          ; This should be used immediately after CREATE.
  2387                          ; This is made a distinct word, because on an STC
  2388                          ; Forth, colon definitions have no code field.
  2389                          
  2390  079a  8707                    dw COMMACF_link
  2391  079c  00                      db 0
  2392                          STORCOLON_link:
  2393                          
  2394  079d  0621434f4c4f4e          defm 6, "!COLON"
  2395                          STORCOLON:
  2396  07a4  cd5f00                  call docolon
  2397                          
  2398  07a7  4200fdffd60d              DW lit,-3,ALLOT
  2399  07ad  42005f008b072a00          DW lit,docolon,COMMACF,EXIT
  2400                          
  2401                          ;Z ,EXIT    --      append hi-level EXIT action
  2402                          ;   ['] EXIT ,XT ;
  2403                          ; This is made a distinct word, because on an STC
  2404                          ; Forth, it appends a RET instruction, not an xt.
  2405                          
  2406  07b5  9d07                    dw STORCOLON_link
  2407  07b7  00                      db 0
  2408                          CEXIT_link:
  2409                          
  2410  07b8  052c45584954            defm 5, ",EXIT"
  2411                          CEXIT:
  2412  07be  cd5f00                  call docolon
  2413                          
  2414  07c1  42002a0069072a00          DW lit,EXIT,COMMAXT,EXIT
  2415                          
  2416                          ; CONTROL STRUCTURES ============================
  2417                          ; These words allow Forth control structure words
  2418                          ; to be defined portably.
  2419                          
  2420                          ;Z ,BRANCH   xt --    append a branch instruction
  2421                          ; xt is the branch operator to use, e.g. qbranch
  2422                          ; or (loop).  It does NOT append the destination
  2423                          ; address.  On the Z80 this is equivalent to ,XT.
  2424                          
  2425  07c9  b807                    dw CEXIT_link
  2426  07cb  00                      db 0
  2427                          COMMABRANCH_link:
  2428                          
  2429  07cc  072c4252414e4348        defm 7, ",BRANCH"
  2430                          COMMABRANCH:
  2431                          
  2432                          
  2433  07d4  c3e40d                    jp COMMA
  2434                          
  2435                          ;Z ,DEST   dest --        append a branch address
  2436                          ; This appends the given destination address to
  2437                          ; the branch instruction.  On the Z80 this is ','
  2438                          ; ...other CPUs may use relative addressing.
  2439                          
  2440  07d7  cc07                    dw COMMABRANCH_link
  2441  07d9  00                      db 0
  2442                          COMMADEST_link:
  2443                          
  2444  07da  052c44455354            defm 5, ",DEST"
  2445                          COMMADEST:
  2446                          
  2447                          
  2448  07e0  c3e40d                    jp COMMA
  2449                          
  2450                          ;Z !DEST   dest adrs --    change a branch dest'n
  2451                          ; Changes the destination address found at 'adrs'
  2452                          ; to the given 'dest'.  On the Z80 this is '!'
  2453                          ; ...other CPUs may need relative addressing.
  2454                          
  2455  07e3  da07                    dw COMMADEST_link
  2456  07e5  00                      db 0
  2457                          STOREDEST_link:
  2458                          
  2459  07e6  052144455354            defm 5, "!DEST"
  2460                          STOREDEST:
  2461                          
  2462                          
  2463  07ec  c36b02                    jp STORE
  2464                          
  2465                          ; HEADER STRUCTURE ==============================
  2466                          ; The structure of the Forth dictionary headers
  2467                          ; (name, STOREDEST_link, immediate flag, and "smudge" bit)
  2468                          ; does not necessarily differ across CPUs.  This
  2469                          ; structure is not easily factored into distinct
  2470                          ; "portable" words; instead, it is implicit in
  2471                          ; the definitions of FIND and CREATE, and also in
  2472                          ; NFA>LFA, NFA>CFA, IMMED?, IMMEDIATE, HIDE, and
  2473                          ; REVEAL.  These words must be (substantially)
  2474                          ; rewritten if either the header structure or its
  2475                          ; inherent assumptions are changed.
  2476                          
  2477                             ; CPU Dependencies
  2478                          ; LISTING 2.
  2479                          ;
  2480                          ; ===============================================
  2481                          ; CamelForth for the Zilog Z80
  2482                          ; Copyright (c) 1994,1995 Bradford J. Rodriguez
  2483                          ;
  2484                          ; This program is free software; you can redistribute it and/or modify
  2485                          ; it under the terms of the GNU General Public License as published by
  2486                          ; the Free Software Foundation; either version 3 of the License, or
  2487                          ; (at your option) any later version.
  2488                          ;
  2489                          ; This program is distributed in the hope that it will be useful,
  2490                          ; but WITHOUT ANY WARRANTY; without even the implied warranty of
  2491                          ; MERCHANTABILITY or FITNESS FOR A PARTICULAR PURPOSE.  See the
  2492                          ; GNU General Public License for more details.
  2493                          ;
  2494                          ; You should have received a copy of the GNU General Public License
  2495                          ; along with this program.  If not, see <http://www.gnu.org/licenses/>.
  2496                          
  2497                          ; Commercial inquiries should be directed to the author at
  2498                          ; 115 First St., #105, Collingwood, Ontario L9Y 4W3 Canada
  2499                          ; or via email to bj@camelforth.com
  2500                          ;
  2501                          ; ===============================================
  2502                          ; CAMEL80H.AZM: High Level Words
  2503                          ;   Source code is for the Z80MR macro assembler.
  2504                          ;   Forth words are documented as follows:
  2505                          ;*   NAME     stack -- stack    description
  2506                          ;   Word names in upper case are from the ANS
  2507                          ;   Forth Core word set.  Names in lower case are
  2508                          ;   "internal" implementation words & extensions.
  2509                          ; ===============================================
  2510                          
  2511                          ; SYSTEM VARIABLES & CONSTANTS ==================
  2512                          
  2513                          ;C BL      -- char            an ASCII space
  2514                          
  2515  07ef  e607                    dw STOREDEST_link
  2516  07f1  00                      db 0
  2517                          BL_link:
  2518                          
  2519  07f2  02424c                  defm 2, "BL"
  2520                          BL:
  2521  07f5  cdab00                  call docon
  2522                          
  2523  07f8  2000                      dw 20h
  2524                          
  2525                          ;Z tibsize  -- n         size of TIB
  2526                          
  2527  07fa  f207                    dw BL_link
  2528  07fc  00                      db 0
  2529                          TIBSIZE_link:
  2530                          
  2531  07fd  0754494253495a45        defm 7, "TIBSIZE"
  2532                          TIBSIZE:
  2533  0805  cdab00                  call docon
  2534                          
  2535  0808  fc00                      dw 252          ; 2 chars safety zone
  2536                          
  2537                          ;X tib     -- a-addr     Terminal Input Buffer
  2538                          ;  HEX 82 CONSTANT TIB   CP/M systems: 126 bytes
  2539                          ;  HEX -80 USER TIB      others: below user area
  2540                          
  2541  080a  fd07                    dw TIBSIZE_link
  2542  080c  00                      db 0
  2543                          TIB_link:
  2544                          
  2545  080d  03544942                defm 3, "TIB"
  2546                          TIB:
  2547  0811  cdab00                  call docon
  2548                          
  2549  0814  0024                      dw $2400
  2550                          
  2551                          ;Z u0      -- a-addr       current user area adrs
  2552                          ;  0 USER U0
  2553                          
  2554  0816  0d08                    dw TIB_link
  2555  0818  00                      db 0
  2556                          U0_link:
  2557                          
  2558  0819  025530                  defm 2, "U0"
  2559                          U0:
  2560  081c  cdc800                  call douser
  2561                          
  2562  081f  0000                      dw 0
  2563                          
  2564                          ;C >IN     -- a-addr        holds offset into TIB
  2565                          ;  2 USER >IN
  2566                          
  2567  0821  1908                    dw U0_link
  2568  0823  00                      db 0
  2569                          TOIN_link:
  2570                          
  2571  0824  033e494e                defm 3, ">IN"
  2572                          TOIN:
  2573  0828  cdc800                  call douser
  2574                          
  2575  082b  0200                      dw 2
  2576                          
  2577                          ;C BASE    -- a-addr       holds conversion radix
  2578                          ;  4 USER BASE
  2579                          
  2580  082d  2408                    dw TOIN_link
  2581  082f  00                      db 0
  2582                          BASE_link:
  2583                          
  2584  0830  0442415345              defm 4, "BASE"
  2585                          BASE:
  2586  0835  cdc800                  call douser
  2587                          
  2588  0838  0400                      dw 4
  2589                          
  2590                          ;C STATE   -- a-addr       holds compiler state
  2591                          ;  6 USER STATE
  2592                          
  2593  083a  3008                    dw BASE_link
  2594  083c  00                      db 0
  2595                          STATE_link:
  2596                          
  2597  083d  055354415445            defm 5, "STATE"
  2598                          STATE:
  2599  0843  cdc800                  call douser
  2600                          
  2601  0846  0600                      dw 6
  2602                          
  2603                          ;Z dp      -- a-addr       holds dictionary ptr
  2604                          ;  8 USER DP
  2605                          
  2606  0848  3d08                    dw STATE_link
  2607  084a  00                      db 0
  2608                          DP_link:
  2609                          
  2610  084b  024450                  defm 2, "DP"
  2611                          DP:
  2612  084e  cdc800                  call douser
  2613                          
  2614  0851  0800                      dw 8
  2615                          
  2616                          ;Z 'source  -- a-addr      two cells: len, adrs
  2617                          ; 10 USER 'SOURCE
  2618                          
  2619  0853  4b08                    dw DP_link
  2620  0855  00                      db 0
  2621                          TICKSOURCE_link:
  2622                          
  2623  0856  0727534f55524345        defm 7, "'SOURCE"
  2624                          TICKSOURCE:
  2625  085e  cdc800                  call douser
  2626                          
  2627  0861  0a00                      dw 10
  2628                          
  2629                          ;Z latest    -- a-addr     last word in dict.
  2630                          ;   14 USER LATEST
  2631                          
  2632  0863  5608                    dw TICKSOURCE_link
  2633  0865  00                      db 0
  2634                          LATEST_link:
  2635                          
  2636  0866  064c4154455354          defm 6, "LATEST"
  2637                          LATEST:
  2638  086d  cdc800                  call douser
  2639                          
  2640  0870  0e00                      dw 14
  2641                          
  2642                          ;Z hp       -- a-addr     HOLD pointer
  2643                          ;   16 USER HP
  2644                          
  2645  0872  6608                    dw LATEST_link
  2646  0874  00                      db 0
  2647                          HP_link:
  2648                          
  2649  0875  024850                  defm 2, "HP"
  2650                          HP:
  2651  0878  cdc800                  call douser
  2652                          
  2653  087b  1000                      dw 16
  2654                          
  2655                          ;Z LP       -- a-addr     Leave-stack pointer
  2656                          ;   18 USER LP
  2657                          
  2658  087d  7508                    dw HP_link
  2659  087f  00                      db 0
  2660                          LP_link:
  2661                          
  2662  0880  024c50                  defm 2, "LP"
  2663                          LP:
  2664  0883  cdc800                  call douser
  2665                          
  2666  0886  1200                      dw 18
  2667                          
  2668                          ;Z s0       -- a-addr     end of parameter stack
  2669                          
  2670  0888  8008                    dw LP_link
  2671  088a  00                      db 0
  2672                          S0_link:
  2673                          
  2674  088b  025330                  defm 2, "S0"
  2675                          S0:
  2676  088e  cdc800                  call douser
  2677                          
  2678  0891  0001                      dw 100h
  2679                          
  2680                          ;X PAD       -- a-addr    user PAD buffer
  2681                          ;                         = end of hold area!
  2682                          
  2683  0893  8b08                    dw S0_link
  2684  0895  00                      db 0
  2685                          PAD_link:
  2686                          
  2687  0896  03504144                defm 3, "PAD"
  2688                          PAD:
  2689  089a  cdc800                  call douser
  2690                          
  2691  089d  2801                      dw 128h
  2692                          
  2693                          ;Z l0       -- a-addr     bottom of Leave stack
  2694                          
  2695  089f  9608                    dw PAD_link
  2696  08a1  00                      db 0
  2697                          L0_link:
  2698                          
  2699  08a2  024c30                  defm 2, "L0"
  2700                          L0:
  2701  08a5  cdc800                  call douser
  2702                          
  2703  08a8  8001                      dw 180h
  2704                          
  2705                          ;Z r0       -- a-addr     end of return stack
  2706                          
  2707  08aa  a208                    dw L0_link
  2708  08ac  00                      db 0
  2709                          R0_link:
  2710                          
  2711  08ad  025230                  defm 2, "R0"
  2712                          R0:
  2713  08b0  cdc800                  call douser
  2714                          
  2715  08b3  0002                      dw 200h
  2716                          
  2717                          ;Z uinit    -- addr  initial values for user area
  2718                          
  2719  08b5  ad08                    dw R0_link
  2720  08b7  00                      db 0
  2721                          UINIT_link:
  2722                          
  2723  08b8  0555494e4954            defm 5, "UINIT"
  2724                          UINIT:
  2725  08be  cd8b00                  call docreate
  2726                          
  2727  08c1  000000000a000000          DW 0,0,10,0     ; reserved,>IN,BASE,STATE
  2728  08c9  0028                      DW enddict      ; DP
  2729  08cb  00000000                  DW 0,0          ; SOURCE init'd elsewhere
  2730  08cf  ea16                      DW lastword     ; LATEST
  2731  08d1  0000                      DW 0            ; HP init'd elsewhere
  2732                          
  2733                          ;Z #init    -- n    #bytes of user area init data
  2734                          
  2735  08d3  b808                    dw UINIT_link
  2736  08d5  00                      db 0
  2737                          NINIT_link:
  2738                          
  2739  08d6  0523494e4954            defm 5, "#INIT"
  2740                          NINIT:
  2741  08dc  cdab00                  call docon
  2742                          
  2743  08df  1200                      DW 18
  2744                          
  2745                          ; ARITHMETIC OPERATORS ==========================
  2746                          
  2747                          ;C S>D    n -- d          single -> double prec.
  2748                          ;   DUP 0< ;
  2749                          
  2750  08e1  d608                    dw NINIT_link
  2751  08e3  00                      db 0
  2752                          STOD_link:
  2753                          
  2754  08e4  03533e44                defm 3, "S>D"
  2755                          STOD:
  2756  08e8  cd5f00                  call docolon
  2757                          
  2758  08eb  51012f042a00              dw DUP,ZEROLESS,EXIT
  2759                          
  2760                          ;Z ?NEGATE  n1 n2 -- n3  negate n1 if n2 negative
  2761                          ;   0< IF NEGATE THEN ;        ...a common factor
  2762                          
  2763  08f1  e408                    dw STOD_link
  2764  08f3  00                      db 0
  2765                          QNEGATE_link:
  2766                          
  2767  08f4  073f4e4547415445        defm 7, "?NEGATE"
  2768                          QNEGATE:
  2769  08fc  cd5f00                  call docolon
  2770                          
  2771  08ff  2f04ce0407096a03          DW ZEROLESS,qbranch,QNEG1,NEGATE
  2772  0907  2a00              QNEG1:  DW EXIT
  2773                          
  2774                          ;C ABS     n1 -- +n2     absolute value
  2775                          ;   DUP ?NEGATE ;
  2776                          
  2777  0909  f408                    dw QNEGATE_link
  2778  090b  00                      db 0
  2779                          ABS_link:
  2780                          
  2781  090c  03414253                defm 3, "ABS"
  2782                          ABS:
  2783  0910  cd5f00                  call docolon
  2784                          
  2785  0913  5101fc082a00              DW DUP,QNEGATE,EXIT
  2786                          
  2787                          ;X DNEGATE   d1 -- d2     negate double precision
  2788                          ;   SWAP INVERT SWAP INVERT 1 M+ ;
  2789                          
  2790  0919  0c09                    dw ABS_link
  2791  091b  00                      db 0
  2792                          DNEGATE_link:
  2793                          
  2794  091c  07444e4547415445        defm 7, "DNEGATE"
  2795                          DNEGATE:
  2796  0924  cd5f00                  call docolon
  2797                          
  2798  0927  8401530384015303          DW SWOP,INVERT,SWOP,INVERT,lit,1,MPLUS
              42000100e702      
  2799  0935  2a00                      DW EXIT
  2800                          
  2801                          ;Z ?DNEGATE  d1 n -- d2   negate d1 if n negative
  2802                          ;   0< IF DNEGATE THEN ;       ...a common factor
  2803                          
  2804  0937  1c09                    dw DNEGATE_link
  2805  0939  00                      db 0
  2806                          QDNEGATE_link:
  2807                          
  2808  093a  083f444e45474154        defm 8, "?DNEGATE"
              45                
  2809                          QDNEGATE:
  2810  0943  cd5f00                  call docolon
  2811                          
  2812  0946  2f04ce044e092409          DW ZEROLESS,qbranch,DNEG1,DNEGATE
  2813  094e  2a00              DNEG1:  DW EXIT
  2814                          
  2815                          ;X DABS     d1 -- +d2    absolute value dbl.prec.
  2816                          ;   DUP ?DNEGATE ;
  2817                          
  2818  0950  3a09                    dw QDNEGATE_link
  2819  0952  00                      db 0
  2820                          DABS_link:
  2821                          
  2822  0953  0444414253              defm 4, "DABS"
  2823                          DABS:
  2824  0958  cd5f00                  call docolon
  2825                          
  2826  095b  510143092a00              DW DUP,QDNEGATE,EXIT
  2827                          
  2828                          ;C M*     n1 n2 -- d    signed 16*16->32 multiply
  2829                          ;   2DUP XOR >R        carries sign of the result
  2830                          ;   SWAP ABS SWAP ABS UM*
  2831                          ;   R> ?DNEGATE ;
  2832                          
  2833  0961  5309                    dw DABS_link
  2834  0963  00                      db 0
  2835                          MSTAR_link:
  2836                          
  2837  0964  024d2a                  defm 2, "M*"
  2838                          MSTAR:
  2839  0967  cd5f00                  call docolon
  2840                          
  2841  096a  b80a3b03dd01              DW TWODUP,XOR,TOR
  2842  0970  8401100984011009          DW SWOP,ABS,SWOP,ABS,UMSTAR
              ac05              
  2843  097a  f50143092a00              DW RFROM,QDNEGATE,EXIT
  2844                          
  2845                          ;C SM/REM   d1 n1 -- n2 n3   symmetric signed div
  2846                          ;   2DUP XOR >R              sign of quotient
  2847                          ;   OVER >R                  sign of remainder
  2848                          ;   ABS >R DABS R> UM/MOD
  2849                          ;   SWAP R> ?NEGATE
  2850                          ;   SWAP R> ?NEGATE ;
  2851                          ; Ref. dpANS-6 section 3.2.2.1.
  2852                          
  2853  0980  6409                    dw MSTAR_link
  2854  0982  00                      db 0
  2855                          SMSLASHREM_link:
  2856                          
  2857  0983  06534d2f52454d          defm 6, "SM/REM"
  2858                          SMSLASHREM:
  2859  098a  cd5f00                  call docolon
  2860                          
  2861  098d  b80a3b03dd019701          DW TWODUP,XOR,TOR,OVER,TOR
              dd01              
  2862  0997  1009dd015809f501          DW ABS,TOR,DABS,RFROM,UMSLASHMOD
              d905              
  2863  09a1  8401f501fc088401          DW SWOP,RFROM,QNEGATE,SWOP,RFROM,QNEGATE
              f501fc08          
  2864  09ad  2a00                      DW EXIT
  2865                          
  2866                          ;C FM/MOD   d1 n1 -- n2 n3   floored signed div'n
  2867                          ;   DUP >R              save divisor
  2868                          ;   SM/REM
  2869                          ;   DUP 0< IF           if quotient negative,
  2870                          ;       SWAP R> +         add divisor to rem'dr
  2871                          ;       SWAP 1-           decrement quotient
  2872                          ;   ELSE R> DROP THEN ;
  2873                          ; Ref. dpANS-6 section 3.2.2.1.
  2874                          
  2875  09af  8309                    dw SMSLASHREM_link
  2876  09b1  00                      db 0
  2877                          FMSLASHMOD_link:
  2878                          
  2879  09b2  06464d2f4d4f44          defm 6, "FM/MOD"
  2880                          FMSLASHMOD:
  2881  09b9  cd5f00                  call docolon
  2882                          
  2883  09bc  5101dd018a09              DW DUP,TOR,SMSLASHREM
  2884  09c2  51012f04ce04d809          DW DUP,ZEROLESS,qbranch,FMMOD1
  2885  09ca  8401f501d6028401          DW SWOP,RFROM,PLUS,SWOP,ONEMINUS
              8c03              
  2886  09d4  b804dc09                  DW branch,FMMOD2
  2887  09d8  f5017401          FMMOD1: DW RFROM,DROP
  2888  09dc  2a00              FMMOD2: DW EXIT
  2889                          
  2890                          ;C *      n1 n2 -- n3       signed multiply
  2891                          ;   M* DROP ;
  2892                          
  2893  09de  b209                    dw FMSLASHMOD_link
  2894  09e0  00                      db 0
  2895                          STAR_link:
  2896                          
  2897  09e1  012a                    defm 1, "*"
  2898                          STAR:
  2899  09e3  cd5f00                  call docolon
  2900                          
  2901  09e6  670974012a00              dw MSTAR,DROP,EXIT
  2902                          
  2903                          ;C /MOD   n1 n2 -- n3 n4    signed divide/rem'dr
  2904                          ;   >R S>D R> FM/MOD ;
  2905                          
  2906  09ec  e109                    dw STAR_link
  2907  09ee  00                      db 0
  2908                          SLASHMOD_link:
  2909                          
  2910  09ef  042f4d4f44              defm 4, "/MOD"
  2911                          SLASHMOD:
  2912  09f4  cd5f00                  call docolon
  2913                          
  2914  09f7  dd01e808f501b909          dw TOR,STOD,RFROM,FMSLASHMOD,EXIT
              2a00              
  2915                          
  2916                          ;C /      n1 n2 -- n3       signed divide
  2917                          ;   /MOD nip ;
  2918                          
  2919  0a01  ef09                    dw SLASHMOD_link
  2920  0a03  00                      db 0
  2921                          SLASH_link:
  2922                          
  2923  0a04  012f                    defm 1, "/"
  2924                          SLASH:
  2925  0a06  cd5f00                  call docolon
  2926                          
  2927  0a09  f409bd012a00              dw SLASHMOD,NIP,EXIT
  2928                          
  2929                          ;C MOD    n1 n2 -- n3       signed remainder
  2930                          ;   /MOD DROP ;
  2931                          
  2932  0a0f  040a                    dw SLASH_link
  2933  0a11  00                      db 0
  2934                          MOD_link:
  2935                          
  2936  0a12  034d4f44                defm 3, "MOD"
  2937                          MOD:
  2938  0a16  cd5f00                  call docolon
  2939                          
  2940  0a19  f40974012a00              dw SLASHMOD,DROP,EXIT
  2941                          
  2942                          ;C */MOD  n1 n2 n3 -- n4 n5    n1*n2/n3, rem&quot
  2943                          ;   >R M* R> FM/MOD ;
  2944                          
  2945  0a1f  120a                    dw MOD_link
  2946  0a21  00                      db 0
  2947                          SSMOD_link:
  2948                          
  2949  0a22  052a2f4d4f44            defm 5, "*/MOD"
  2950                          SSMOD:
  2951  0a28  cd5f00                  call docolon
  2952                          
  2953  0a2b  dd016709f501b909          dw TOR,MSTAR,RFROM,FMSLASHMOD,EXIT
              2a00              
  2954                          
  2955                          ;C */     n1 n2 n3 -- n4        n1*n2/n3
  2956                          ;   */MOD nip ;
  2957                          
  2958  0a35  220a                    dw SSMOD_link
  2959  0a37  00                      db 0
  2960                          STARSLASH_link:
  2961                          
  2962  0a38  022a2f                  defm 2, "*/"
  2963                          STARSLASH:
  2964  0a3b  cd5f00                  call docolon
  2965                          
  2966  0a3e  280abd012a00              dw SSMOD,NIP,EXIT
  2967                          
  2968                          ;C MAX    n1 n2 -- n3       signed maximum
  2969                          ;   2DUP < IF SWAP THEN DROP ;
  2970                          
  2971  0a44  380a                    dw STARSLASH_link
  2972  0a46  00                      db 0
  2973                          MAX_link:
  2974                          
  2975  0a47  034d4158                defm 3, "MAX"
  2976                          MAX:
  2977  0a4b  cd5f00                  call docolon
  2978                          
  2979  0a4e  b80a6404ce04580a          dw TWODUP,LESS,qbranch,MAX1,SWOP
              8401              
  2980  0a58  74012a00          MAX1:   dw DROP,EXIT
  2981                          
  2982                          ;C MIN    n1 n2 -- n3       signed minimum
  2983                          ;   2DUP > IF SWAP THEN DROP ;
  2984                          
  2985  0a5c  470a                    dw MAX_link
  2986  0a5e  00                      db 0
  2987                          MIN_link:
  2988                          
  2989  0a5f  034d494e                defm 3, "MIN"
  2990                          MIN:
  2991  0a63  cd5f00                  call docolon
  2992                          
  2993  0a66  b80a8204ce04700a          dw TWODUP,GREATER,qbranch,MIN1,SWOP
              8401              
  2994  0a70  74012a00          MIN1:   dw DROP,EXIT
  2995                          
  2996                          ; DOUBLE OPERATORS ==============================
  2997                          
  2998                          ;C 2@    a-addr -- x1 x2    fetch 2 cells
  2999                          ;   DUP CELL+ @ SWAP @ ;
  3000                          ;   the lower address will appear on top of stack
  3001                          
  3002  0a74  5f0a                    dw MIN_link
  3003  0a76  00                      db 0
  3004                          TWOFETCH_link:
  3005                          
  3006  0a77  023240                  defm 2, "2@"
  3007                          TWOFETCH:
  3008  0a7a  cd5f00                  call docolon
  3009                          
  3010  0a7d  51011d0790028401          dw DUP,CELLPLUS,FETCH,SWOP,FETCH,EXIT
              90022a00          
  3011                          
  3012                          ;C 2!    x1 x2 a-addr --    store 2 cells
  3013                          ;   SWAP OVER ! CELL+ ! ;
  3014                          ;   the top of stack is stored at the lower adrs
  3015                          
  3016  0a89  770a                    dw TWOFETCH_link
  3017  0a8b  00                      db 0
  3018                          TWOSTORE_link:
  3019                          
  3020  0a8c  023221                  defm 2, "2!"
  3021                          TWOSTORE:
  3022  0a8f  cd5f00                  call docolon
  3023                          
  3024  0a92  840197016b021d07          dw SWOP,OVER,STORE,CELLPLUS,STORE,EXIT
              6b022a00          
  3025                          
  3026                          ;C 2DROP  x1 x2 --          drop 2 cells
  3027                          ;   DROP DROP ;
  3028                          
  3029  0a9e  8c0a                    dw TWOSTORE_link
  3030  0aa0  00                      db 0
  3031                          TWODROP_link:
  3032                          
  3033  0aa1  053244524f50            defm 5, "2DROP"
  3034                          TWODROP:
  3035  0aa7  cd5f00                  call docolon
  3036                          
  3037  0aaa  740174012a00              dw DROP,DROP,EXIT
  3038                          
  3039                          ;C 2DUP   x1 x2 -- x1 x2 x1 x2   dup top 2 cells
  3040                          ;   OVER OVER ;
  3041                          
  3042  0ab0  a10a                    dw TWODROP_link
  3043  0ab2  00                      db 0
  3044                          TWODUP_link:
  3045                          
  3046  0ab3  0432445550              defm 4, "2DUP"
  3047                          TWODUP:
  3048  0ab8  cd5f00                  call docolon
  3049                          
  3050  0abb  970197012a00              dw OVER,OVER,EXIT
  3051                          
  3052                          ;C 2SWAP  x1 x2 x3 x4 -- x3 x4 x1 x2  per diagram
  3053                          ;   ROT >R ROT R> ;
  3054                          
  3055  0ac1  b30a                    dw TWODUP_link
  3056  0ac3  00                      db 0
  3057                          TWOSWAP_link:
  3058                          
  3059  0ac4  053253574150            defm 5, "2SWAP"
  3060                          TWOSWAP:
  3061  0aca  cd5f00                  call docolon
  3062                          
  3063  0acd  aa01dd01aa01f501          dw ROT,TOR,ROT,RFROM,EXIT
              2a00              
  3064                          
  3065                          ;C 2OVER  x1 x2 x3 x4 -- x1 x2 x3 x4 x1 x2
  3066                          ;   >R >R 2DUP R> R> 2SWAP ;
  3067                          
  3068  0ad7  c40a                    dw TWOSWAP_link
  3069  0ad9  00                      db 0
  3070                          TWOOVER_link:
  3071                          
  3072  0ada  05324f564552            defm 5, "2OVER"
  3073                          TWOOVER:
  3074  0ae0  cd5f00                  call docolon
  3075                          
  3076  0ae3  dd01dd01b80af501          dw TOR,TOR,TWODUP,RFROM,RFROM
              f501              
  3077  0aed  ca0a2a00                  dw TWOSWAP,EXIT
  3078                          
  3079                          ; INPUT/OUTPUT ==================================
  3080                          
  3081                          ;C COUNT   c-addr1 -- c-addr2 u  counted->adr/len
  3082                          ;   DUP CHAR+ SWAP C@ ;
  3083                          
  3084  0af1  da0a                    dw TWOOVER_link
  3085  0af3  00                      db 0
  3086                          COUNT_link:
  3087                          
  3088  0af4  05434f554e54            defm 5, "COUNT"
  3089                          COUNT:
  3090  0afa  cd5f00                  call docolon
  3091                          
  3092  0afd  51013b078401a202          dw DUP,CHARPLUS,SWOP,CFETCH,EXIT
              2a00              
  3093                          
  3094                          ;C CR      --               output newline
  3095                          ;   0D EMIT 0A EMIT ;
  3096                          
  3097  0b07  f40a                    dw COUNT_link
  3098  0b09  00                      db 0
  3099                          CR_link:
  3100                          
  3101  0b0a  024352                  defm 2, "CR"
  3102                          CR:
  3103  0b0d  cd5f00                  call docolon
  3104                          
  3105  0b10  42000d00f8004200          dw lit,0dh,EMIT,lit,0ah,EMIT,EXIT
              0a00f8002a00      
  3106                          
  3107                          ;C SPACE   --               output a space
  3108                          ;   BL EMIT ;
  3109                          
  3110  0b1e  0a0b                    dw CR_link
  3111  0b20  00                      db 0
  3112                          SPACE_link:
  3113                          
  3114  0b21  055350414345            defm 5, "SPACE"
  3115                          SPACE:
  3116  0b27  cd5f00                  call docolon
  3117                          
  3118  0b2a  f507f8002a00              dw BL,EMIT,EXIT
  3119                          
  3120                          ;C SPACES   n --            output n spaces
  3121                          ;   BEGIN DUP WHILE SPACE 1- REPEAT DROP ;
  3122                          
  3123  0b30  210b                    dw SPACE_link
  3124  0b32  00                      db 0
  3125                          SPACES_link:
  3126                          
  3127  0b33  06535041434553          defm 6, "SPACES"
  3128                          SPACES:
  3129  0b3a  cd5f00                  call docolon
  3130                          
  3131  0b3d  5101ce044b0b      SPCS1:  DW DUP,qbranch,SPCS2
  3132  0b43  270b8c03b8043d0b          DW SPACE,ONEMINUS,branch,SPCS1
  3133  0b4b  74012a00          SPCS2:  DW DROP,EXIT
  3134                          
  3135                          ;Z umin     u1 u2 -- u      unsigned minimum
  3136                          ;   2DUP U> IF SWAP THEN DROP ;
  3137                          
  3138  0b4f  330b                    dw SPACES_link
  3139  0b51  00                      db 0
  3140                          UMIN_link:
  3141                          
  3142  0b52  04554d494e              defm 4, "UMIN"
  3143                          UMIN:
  3144  0b57  cd5f00                  call docolon
  3145                          
  3146  0b5a  b80aa504ce04640b          DW TWODUP,UGREATER,qbranch,UMIN1,SWOP
              8401              
  3147  0b64  74012a00          UMIN1:  DW DROP,EXIT
  3148                          
  3149                          ;Z umax    u1 u2 -- u       unsigned maximum
  3150                          ;   2DUP U< IF SWAP THEN DROP ;
  3151                          
  3152  0b68  520b                    dw UMIN_link
  3153  0b6a  00                      db 0
  3154                          UMAX_link:
  3155                          
  3156  0b6b  04554d4158              defm 4, "UMAX"
  3157                          UMAX:
  3158  0b70  cd5f00                  call docolon
  3159                          
  3160  0b73  b80a9104ce047d0b          DW TWODUP,ULESS,qbranch,UMAX1,SWOP
              8401              
  3161  0b7d  74012a00          UMAX1:  DW DROP,EXIT
  3162                          
  3163                          ;C ACCEPT  c-addr +n -- +n'  get line from term'l
  3164                          ;   OVER + 1- OVER      -- sa ea a
  3165                          ;   BEGIN KEY           -- sa ea a c
  3166                          ;   DUP 0D <> WHILE
  3167                          ;       DUP EMIT        -- sa ea a c
  3168                          ;       DUP 8 = IF  BL EMIT 8 EMIT   THEN
  3169                          ;       DUP 8 = IF  DROP 1-    >R OVER R> UMAX
  3170                          ;             ELSE  OVER C! 1+ OVER UMIN
  3171                          ;       THEN            -- sa ea a
  3172                          ;   REPEAT              -- sa ea a c
  3173                          ;   DROP NIP SWAP - ;
  3174                          
  3175  0b81  6b0b                    dw UMAX_link
  3176  0b83  00                      db 0
  3177                          ACCEPT_link:
  3178                          
  3179  0b84  06414343455054          defm 6, "ACCEPT"
  3180                          ACCEPT:
  3181  0b8b  cd5f00                  call docolon
  3182                          
  3183  0b8e  9701d6028c039701          DW OVER,PLUS,ONEMINUS,OVER
  3184  0b96  1d01510142000d00  ACC1:   DW KEY,DUP,lit,0DH,NOTEQUAL,qbranch,ACC5
              5604ce04e80b      
  3185  0ba4  5101f800                  DW DUP,EMIT
  3186  0ba8  5101420008004004          DW DUP,lit,8,EQUAL,qbranch,ACC2
              ce04be0b          
  3187  0bb4  f507f80042000800          DW BL,EMIT,lit,8,EMIT
              f800              
  3188  0bbe  5101420008004004  ACC2:   DW DUP,lit,8,EQUAL,qbranch,ACC3
              ce04da0b          
  3189  0bca  74018c03dd019701          DW DROP,ONEMINUS,TOR,OVER,RFROM,UMAX
              f501700b          
  3190  0bd6  b804e40b                  DW branch,ACC4
  3191  0bda  97017f027e039701  ACC3:   DW OVER,CSTORE,ONEPLUS,OVER,UMIN
              570b              
  3192  0be4  b804960b          ACC4:   DW branch,ACC1
  3193  0be8  7401bd018401fe02  ACC5:   DW DROP,NIP,SWOP,MINUS,EXIT
              2a00              
  3194                          
  3195                          ;C TYPE    c-addr +n --     type line to term'l
  3196                          ;   ?DUP IF
  3197                          ;     OVER + SWAP DO I C@ EMIT LOOP
  3198                          ;   ELSE DROP THEN ;
  3199                          
  3200  0bf2  840b                    dw ACCEPT_link
  3201  0bf4  00                      db 0
  3202                          TYPE_link:
  3203                          
  3204  0bf5  0454595045              defm 4, "TYPE"
  3205                          TYPE:
  3206  0bfa  cd5f00                  call docolon
  3207                          
  3208  0bfd  6101ce04190c              DW QDUP,qbranch,TYP4
  3209  0c03  9701d6028401e404          DW OVER,PLUS,SWOP,xdo
  3210  0c0b  5505a202f8001505  TYP3:   DW II,CFETCH,EMIT,xloop,TYP3
              0b0c              
  3211  0c15  b8041b0c                  DW branch,TYP5
  3212  0c19  7401              TYP4:   DW DROP
  3213  0c1b  2a00              TYP5:   DW EXIT
  3214                          
  3215                          ;Z (S")     -- c-addr u   run-time code for S"
  3216                          ;   R> COUNT 2DUP + ALIGNED >R  ;
  3217                          
  3218  0c1d  f50b                    dw TYPE_link
  3219  0c1f  00                      db 0
  3220                          XSQUOTE_link:
  3221                          
  3222  0c20  0428532229              defm 4, "(S",34,")"
  3223                          XSQUOTE:
  3224  0c25  cd5f00                  call docolon
  3225                          
  3226  0c28  f501fa0ab80ad602          DW RFROM,COUNT,TWODUP,PLUS,ALIGNED,TOR
              0507dd01          
  3227  0c34  2a00                      DW EXIT
  3228                          
  3229                          ;C S"       --         compile in-line string
  3230                          ;   COMPILE (S")  [ HEX ]
  3231                          ;   22 WORD C@ 1+ ALIGNED ALLOT ; IMMEDIATE
  3232                          
  3233  0c36  200c                    dw XSQUOTE_link
  3234  0c38  01                      db 1
  3235                          SQUOTE_link:
  3236                          
  3237  0c39  025322                  defm 2, "S",34,""
  3238                          SQUOTE:
  3239  0c3c  cd5f00                  call docolon
  3240                          
  3241  0c3f  4200250c6907              DW lit,XSQUOTE,COMMAXT
  3242  0c45  420022005e0ea202          DW lit,22H,WORD,CFETCH,ONEPLUS
              7e03              
  3243  0c4f  0507d60d2a00              DW ALIGNED,ALLOT,EXIT
  3244                          
  3245                          ;C ."       --         compile string to print
  3246                          ;   POSTPONE S"  POSTPONE TYPE ; IMMEDIATE
  3247                          
  3248  0c55  390c                    dw SQUOTE_link
  3249  0c57  01                      db 1
  3250                          DOTQUOTE_link:
  3251                          
  3252  0c58  022e22                  defm 2, ".",34,""
  3253                          DOTQUOTE:
  3254  0c5b  cd5f00                  call docolon
  3255                          
  3256  0c5e  3c0c                      DW SQUOTE
  3257  0c60  4200fa0b6907              DW lit,TYPE,COMMAXT
  3258  0c66  2a00                      DW EXIT
  3259                          
  3260                          ; NUMERIC OUTPUT ================================
  3261                          ; Numeric conversion is done l.s.digit first, so
  3262                          ; the output buffer is built backwards in memory.
  3263                          
  3264                          ; Some double-precision arithmetic operators are
  3265                          ; needed to implement ANSI numeric conversion.
  3266                          
  3267                          ;Z UD/MOD   ud1 u2 -- u3 ud4   32/16->32 divide
  3268                          ;   >R 0 R@ UM/MOD  ROT ROT R> UM/MOD ROT ;
  3269                          
  3270  0c68  580c                    dw DOTQUOTE_link
  3271  0c6a  00                      db 0
  3272                          UDSLASHMOD_link:
  3273                          
  3274  0c6b  0655442f4d4f44          defm 6, "UD/MOD"
  3275                          UDSLASHMOD:
  3276  0c72  cd5f00                  call docolon
  3277                          
  3278  0c75  dd01420000000d02          DW TOR,lit,0,RFETCH,UMSLASHMOD,ROT,ROT
              d905aa01aa01      
  3279  0c83  f501d905aa012a00          DW RFROM,UMSLASHMOD,ROT,EXIT
  3280                          
  3281                          ;Z UD*      ud1 d2 -- ud3      32*16->32 multiply
  3282                          ;   DUP >R UM* DROP  SWAP R> UM* ROT + ;
  3283                          
  3284  0c8b  6b0c                    dw UDSLASHMOD_link
  3285  0c8d  00                      db 0
  3286                          UDSTAR_link:
  3287                          
  3288  0c8e  0355442a                defm 3, "UD*"
  3289                          UDSTAR:
  3290  0c92  cd5f00                  call docolon
  3291                          
  3292  0c95  5101dd01ac057401          DW DUP,TOR,UMSTAR,DROP
  3293  0c9d  8401f501ac05aa01          DW SWOP,RFROM,UMSTAR,ROT,PLUS,EXIT
              d6022a00          
  3294                          
  3295                          ;C HOLD  char --        add char to output string
  3296                          ;   -1 HP +!  HP @ C! ;
  3297                          
  3298  0ca9  8e0c                    dw UDSTAR_link
  3299  0cab  00                      db 0
  3300                          HOLD_link:
  3301                          
  3302  0cac  04484f4c44              defm 4, "HOLD"
  3303                          HOLD:
  3304  0cb1  cd5f00                  call docolon
  3305                          
  3306  0cb4  4200ffff78080504          DW lit,-1,HP,PLUSSTORE
  3307  0cbc  780890027f022a00          DW HP,FETCH,CSTORE,EXIT
  3308                          
  3309                          ;C <#    --             begin numeric conversion
  3310                          ;   PAD HP ! ;          (initialize Hold Pointer)
  3311                          
  3312  0cc4  ac0c                    dw HOLD_link
  3313  0cc6  00                      db 0
  3314                          LESSNUM_link:
  3315                          
  3316  0cc7  023c23                  defm 2, "<#"
  3317                          LESSNUM:
  3318  0cca  cd5f00                  call docolon
  3319                          
  3320  0ccd  9a0878086b022a00          DW PAD,HP,STORE,EXIT
  3321                          
  3322                          ;Z >digit   n -- c      convert to 0..9A..Z
  3323                          ;   [ HEX ] DUP 9 > 7 AND + 30 + ;
  3324                          
  3325  0cd5  c70c                    dw LESSNUM_link
  3326  0cd7  00                      db 0
  3327                          TODIGIT_link:
  3328                          
  3329  0cd8  063e4449474954          defm 6, ">DIGIT"
  3330                          TODIGIT:
  3331  0cdf  cd5f00                  call docolon
  3332                          
  3333  0ce2  5101420009008204          DW DUP,lit,9,GREATER,lit,7,AND,PLUS
              420007001203d602  
  3334  0cf2  42003000d6022a00          DW lit,30H,PLUS,EXIT
  3335                          
  3336                          ;C #     ud1 -- ud2     convert 1 digit of output
  3337                          ;   BASE @ UD/MOD ROT >digit HOLD ;
  3338                          
  3339  0cfa  d80c                    dw TODIGIT_link
  3340  0cfc  00                      db 0
  3341                          NUM_link:
  3342                          
  3343  0cfd  0123                    defm 1, "#"
  3344                          NUM:
  3345  0cff  cd5f00                  call docolon
  3346                          
  3347  0d02  35089002720caa01          DW BASE,FETCH,UDSLASHMOD,ROT,TODIGIT
              df0c              
  3348  0d0c  b10c2a00                  DW HOLD,EXIT
  3349                          
  3350                          ;C #S    ud1 -- ud2     convert remaining digits
  3351                          ;   BEGIN # 2DUP OR 0= UNTIL ;
  3352                          
  3353  0d10  fd0c                    dw NUM_link
  3354  0d12  00                      db 0
  3355                          NUMS_link:
  3356                          
  3357  0d13  022353                  defm 2, "#S"
  3358                          NUMS:
  3359  0d16  cd5f00                  call docolon
  3360                          
  3361  0d19  ff0cb80a26031b04  NUMS1:  DW NUM,TWODUP,OR,ZEROEQUAL,qbranch,NUMS1
              ce04190d          
  3362  0d25  2a00                      DW EXIT
  3363                          
  3364                          ;C #>    ud1 -- c-addr u    end conv., get string
  3365                          ;   2DROP HP @ PAD OVER - ;
  3366                          
  3367  0d27  130d                    dw NUMS_link
  3368  0d29  00                      db 0
  3369                          NUMGREATER_link:
  3370                          
  3371  0d2a  02233e                  defm 2, "#>"
  3372                          NUMGREATER:
  3373  0d2d  cd5f00                  call docolon
  3374                          
  3375  0d30  a70a780890029a08          DW TWODROP,HP,FETCH,PAD,OVER,MINUS,EXIT
              9701fe022a00      
  3376                          
  3377                          ;C SIGN  n --           add minus sign if n<0
  3378                          ;   0< IF 2D HOLD THEN ;
  3379                          
  3380  0d3e  2a0d                    dw NUMGREATER_link
  3381  0d40  00                      db 0
  3382                          SIGN_link:
  3383                          
  3384  0d41  045349474e              defm 4, "SIGN"
  3385                          SIGN:
  3386  0d46  cd5f00                  call docolon
  3387                          
  3388  0d49  2f04ce04550d4200          DW ZEROLESS,qbranch,SIGN1,lit,2DH,HOLD
              2d00b10c          
  3389  0d55  2a00              SIGN1:  DW EXIT
  3390                          
  3391                          ;C U.    u --           display u unsigned
  3392                          ;   <# 0 #S #> TYPE SPACE ;
  3393                          
  3394  0d57  410d                    dw SIGN_link
  3395  0d59  00                      db 0
  3396                          UDOT_link:
  3397                          
  3398  0d5a  02552e                  defm 2, "U."
  3399                          UDOT:
  3400  0d5d  cd5f00                  call docolon
  3401                          
  3402  0d60  ca0c42000000160d          DW LESSNUM,lit,0,NUMS,NUMGREATER,TYPE
              2d0dfa0b          
  3403  0d6c  270b2a00                  DW SPACE,EXIT
  3404                          
  3405                          ;C .     n --           display n signed
  3406                          ;   <# DUP ABS 0 #S ROT SIGN #> TYPE SPACE ;
  3407                          
  3408  0d70  5a0d                    dw UDOT_link
  3409  0d72  00                      db 0
  3410                          DOT_link:
  3411                          
  3412  0d73  012e                    defm 1, "."
  3413                          DOT:
  3414  0d75  cd5f00                  call docolon
  3415                          
  3416  0d78  ca0c510110094200          DW LESSNUM,DUP,ABS,lit,0,NUMS
              0000160d          
  3417  0d84  aa01460d2d0dfa0b          DW ROT,SIGN,NUMGREATER,TYPE,SPACE,EXIT
              270b2a00          
  3418                          
  3419                          ;C DECIMAL  --      set number base to decimal
  3420                          ;   10 BASE ! ;
  3421                          
  3422  0d90  730d                    dw DOT_link
  3423  0d92  00                      db 0
  3424                          DECIMAL_link:
  3425                          
  3426  0d93  07444543494d414c        defm 7, "DECIMAL"
  3427                          DECIMAL:
  3428  0d9b  cd5f00                  call docolon
  3429                          
  3430  0d9e  42000a0035086b02          DW lit,10,BASE,STORE,EXIT
              2a00              
  3431                          
  3432                          ;X HEX     --       set number base to hex
  3433                          ;   16 BASE ! ;
  3434                          
  3435  0da8  930d                    dw DECIMAL_link
  3436  0daa  00                      db 0
  3437                          HEX_link:
  3438                          
  3439  0dab  03484558                defm 3, "HEX"
  3440                          HEX:
  3441  0daf  cd5f00                  call docolon
  3442                          
  3443  0db2  4200100035086b02          DW lit,16,BASE,STORE,EXIT
              2a00              
  3444                          
  3445                          ; DICTIONARY MANAGEMENT =========================
  3446                          
  3447                          ;C HERE    -- addr      returns dictionary ptr
  3448                          ;   DP @ ;
  3449                          
  3450  0dbc  ab0d                    dw HEX_link
  3451  0dbe  00                      db 0
  3452                          HERE_link:
  3453                          
  3454  0dbf  0448455245              defm 4, "HERE"
  3455                          HERE:
  3456  0dc4  cd5f00                  call docolon
  3457                          
  3458  0dc7  4e0890022a00              dw DP,FETCH,EXIT
  3459                          
  3460                          ;C ALLOT   n --         allocate n bytes in dict
  3461                          ;   DP +! ;
  3462                          
  3463  0dcd  bf0d                    dw HERE_link
  3464  0dcf  00                      db 0
  3465                          ALLOT_link:
  3466                          
  3467  0dd0  05414c4c4f54            defm 5, "ALLOT"
  3468                          ALLOT:
  3469  0dd6  cd5f00                  call docolon
  3470                          
  3471  0dd9  4e0805042a00              dw DP,PLUSSTORE,EXIT
  3472                          
  3473                          ; Note: , and C, are only valid for combined
  3474                          ; Code and Data spaces.
  3475                          
  3476                          ;C ,    x --           append cell to dict
  3477                          ;   HERE ! 1 CELLS ALLOT ;
  3478                          
  3479  0ddf  d00d                    dw ALLOT_link
  3480  0de1  00                      db 0
  3481                          COMMA_link:
  3482                          
  3483  0de2  012c                    defm 1, ","
  3484                          COMMA:
  3485  0de4  cd5f00                  call docolon
  3486                          
  3487  0de7  c40d6b0242000100          dw HERE,STORE,lit,1,CELLS,ALLOT,EXIT
              2f07d60d2a00      
  3488                          
  3489                          ;C C,   char --        append char to dict
  3490                          ;   HERE C! 1 CHARS ALLOT ;
  3491                          
  3492  0df5  e20d                    dw COMMA_link
  3493  0df7  00                      db 0
  3494                          CCOMMA_link:
  3495                          
  3496  0df8  02432c                  defm 2, "C,"
  3497                          CCOMMA:
  3498  0dfb  cd5f00                  call docolon
  3499                          
  3500  0dfe  c40d7f0242000100          dw HERE,CSTORE,lit,1,CHARS,ALLOT,EXIT
              4707d60d2a00      
  3501                          
  3502                          ; INTERPRETER ===================================
  3503                          ; Note that NFA>LFA, NFA>CFA, IMMED?, and FIND
  3504                          ; are dependent on the structure of the Forth
  3505                          ; header.  This may be common across many CPUs,
  3506                          ; or it may be different.
  3507                          
  3508                          ;C SOURCE   -- adr n    current input buffer
  3509                          ;   'SOURCE 2@ ;        length is at lower adrs
  3510                          
  3511  0e0c  f80d                    dw CCOMMA_link
  3512  0e0e  00                      db 0
  3513                          SOURCE_link:
  3514                          
  3515  0e0f  06534f55524345          defm 6, "SOURCE"
  3516                          SOURCE:
  3517  0e16  cd5f00                  call docolon
  3518                          
  3519  0e19  5e087a0a2a00              DW TICKSOURCE,TWOFETCH,EXIT
  3520                          
  3521                          ;X /STRING  a u n -- a+n u-n   trim string
  3522                          ;   ROT OVER + ROT ROT - ;
  3523                          
  3524  0e1f  0f0e                    dw SOURCE_link
  3525  0e21  00                      db 0
  3526                          SLASHSTRING_link:
  3527                          
  3528  0e22  072f535452494e47        defm 7, "/STRING"
  3529                          SLASHSTRING:
  3530  0e2a  cd5f00                  call docolon
  3531                          
  3532  0e2d  aa019701d602aa01          DW ROT,OVER,PLUS,ROT,ROT,MINUS,EXIT
              aa01fe022a00      
  3533                          
  3534                          ;Z >counted  src n dst --     copy to counted str
  3535                          ;   2DUP C! CHAR+ SWAP CMOVE ;
  3536                          
  3537  0e3b  220e                    dw SLASHSTRING_link
  3538  0e3d  00                      db 0
  3539                          TOCOUNTED_link:
  3540                          
  3541  0e3e  083e434f554e5445        defm 8, ">COUNTED"
              44                
  3542                          TOCOUNTED:
  3543  0e47  cd5f00                  call docolon
  3544                          
  3545  0e4a  b80a7f023b078401          DW TWODUP,CSTORE,CHARPLUS,SWOP,CMOVE,EXIT
              3b062a00          
  3546                          
  3547                          ;C WORD   char -- c-addr n   word delim'd by char
  3548                          ;   DUP  SOURCE >IN @ /STRING   -- c c adr n
  3549                          ;   DUP >R   ROT SKIP           -- c adr' n'
  3550                          ;   OVER >R  ROT SCAN           -- adr" n"
  3551                          ;   DUP IF CHAR- THEN        skip trailing delim.
  3552                          ;   R> R> ROT -   >IN +!        update >IN offset
  3553                          ;   TUCK -                      -- adr' N
  3554                          ;   HERE >counted               --
  3555                          ;   HERE                        -- a
  3556                          ;   BL OVER COUNT + C! ;    append trailing blank
  3557                          
  3558  0e56  3e0e                    dw TOCOUNTED_link
  3559  0e58  00                      db 0
  3560                          WORD_link:
  3561                          
  3562  0e59  04574f5244              defm 4, "WORD"
  3563                          WORD:
  3564  0e5e  cd5f00                  call docolon
  3565                          
  3566  0e61  5101160e28089002          DW DUP,SOURCE,TOIN,FETCH,SLASHSTRING
              2a0e              
  3567  0e6b  5101dd01aa017a06          DW DUP,TOR,ROT,skip
  3568  0e73  9701dd01aa01a206          DW OVER,TOR,ROT,scan
  3569  0e7b  5101ce04830e8c03          DW DUP,qbranch,WORD1,ONEMINUS  ; char-
  3570  0e83  f501f501aa01fe02  WORD1:  DW RFROM,RFROM,ROT,MINUS,TOIN,PLUSSTORE
              28080504          
  3571  0e8f  ce01fe02                  DW TUCK,MINUS
  3572  0e93  c40d470ec40d              DW HERE,TOCOUNTED,HERE
  3573  0e99  f5079701fa0ad602          DW BL,OVER,COUNT,PLUS,CSTORE,EXIT
              7f022a00          
  3574                          
  3575                          ;Z NFA>LFA   nfa -- lfa    name adr -> WORD_link field
  3576                          ;   3 - ;
  3577                          
  3578  0ea5  590e                    dw WORD_link
  3579  0ea7  00                      db 0
  3580                          NFATOLFA_link:
  3581                          
  3582  0ea8  074e46413e4c4641        defm 7, "NFA>LFA"
  3583                          NFATOLFA:
  3584  0eb0  cd5f00                  call docolon
  3585                          
  3586  0eb3  42000300fe022a00          DW lit,3,MINUS,EXIT
  3587                          
  3588                          ;Z NFA>CFA   nfa -- cfa    name adr -> code field
  3589                          ;   COUNT 7F AND + ;       mask off 'smudge' bit
  3590                          
  3591  0ebb  a80e                    dw NFATOLFA_link
  3592  0ebd  00                      db 0
  3593                          NFATOCFA_link:
  3594                          
  3595  0ebe  074e46413e434641        defm 7, "NFA>CFA"
  3596                          NFATOCFA:
  3597  0ec6  cd5f00                  call docolon
  3598                          
  3599  0ec9  fa0a42007f001203          DW COUNT,lit,07FH,AND,PLUS,EXIT
              d6022a00          
  3600                          
  3601                          ;Z IMMED?    nfa -- f      fetch immediate flag
  3602                          ;   1- C@ ;                     nonzero if `immed'
  3603                          
  3604  0ed5  be0e                    dw NFATOCFA_link
  3605  0ed7  00                      db 0
  3606                          IMMEDQ_link:
  3607                          
  3608  0ed8  06494d4d45443f          defm 6, "IMMED?"
  3609                          IMMEDQ:
  3610  0edf  cd5f00                  call docolon
  3611                          
  3612  0ee2  8c03a2022a00              DW ONEMINUS,CFETCH,EXIT
  3613                          
  3614                          ;C FIND   c-addr -- c-addr 0   if not found
  3615                          ;C                  xt  1      if immediate
  3616                          ;C                  xt -1      if "normal"
  3617                          ;   LATEST @ BEGIN             -- a nfa
  3618                          ;       2DUP OVER C@ CHAR+     -- a nfa a nfa n+1
  3619                          ;       S=                     -- a nfa f
  3620                          ;       DUP IF
  3621                          ;           DROP
  3622                          ;           NFA>LFA @ DUP      -- a IMMEDQ_link IMMEDQ_link
  3623                          ;       THEN
  3624                          ;   0= UNTIL                   -- a nfa  OR  a 0
  3625                          ;   DUP IF
  3626                          ;       NIP DUP NFA>CFA        -- nfa xt
  3627                          ;       SWAP IMMED?            -- xt iflag
  3628                          ;       0= 1 OR                -- xt 1/-1
  3629                          ;   THEN ;
  3630                          
  3631  0ee8  d80e                    dw IMMEDQ_link
  3632  0eea  00                      db 0
  3633                          FIND_link:
  3634                          
  3635  0eeb  0446494e44              defm 4, "FIND"
  3636                          FIND:
  3637  0ef0  cd5f00                  call docolon
  3638                          
  3639  0ef3  6d089002                  DW LATEST,FETCH
  3640  0ef7  b80a9701a2023b07  FIND1:  DW TWODUP,OVER,CFETCH,CHARPLUS
  3641  0eff  c3065101ce040f0f          DW sequal,DUP,qbranch,FIND2
  3642  0f07  7401b00e90025101          DW DROP,NFATOLFA,FETCH,DUP
  3643  0f0f  1b04ce04f70e      FIND2:  DW ZEROEQUAL,qbranch,FIND1
  3644  0f15  5101ce042d0f              DW DUP,qbranch,FIND3
  3645  0f1b  bd015101c60e              DW NIP,DUP,NFATOCFA
  3646  0f21  8401df0e1b044200          DW SWOP,IMMEDQ,ZEROEQUAL,lit,1,OR
              01002603          
  3647  0f2d  2a00              FIND3:  DW EXIT
  3648                          
  3649                          ;C LITERAL  x --        append numeric literal
  3650                          ;   STATE @ IF ['] LIT ,XT , THEN ; IMMEDIATE
  3651                          ; This tests STATE so that it can also be used
  3652                          ; interpretively.  (ANSI doesn't require this.)
  3653                          
  3654  0f2f  eb0e                    dw FIND_link
  3655  0f31  01                      db 1
  3656                          LITERAL_link:
  3657                          
  3658  0f32  074c49544552414c        defm 7, "LITERAL"
  3659                          LITERAL:
  3660  0f3a  cd5f00                  call docolon
  3661                          
  3662  0f3d  43089002ce044d0f          DW STATE,FETCH,qbranch,LITER1
  3663  0f45  420042006907e40d          DW lit,lit,COMMAXT,COMMA
  3664  0f4d  2a00              LITER1: DW EXIT
  3665                          
  3666                          ;Z DIGIT?   c -- n -1   if c is a valid digit
  3667                          ;Z            -- x  0   otherwise
  3668                          ;   [ HEX ] DUP 39 > 100 AND +     silly looking
  3669                          ;   DUP 140 > 107 AND -   30 -     but it works!
  3670                          ;   DUP BASE @ U< ;
  3671                          
  3672  0f4f  320f                    dw LITERAL_link
  3673  0f51  00                      db 0
  3674                          DIGITQ_link:
  3675                          
  3676  0f52  0644494749543f          defm 6, "DIGIT?"
  3677                          DIGITQ:
  3678  0f59  cd5f00                  call docolon
  3679                          
  3680  0f5c  5101420039008204          DW DUP,lit,39H,GREATER,lit,100H,AND,PLUS
              420000011203d602  
  3681  0f6c  5101420040018204          DW DUP,lit,140H,GREATER,lit,107H,AND
              420007011203      
  3682  0f7a  fe0242003000fe02          DW MINUS,lit,30H,MINUS
  3683  0f82  5101350890029104          DW DUP,BASE,FETCH,ULESS,EXIT
              2a00              
  3684                          
  3685                          ;Z ?SIGN   adr n -- adr' n' f  get optional sign
  3686                          ;Z  advance adr/n if sign; return NZ if negative
  3687                          ;   OVER C@                 -- adr n c
  3688                          ;   2C - DUP ABS 1 = AND    -- +=-1, -=+1, else 0
  3689                          ;   DUP IF 1+               -- +=0, -=+2
  3690                          ;       >R 1 /STRING R>     -- adr' n' f
  3691                          ;   THEN ;
  3692                          
  3693  0f8c  520f                    dw DIGITQ_link
  3694  0f8e  00                      db 0
  3695                          QSIGN_link:
  3696                          
  3697  0f8f  053f5349474e            defm 5, "?SIGN"
  3698                          QSIGN:
  3699  0f95  cd5f00                  call docolon
  3700                          
  3701  0f98  9701a20242002c00          DW OVER,CFETCH,lit,2CH,MINUS,DUP,ABS
              fe0251011009      
  3702  0fa6  4200010040041203          DW lit,1,EQUAL,AND,DUP,qbranch,QSIGN1
              5101ce04c00f      
  3703  0fb4  7e03dd0142000100          DW ONEPLUS,TOR,lit,1,SLASHSTRING,RFROM
              2a0ef501          
  3704  0fc0  2a00              QSIGN1: DW EXIT
  3705                          
  3706                          ;C >NUMBER  ud adr u -- ud' adr' u'
  3707                          ;C                      convert string to number
  3708                          ;   BEGIN
  3709                          ;   DUP WHILE
  3710                          ;       OVER C@ DIGIT?
  3711                          ;       0= IF DROP EXIT THEN
  3712                          ;       >R 2SWAP BASE @ UD*
  3713                          ;       R> M+ 2SWAP
  3714                          ;       1 /STRING
  3715                          ;   REPEAT ;
  3716                          
  3717  0fc2  8f0f                    dw QSIGN_link
  3718  0fc4  00                      db 0
  3719                          TONUMBER_link:
  3720                          
  3721  0fc5  073e4e554d424552        defm 7, ">NUMBER"
  3722                          TONUMBER:
  3723  0fcd  cd5f00                  call docolon
  3724                          
  3725  0fd0  5101ce040010      TONUM1: DW DUP,qbranch,TONUM3
  3726  0fd6  9701a202590f              DW OVER,CFETCH,DIGITQ
  3727  0fdc  1b04ce04e60f7401          DW ZEROEQUAL,qbranch,TONUM2,DROP,EXIT
              2a00              
  3728  0fe6  dd01ca0a35089002  TONUM2: DW TOR,TWOSWAP,BASE,FETCH,UDSTAR
              920c              
  3729  0ff0  f501e702ca0a              DW RFROM,MPLUS,TWOSWAP
  3730  0ff6  420001002a0eb804          DW lit,1,SLASHSTRING,branch,TONUM1
              d00f              
  3731  1000  2a00              TONUM3: DW EXIT
  3732                          
  3733                          ;Z ?NUMBER  c-addr -- n -1      string->number
  3734                          ;Z                 -- c-addr 0  if convert error
  3735                          ;   DUP  0 0 ROT COUNT      -- ca ud adr n
  3736                          ;   ?SIGN >R  >NUMBER       -- ca ud adr' n'
  3737                          ;   IF   R> 2DROP 2DROP 0   -- ca 0   (error)
  3738                          ;   ELSE 2DROP NIP R>
  3739                          ;       IF NEGATE THEN  -1  -- n -1   (ok)
  3740                          ;   THEN ;
  3741                          
  3742  1002  c50f                    dw TONUMBER_link
  3743  1004  00                      db 0
  3744                          QNUMBER_link:
  3745                          
  3746  1005  073f4e554d424552        defm 7, "?NUMBER"
  3747                          QNUMBER:
  3748  100d  cd5f00                  call docolon
  3749                          
  3750  1010  5101420000005101          DW DUP,lit,0,DUP,ROT,COUNT
              aa01fa0a          
  3751  101c  950fdd01cd0fce04          DW QSIGN,TOR,TONUMBER,qbranch,QNUM1
              3410              
  3752  1026  f501a70aa70a4200          DW RFROM,TWODROP,TWODROP,lit,0
              0000              
  3753  1030  b8044410                  DW branch,QNUM3
  3754  1034  a70abd01f501ce04  QNUM1:  DW TWODROP,NIP,RFROM,qbranch,QNUM2,NEGATE
              40106a03          
  3755  1040  4200ffff          QNUM2:  DW lit,-1
  3756  1044  2a00              QNUM3:  DW EXIT
  3757                          
  3758                          ;Z INTERPRET    i*x c-addr u -- j*x
  3759                          ;Z                      interpret given buffer
  3760                          ; This is a common factor of EVALUATE and QUIT.
  3761                          ; ref. dpANS-6, 3.4 The Forth Text Interpreter
  3762                          ;   'SOURCE 2!  0 >IN !
  3763                          ;   BEGIN
  3764                          ;   BL WORD DUP C@ WHILE        -- textadr
  3765                          ;       FIND                    -- a 0/1/-1
  3766                          ;       ?DUP IF                 -- xt 1/-1
  3767                          ;           1+ STATE @ 0= OR    immed or interp?
  3768                          ;           IF EXECUTE ELSE ,XT THEN
  3769                          ;       ELSE                    -- textadr
  3770                          ;           ?NUMBER
  3771                          ;           IF POSTPONE LITERAL     converted ok
  3772                          ;           ELSE COUNT TYPE 3F EMIT CR ABORT  err
  3773                          ;           THEN
  3774                          ;       THEN
  3775                          ;   REPEAT DROP ;
  3776                          
  3777  1046  0510                    dw QNUMBER_link
  3778  1048  00                      db 0
  3779                          INTERPRET_link:
  3780                          
  3781  1049  09494e5445525052        defm 9, "INTERPRET"
              4554              
  3782                          INTERPRET:
  3783  1053  cd5f00                  call docolon
  3784                          
  3785  1056  5e088f0a42000000          DW TICKSOURCE,TWOSTORE,lit,0,TOIN,STORE
              28086b02          
  3786  1062  f5075e0e5101a202  INTER1: DW BL,WORD,DUP,CFETCH,qbranch,INTER9
              ce04ae10          
  3787  106e  f00e6101ce049010          DW FIND,QDUP,qbranch,INTER4
  3788  1076  7e03430890021b04          DW ONEPLUS,STATE,FETCH,ZEROEQUAL,OR
              2603              
  3789  1080  ce048a10                  DW qbranch,INTER2
  3790  1084  5b00b8048c10              DW EXECUTE,branch,INTER3
  3791  108a  6907              INTER2: DW COMMAXT
  3792  108c  b804aa10          INTER3: DW branch,INTER8
  3793  1090  0d10ce049c10      INTER4: DW QNUMBER,qbranch,INTER5
  3794  1096  3a0fb804aa10              DW LITERAL,branch,INTER6
  3795  109c  fa0afa0b42003f00  INTER5: DW COUNT,TYPE,lit,3FH,EMIT,CR,ABORT
              f8000d0b2c11      
  3796                          INTER6:
  3797  10aa  b8046210          INTER8: DW branch,INTER1
  3798  10ae  74012a00          INTER9: DW DROP,EXIT
  3799                          
  3800                          ;C EVALUATE  i*x c-addr u -- j*x  interprt string
  3801                          ;   'SOURCE 2@ >R >R  >IN @ >R
  3802                          ;   INTERPRET
  3803                          ;   R> >IN !  R> R> 'SOURCE 2! ;
  3804                          
  3805  10b2  4910                    dw INTERPRET_link
  3806  10b4  00                      db 0
  3807                          EVALUATE_link:
  3808                          
  3809  10b5  084556414c554154        defm 8, "EVALUATE"
              45                
  3810                          EVALUATE:
  3811  10be  cd5f00                  call docolon
  3812                          
  3813  10c1  5e087a0add01dd01          DW TICKSOURCE,TWOFETCH,TOR,TOR
  3814  10c9  28089002dd015310          DW TOIN,FETCH,TOR,INTERPRET
  3815  10d1  f50128086b02f501          DW RFROM,TOIN,STORE,RFROM,RFROM
              f501              
  3816  10db  5e088f0a2a00              DW TICKSOURCE,TWOSTORE,EXIT
  3817                          
  3818                          ;C QUIT     --    R: i*x --    interpret from kbd
  3819                          ;   L0 LP !  R0 RP!   0 STATE !
  3820                          ;   BEGIN
  3821                          ;       TIB DUP TIBSIZE ACCEPT  SPACE
  3822                          ;       INTERPRET
  3823                          ;       STATE @ 0= IF CR ." OK" THEN
  3824                          ;   AGAIN ;
  3825                          
  3826  10e1  b510                    dw EVALUATE_link
  3827  10e3  00                      db 0
  3828                          QUIT_link:
  3829                          
  3830  10e4  0451554954              defm 4, "QUIT"
  3831                          QUIT:
  3832  10e9  cd5f00                  call docolon
  3833                          
  3834  10ec  a50883086b02              DW L0,LP,STORE
  3835  10f2  b0085b0242000000          DW R0,RPSTORE,lit,0,STATE,STORE
              43086b02          
  3836  10fe  1108510105088b0b  QUIT1:  DW TIB,DUP,TIBSIZE,ACCEPT,SPACE
              270b              
  3837  1108  5310                      DW INTERPRET
  3838  110a  430890021b04ce04          DW STATE,FETCH,ZEROEQUAL,qbranch,QUIT2
              1f11              
  3839  1114  0d0b250c                  DW CR,XSQUOTE
  3840  1118  044f4b0d0a                DB 4,"OK",13,10
  3841  111d  fa0b                      DW TYPE
  3842  111f  b804fe10          QUIT2:  DW branch,QUIT1
  3843                          
  3844                          ;C ABORT    i*x --   R: j*x --   clear stk & QUIT
  3845                          ;   S0 SP!  QUIT ;
  3846                          
  3847  1123  e410                    dw QUIT_link
  3848  1125  00                      db 0
  3849                          ABORT_link:
  3850                          
  3851  1126  0541424f5254            defm 5, "ABORT"
  3852                          ABORT:
  3853  112c  cd5f00                  call docolon
  3854                          
  3855  112f  8e083702e910              DW S0,SPSTORE,QUIT   ; QUIT never returns
  3856                          
  3857                          ;Z ?ABORT   f c-addr u --      abort & print msg
  3858                          ;   ROT IF TYPE ABORT THEN 2DROP ;
  3859                          
  3860  1135  2611                    dw ABORT_link
  3861  1137  00                      db 0
  3862                          QABORT_link:
  3863                          
  3864  1138  063f41424f5254          defm 6, "?ABORT"
  3865                          QABORT:
  3866  113f  cd5f00                  call docolon
  3867                          
  3868  1142  aa01ce044c11fa0b          DW ROT,qbranch,QABO1,TYPE,ABORT
              2c11              
  3869  114c  a70a2a00          QABO1:  DW TWODROP,EXIT
  3870                          
  3871                          ;C ABORT"  i*x 0  -- i*x   R: j*x -- j*x  x1=0
  3872                          ;C         i*x x1 --       R: j*x --      x1<>0
  3873                          ;   POSTPONE S" POSTPONE ?ABORT ; IMMEDIATE
  3874                          
  3875  1150  3811                    dw QABORT_link
  3876  1152  01                      db 1
  3877                          ABORTQUOTE_link:
  3878                          
  3879  1153  0641424f525422          defm 6, "ABORT",34,""
  3880                          ABORTQUOTE:
  3881  115a  cd5f00                  call docolon
  3882                          
  3883  115d  3c0c                      DW SQUOTE
  3884  115f  42003f116907              DW lit,QABORT,COMMAXT
  3885  1165  2a00                      DW EXIT
  3886                          
  3887                          ;C '    -- xt           find word in dictionary
  3888                          ;   BL WORD FIND
  3889                          ;   0= ABORT" ?" ;
  3890                          
  3891  1167  5311                    dw ABORTQUOTE_link
  3892  1169  00                      db 0
  3893                          TICK_link:
  3894                          
  3895  116a  0127                    defm 1, "'"
  3896                          TICK:
  3897  116c  cd5f00                  call docolon
  3898                          
  3899  116f  f5075e0ef00e1b04          DW BL,WORD,FIND,ZEROEQUAL,XSQUOTE
              250c              
  3900  1179  013f                      DB 1,"?"
  3901  117b  3f112a00                  DW QABORT,EXIT
  3902                          
  3903                          ;C CHAR   -- char           parse ASCII character
  3904                          ;   BL WORD 1+ C@ ;
  3905                          
  3906  117f  6a11                    dw TICK_link
  3907  1181  00                      db 0
  3908                          CHAR_link:
  3909                          
  3910  1182  0443484152              defm 4, "CHAR"
  3911                          CHAR:
  3912  1187  cd5f00                  call docolon
  3913                          
  3914  118a  f5075e0e7e03a202          DW BL,WORD,ONEPLUS,CFETCH,EXIT
              2a00              
  3915                          
  3916                          ;C [CHAR]   --          compile character literal
  3917                          ;   CHAR  ['] LIT ,XT  , ; IMMEDIATE
  3918                          
  3919  1194  8211                    dw CHAR_link
  3920  1196  01                      db 1
  3921                          BRACCHAR_link:
  3922                          
  3923  1197  065b434841525d          defm 6, "[CHAR]"
  3924                          BRACCHAR:
  3925  119e  cd5f00                  call docolon
  3926                          
  3927  11a1  8711                      DW CHAR
  3928  11a3  420042006907              DW lit,lit,COMMAXT
  3929  11a9  e40d2a00                  DW COMMA,EXIT
  3930                          
  3931                          ;C (    --                     skip input until )
  3932                          ;   [ HEX ] 29 WORD DROP ; IMMEDIATE
  3933                          
  3934  11ad  9711                    dw BRACCHAR_link
  3935  11af  01                      db 1
  3936                          PAREN_link:
  3937                          
  3938  11b0  0128                    defm 1, "("
  3939                          PAREN:
  3940  11b2  cd5f00                  call docolon
  3941                          
  3942  11b5  420029005e0e7401          DW lit,29H,WORD,DROP,EXIT
              2a00              
  3943                          
  3944                          ; COMPILER ======================================
  3945                          
  3946                          ;C CREATE   --      create an empty definition
  3947                          ;   LATEST @ , 0 C,         PAREN_link & immed field
  3948                          ;   HERE LATEST !           new "latest" PAREN_link
  3949                          ;   BL WORD C@ 1+ ALLOT         name field
  3950                          ;   docreate ,CF                code field
  3951                          
  3952  11bf  b011                    dw PAREN_link
  3953  11c1  00                      db 0
  3954                          CREATE_link:
  3955                          
  3956  11c2  06435245415445          defm 6, "CREATE"
  3957                          CREATE:
  3958  11c9  cd5f00                  call docolon
  3959                          
  3960  11cc  6d089002e40d4200          DW LATEST,FETCH,COMMA,lit,0,CCOMMA
              0000fb0d          
  3961  11d8  c40d6d086b02              DW HERE,LATEST,STORE
  3962  11de  f5075e0ea2027e03          DW BL,WORD,CFETCH,ONEPLUS,ALLOT
              d60d              
  3963  11e8  42008b008b072a00          DW lit,docreate,COMMACF,EXIT
  3964                          
  3965                          ;Z (DOES>)  --      run-time action of DOES>
  3966                          ;   R>              adrs of headless DOES> def'n
  3967                          ;   LATEST @ NFA>CFA    code field to fix up
  3968                          ;   !CF ;
  3969                          
  3970  11f0  c211                    dw CREATE_link
  3971  11f2  00                      db 0
  3972                          XDOES_link:
  3973                          
  3974  11f3  0728444f45533e29        defm 7, "(DOES>)"
  3975                          XDOES:
  3976  11fb  cd5f00                  call docolon
  3977                          
  3978  11fe  f5016d089002c60e          DW RFROM,LATEST,FETCH,NFATOCFA,STORECF
              7307              
  3979  1208  2a00                      DW EXIT
  3980                          
  3981                          ;C DOES>    --      change action of latest def'n
  3982                          ;   COMPILE (DOES>)
  3983                          ;   dodoes ,CF ; IMMEDIATE
  3984                          
  3985  120a  f311                    dw XDOES_link
  3986  120c  01                      db 1
  3987                          DOES_link:
  3988                          
  3989  120d  05444f45533e            defm 5, "DOES>"
  3990                          DOES:
  3991  1213  cd5f00                  call docolon
  3992                          
  3993  1216  4200fb116907              DW lit,XDOES,COMMAXT
  3994  121c  4200da008b072a00          DW lit,dodoes,COMMACF,EXIT
  3995                          
  3996                          ;C RECURSE  --      recurse current definition
  3997                          ;   LATEST @ NFA>CFA ,XT ; IMMEDIATE
  3998                          
  3999  1224  0d12                    dw DOES_link
  4000  1226  01                      db 1
  4001                          RECURSE_link:
  4002                          
  4003  1227  0752454355525345        defm 7, "RECURSE"
  4004                          RECURSE:
  4005  122f  cd5f00                  call docolon
  4006                          
  4007  1232  6d089002c60e6907          DW LATEST,FETCH,NFATOCFA,COMMAXT,EXIT
              2a00              
  4008                          
  4009                          ;C [        --      enter interpretive state
  4010                          ;   0 STATE ! ; IMMEDIATE
  4011                          
  4012  123c  2712                    dw RECURSE_link
  4013  123e  01                      db 1
  4014                          LEFTBRACKET_link:
  4015                          
  4016  123f  015b                    defm 1, "["
  4017                          LEFTBRACKET:
  4018  1241  cd5f00                  call docolon
  4019                          
  4020  1244  4200000043086b02          DW lit,0,STATE,STORE,EXIT
              2a00              
  4021                          
  4022                          ;C ]        --      enter compiling state
  4023                          ;   -1 STATE ! ;
  4024                          
  4025  124e  3f12                    dw LEFTBRACKET_link
  4026  1250  00                      db 0
  4027                          RIGHTBRACKET_link:
  4028                          
  4029  1251  015d                    defm 1, "]"
  4030                          RIGHTBRACKET:
  4031  1253  cd5f00                  call docolon
  4032                          
  4033  1256  4200ffff43086b02          DW lit,-1,STATE,STORE,EXIT
              2a00              
  4034                          
  4035                          ;Z HIDE     --      "hide" latest definition
  4036                          ;   LATEST @ DUP C@ 80 OR SWAP C! ;
  4037                          
  4038  1260  5112                    dw RIGHTBRACKET_link
  4039  1262  00                      db 0
  4040                          HIDE_link:
  4041                          
  4042  1263  0448494445              defm 4, "HIDE"
  4043                          HIDE:
  4044  1268  cd5f00                  call docolon
  4045                          
  4046  126b  6d0890025101a202          DW LATEST,FETCH,DUP,CFETCH,lit,80H,OR
              420080002603      
  4047  1279  84017f022a00              DW SWOP,CSTORE,EXIT
  4048                          
  4049                          ;Z REVEAL   --      "reveal" latest definition
  4050                          ;   LATEST @ DUP C@ 7F AND SWAP C! ;
  4051                          
  4052  127f  6312                    dw HIDE_link
  4053  1281  00                      db 0
  4054                          REVEAL_link:
  4055                          
  4056  1282  0652455645414c          defm 6, "REVEAL"
  4057                          REVEAL:
  4058  1289  cd5f00                  call docolon
  4059                          
  4060  128c  6d0890025101a202          DW LATEST,FETCH,DUP,CFETCH,lit,7FH,AND
              42007f001203      
  4061  129a  84017f022a00              DW SWOP,CSTORE,EXIT
  4062                          
  4063                          ;C IMMEDIATE   --   make last def'n immediate
  4064                          ;   1 LATEST @ 1- C! ;   set immediate flag
  4065                          
  4066  12a0  8212                    dw REVEAL_link
  4067  12a2  00                      db 0
  4068                          IMMEDIATE_link:
  4069                          
  4070  12a3  09494d4d45444941        defm 9, "IMMEDIATE"
              5445              
  4071                          IMMEDIATE:
  4072  12ad  cd5f00                  call docolon
  4073                          
  4074  12b0  420001006d089002          DW lit,1,LATEST,FETCH,ONEMINUS,CSTORE
              8c037f02          
  4075  12bc  2a00                      DW EXIT
  4076                          
  4077                          ;C :        --      begin a colon definition
  4078                          ;   CREATE HIDE ] !COLON ;
  4079                          
  4080  12be  a312                    dw IMMEDIATE_link
  4081  12c0  00                      db 0
  4082                          COLON_link:
  4083                          
  4084  12c1  013a                    defm 1, ":"
  4085                          COLON:
  4086                          
  4087                          
  4088  12c3  cd5f00                    CALL docolon    ; code fwd ref explicitly
  4089  12c6  c91168125312a407          DW CREATE,HIDE,RIGHTBRACKET,STORCOLON
  4090  12ce  2a00                      DW EXIT
  4091                          
  4092                          ;C ;
  4093                          ;   REVEAL  ,EXIT
  4094                          ;   POSTPONE [  ; IMMEDIATE
  4095                          
  4096  12d0  c112                    dw COLON_link
  4097  12d2  01                      db 1
  4098                          SEMICOLON_link:
  4099                          
  4100  12d3  013b                    defm 1, ";"
  4101                          SEMICOLON:
  4102  12d5  cd5f00                  call docolon
  4103                          
  4104  12d8  8912be07                  DW REVEAL,CEXIT
  4105  12dc  41122a00                  DW LEFTBRACKET,EXIT
  4106                          
  4107                          
  4108  12e0  d312                    dw SEMICOLON_link
  4109  12e2  01                      db 1
  4110                          BRACTICK_link:
  4111                          
  4112  12e3  035b275d                defm 3, "[']"
  4113                          BRACTICK:
  4114  12e7  cd5f00                  call docolon
  4115                          
  4116  12ea  6c11                      DW TICK               ; get xt of 'xxx'
  4117  12ec  420042006907              DW lit,lit,COMMAXT    ; append LIT action
  4118  12f2  e40d2a00                  DW COMMA,EXIT         ; append xt literal
  4119                          
  4120                          ;C POSTPONE  --   postpone compile action of word
  4121                          ;   BL WORD FIND
  4122                          ;   DUP 0= ABORT" ?"
  4123                          ;   0< IF   -- xt  non immed: add code to current
  4124                          ;                  def'n to compile xt later.
  4125                          ;       ['] LIT ,XT  ,      add "lit,xt,COMMAXT"
  4126                          ;       ['] ,XT ,XT         to current definition
  4127                          ;   ELSE  ,XT      immed: compile into cur. def'n
  4128                          ;   THEN ; IMMEDIATE
  4129                          
  4130  12f6  e312                    dw BRACTICK_link
  4131  12f8  01                      db 1
  4132                          POSTPONE_link:
  4133                          
  4134  12f9  08504f5354504f4e        defm 8, "POSTPONE"
              45                
  4135                          POSTPONE:
  4136  1302  cd5f00                  call docolon
  4137                          
  4138  1305  f5075e0ef00e5101          DW BL,WORD,FIND,DUP,ZEROEQUAL,XSQUOTE
              1b04250c          
  4139  1311  013f                      DB 1,"?"
  4140  1313  3f112f04ce042d13          DW QABORT,ZEROLESS,qbranch,POST1
  4141  131b  420042006907e40d          DW lit,lit,COMMAXT,COMMA
  4142  1323  420069076907b804          DW lit,COMMAXT,COMMAXT,branch,POST2
              2f13              
  4143  132d  6907              POST1:  DW COMMAXT
  4144  132f  2a00              POST2:  DW EXIT
  4145                          
  4146                          ;Z COMPILE   --   append inline execution token
  4147                          ;   R> DUP CELL+ >R @ ,XT ;
  4148                          ; The phrase ['] xxx ,XT appears so often that
  4149                          ; this word was created to combine the actions
  4150                          ; of LIT and ,XT.  It takes an inline literal
  4151                          ; execution token and appends it to the dict.
  4152                          ;    xxxhead COMPILE,7,COMPILE,docolon
  4153                          ;        DW RFROM,DUP,CELLPLUS,TOR
  4154                          ;        DW FETCH,COMMAXT,EXIT
  4155                          ; N.B.: not used in the current implementation
  4156                          
  4157                          ; CONTROL STRUCTURES ============================
  4158                          
  4159                          ;C IF       -- adrs    conditional forward branch
  4160                          ;   ['] qbranch ,BRANCH  HERE DUP ,DEST ;
  4161                          ;   IMMEDIATE
  4162                          
  4163  1331  f912                    dw POSTPONE_link
  4164  1333  01                      db 1
  4165                          IF_link:
  4166                          
  4167  1334  024946                  defm 2, "IF"
  4168                          IF:
  4169  1337  cd5f00                  call docolon
  4170                          
  4171  133a  4200ce04d407              DW lit,qbranch,COMMABRANCH
  4172  1340  c40d5101e0072a00          DW HERE,DUP,COMMADEST,EXIT
  4173                          
  4174                          ;C THEN     adrs --        resolve forward branch
  4175                          ;   HERE SWAP !DEST ; IMMEDIATE
  4176                          
  4177  1348  3413                    dw IF_link
  4178  134a  01                      db 1
  4179                          THEN_link:
  4180                          
  4181  134b  045448454e              defm 4, "THEN"
  4182                          THEN:
  4183  1350  cd5f00                  call docolon
  4184                          
  4185  1353  c40d8401ec072a00          DW HERE,SWOP,STOREDEST,EXIT
  4186                          
  4187                          ;C ELSE     adrs1 -- adrs2    branch for IF..ELSE
  4188                          ;   ['] branch ,BRANCH  HERE DUP ,DEST
  4189                          ;   SWAP  POSTPONE THEN ; IMMEDIATE
  4190                          
  4191  135b  4b13                    dw THEN_link
  4192  135d  01                      db 1
  4193                          ELSE_link:
  4194                          
  4195  135e  04454c5345              defm 4, "ELSE"
  4196                          ELSE:
  4197  1363  cd5f00                  call docolon
  4198                          
  4199  1366  4200b804d407              DW lit,branch,COMMABRANCH
  4200  136c  c40d5101e007              DW HERE,DUP,COMMADEST
  4201  1372  840150132a00              DW SWOP,THEN,EXIT
  4202                          
  4203                          ;C BEGIN    -- adrs        target for bwd. branch
  4204                          ;   HERE ; IMMEDIATE
  4205                          
  4206  1378  5e13                    dw ELSE_link
  4207  137a  01                      db 1
  4208                          BEGIN_link:
  4209                          
  4210  137b  05424547494e            defm 5, "BEGIN"
  4211                          BEGIN:
  4212                          
  4213                          
  4214  1381  c3c40d                    jp HERE
  4215                          
  4216                          ;C UNTIL    adrs --   conditional backward branch
  4217                          ;   ['] qbranch ,BRANCH  ,DEST ; IMMEDIATE
  4218                          ;   conditional backward branch
  4219                          
  4220  1384  7b13                    dw BEGIN_link
  4221  1386  01                      db 1
  4222                          UNTIL_link:
  4223                          
  4224  1387  05554e54494c            defm 5, "UNTIL"
  4225                          UNTIL:
  4226  138d  cd5f00                  call docolon
  4227                          
  4228  1390  4200ce04d407              DW lit,qbranch,COMMABRANCH
  4229  1396  e0072a00                  DW COMMADEST,EXIT
  4230                          
  4231                          ;X AGAIN    adrs --      uncond'l backward branch
  4232                          ;   ['] branch ,BRANCH  ,DEST ; IMMEDIATE
  4233                          ;   unconditional backward branch
  4234                          
  4235  139a  8713                    dw UNTIL_link
  4236  139c  01                      db 1
  4237                          AGAIN_link:
  4238                          
  4239  139d  05414741494e            defm 5, "AGAIN"
  4240                          AGAIN:
  4241  13a3  cd5f00                  call docolon
  4242                          
  4243  13a6  4200b804d407              DW lit,branch,COMMABRANCH
  4244  13ac  e0072a00                  DW COMMADEST,EXIT
  4245                          
  4246                          ;C WHILE    -- adrs         branch for WHILE loop
  4247                          ;   POSTPONE IF ; IMMEDIATE
  4248                          
  4249  13b0  9d13                    dw AGAIN_link
  4250  13b2  01                      db 1
  4251                          WHILE_link:
  4252                          
  4253  13b3  055748494c45            defm 5, "WHILE"
  4254                          WHILE:
  4255                          
  4256                          
  4257  13b9  c33713                    jp IF
  4258                          
  4259                          ;C REPEAT   adrs1 adrs2 --     resolve WHILE loop
  4260                          ;   SWAP POSTPONE AGAIN POSTPONE THEN ; IMMEDIATE
  4261                          
  4262  13bc  b313                    dw WHILE_link
  4263  13be  01                      db 1
  4264                          REPEAT_link:
  4265                          
  4266  13bf  06524550454154          defm 6, "REPEAT"
  4267                          REPEAT:
  4268  13c6  cd5f00                  call docolon
  4269                          
  4270  13c9  8401a31350132a00          DW SWOP,AGAIN,THEN,EXIT
  4271                          
  4272                          ;Z >L   x --   L: -- x        move to leave stack
  4273                          ;   CELL LP +!  LP @ ! ;      (L stack grows up)
  4274                          
  4275  13d1  bf13                    dw REPEAT_link
  4276  13d3  00                      db 0
  4277                          TOL_link:
  4278                          
  4279  13d4  023e4c                  defm 2, ">L"
  4280                          TOL:
  4281  13d7  cd5f00                  call docolon
  4282                          
  4283  13da  0f07830805048308          DW CELL,LP,PLUSSTORE,LP,FETCH,STORE,EXIT
              90026b022a00      
  4284                          
  4285                          ;Z L>   -- x   L: x --      move from leave stack
  4286                          ;   LP @ @  CELL NEGATE LP +! ;
  4287                          
  4288  13e8  d413                    dw TOL_link
  4289  13ea  00                      db 0
  4290                          LFROM_link:
  4291                          
  4292  13eb  024c3e                  defm 2, "L>"
  4293                          LFROM:
  4294  13ee  cd5f00                  call docolon
  4295                          
  4296  13f1  830890029002              DW LP,FETCH,FETCH
  4297  13f7  0f076a0383080504          DW CELL,NEGATE,LP,PLUSSTORE,EXIT
              2a00              
  4298                          
  4299                          ;C DO       -- adrs   L: -- 0
  4300                          ;   ['] xdo ,XT   HERE     target for bwd branch
  4301                          ;   0 >L ; IMMEDIATE           marker for LEAVEs
  4302                          
  4303  1401  eb13                    dw LFROM_link
  4304  1403  01                      db 1
  4305                          DO_link:
  4306                          
  4307  1404  02444f                  defm 2, "DO"
  4308                          DO:
  4309  1407  cd5f00                  call docolon
  4310                          
  4311  140a  4200e4046907c40d          DW lit,xdo,COMMAXT,HERE
  4312  1412  42000000d7132a00          DW lit,0,TOL,EXIT
  4313                          
  4314                          ;Z ENDLOOP   adrs xt --   L: 0 a1 a2 .. aN --
  4315                          ;   ,BRANCH  ,DEST                backward loop
  4316                          ;   BEGIN L> ?DUP WHILE POSTPONE THEN REPEAT ;
  4317                          ;                                 resolve LEAVEs
  4318                          ; This is a common factor of LOOP and +LOOP.
  4319                          
  4320  141a  0414                    dw DO_link
  4321  141c  00                      db 0
  4322                          ENDLOOP_link:
  4323                          
  4324  141d  07454e444c4f4f50        defm 7, "ENDLOOP"
  4325                          ENDLOOP:
  4326  1425  cd5f00                  call docolon
  4327                          
  4328  1428  d407e007                  DW COMMABRANCH,COMMADEST
  4329  142c  ee136101ce043a14  LOOP1:  DW LFROM,QDUP,qbranch,LOOP2
  4330  1434  5013b8042c14              DW THEN,branch,LOOP1
  4331  143a  2a00              LOOP2:  DW EXIT
  4332                          
  4333                          ;C LOOP    adrs --   L: 0 a1 a2 .. aN --
  4334                          ;   ['] xloop ENDLOOP ;  IMMEDIATE
  4335                          
  4336  143c  1d14                    dw ENDLOOP_link
  4337  143e  01                      db 1
  4338                          LOOP_link:
  4339                          
  4340  143f  044c4f4f50              defm 4, "LOOP"
  4341                          LOOP:
  4342  1444  cd5f00                  call docolon
  4343                          
  4344  1447  4200150525142a00          DW lit,xloop,ENDLOOP,EXIT
  4345                          
  4346                          ;C +LOOP   adrs --   L: 0 a1 a2 .. aN --
  4347                          ;   ['] xplusloop ENDLOOP ;  IMMEDIATE
  4348                          
  4349  144f  3f14                    dw LOOP_link
  4350  1451  01                      db 1
  4351                          PLUSLOOP_link:
  4352                          
  4353  1452  052b4c4f4f50            defm 5, "+LOOP"
  4354                          PLUSLOOP:
  4355  1458  cd5f00                  call docolon
  4356                          
  4357  145b  4200480525142a00          DW lit,xplusloop,ENDLOOP,EXIT
  4358                          
  4359                          ;C LEAVE    --    L: -- adrs
  4360                          ;   ['] UNLOOP ,XT
  4361                          ;   ['] branch ,BRANCH   HERE DUP ,DEST  >L
  4362                          ;   ; IMMEDIATE      unconditional forward branch
  4363                          
  4364  1463  5214                    dw PLUSLOOP_link
  4365  1465  01                      db 1
  4366                          LEAVE_link:
  4367                          
  4368  1466  054c45415645            defm 5, "LEAVE"
  4369                          LEAVE:
  4370  146c  cd5f00                  call docolon
  4371                          
  4372  146f  420096056907              DW lit,UNLOOP,COMMAXT
  4373  1475  4200b804d407              DW lit,branch,COMMABRANCH
  4374  147b  c40d5101e007d713          DW HERE,DUP,COMMADEST,TOL,EXIT
              2a00              
  4375                          
  4376                          ; OTHER OPERATIONS ==============================
  4377                          
  4378                          ;X WITHIN   n1|u1 n2|u2 n3|u3 -- f   n2<=n1<n3?
  4379                          ;  OVER - >R - R> U< ;          per ANS document
  4380                          
  4381  1485  6614                    dw LEAVE_link
  4382  1487  00                      db 0
  4383                          WITHIN_link:
  4384                          
  4385  1488  0657495448494e          defm 6, "WITHIN"
  4386                          WITHIN:
  4387  148f  cd5f00                  call docolon
  4388                          
  4389  1492  9701fe02dd01fe02          DW OVER,MINUS,TOR,MINUS,RFROM,ULESS,EXIT
              f50191042a00      
  4390                          
  4391                          ;C MOVE    addr1 addr2 u --     smart move
  4392                          ;             VERSION FOR 1 ADDRESS UNIT = 1 CHAR
  4393                          ;  >R 2DUP SWAP DUP R@ +     -- ... dst src src+n
  4394                          ;  WITHIN IF  R> CMOVE>        src <= dst < src+n
  4395                          ;       ELSE  R> CMOVE  THEN ;          otherwise
  4396                          
  4397  14a0  8814                    dw WITHIN_link
  4398  14a2  00                      db 0
  4399                          MOVE_link:
  4400                          
  4401  14a3  044d4f5645              defm 4, "MOVE"
  4402                          MOVE:
  4403  14a8  cd5f00                  call docolon
  4404                          
  4405  14ab  dd01b80a84015101          DW TOR,TWODUP,SWOP,DUP,RFETCH,PLUS
              0d02d602          
  4406  14b7  8f14ce04c514              DW WITHIN,qbranch,MOVE1
  4407  14bd  f5015906b804c914          DW RFROM,CMOVEUP,branch,MOVE2
  4408  14c5  f5013b06          MOVE1:  DW RFROM,CMOVE
  4409  14c9  2a00              MOVE2:  DW EXIT
  4410                          
  4411                          ;C DEPTH    -- +n        number of items on stack
  4412                          ;   SP@ S0 SWAP - 2/ ;   16-BIT VERSION!
  4413                          
  4414  14cb  a314                    dw MOVE_link
  4415  14cd  00                      db 0
  4416                          DEPTH_link:
  4417                          
  4418  14ce  054445505448            defm 5, "DEPTH"
  4419                          DEPTH:
  4420  14d4  cd5f00                  call docolon
  4421                          
  4422  14d7  22028e088401fe02          DW SPFETCH,S0,SWOP,MINUS,TWOSLASH,EXIT
              bb032a00          
  4423                          
  4424                          ;C ENVIRONMENT?  c-addr u -- false   system query
  4425                          ;                         -- i*x true
  4426                          ;   2DROP 0 ;       the minimal definition!
  4427                          
  4428  14e3  ce14                    dw DEPTH_link
  4429  14e5  00                      db 0
  4430                          ENVIRONMENTQ_link:
  4431                          
  4432  14e6  0c454e5649524f4e        defm 12, "ENVIRONMENT?"
              4d454e543f        
  4433                          ENVIRONMENTQ:
  4434  14f3  cd5f00                  call docolon
  4435                          
  4436  14f6  a70a420000002a00          DW TWODROP,lit,0,EXIT
  4437                          
  4438                          ; UTILITY WORDS AND STARTUP =====================
  4439                          
  4440                          ;X WORDS    --          list all words in dict.
  4441                          ;   LATEST @ BEGIN
  4442                          ;       DUP COUNT TYPE SPACE
  4443                          ;       NFA>LFA @
  4444                          ;   DUP 0= UNTIL
  4445                          ;   DROP ;
  4446                          
  4447  14fe  e614                    dw ENVIRONMENTQ_link
  4448  1500  00                      db 0
  4449                          WORDS_link:
  4450                          
  4451  1501  05574f524453            defm 5, "WORDS"
  4452                          WORDS:
  4453  1507  cd5f00                  call docolon
  4454                          
  4455  150a  6d089002                  DW LATEST,FETCH
  4456  150e  5101fa0afa0b270b  WDS1:   DW DUP,COUNT,TYPE,SPACE,NFATOLFA,FETCH
              b00e9002          
  4457  151a  51011b04ce040e15          DW DUP,ZEROEQUAL,qbranch,WDS1
  4458  1522  74012a00                  DW DROP,EXIT
  4459                          
  4460                          ;X .S      --           print stack contents
  4461                          ;   SP@ S0 - IF
  4462                          ;       SP@ S0 2 - DO I @ U. -2 +LOOP
  4463                          ;   THEN ;
  4464                          
  4465  1526  0115                    dw WORDS_link
  4466  1528  00                      db 0
  4467                          DOTS_link:
  4468                          
  4469  1529  022e53                  defm 2, ".S"
  4470                          DOTS:
  4471  152c  cd5f00                  call docolon
  4472                          
  4473  152f  22028e08fe02ce04          DW SPFETCH,S0,MINUS,qbranch,DOTS2
              5315              
  4474  1539  22028e0842000200          DW SPFETCH,S0,lit,2,MINUS,xdo
              fe02e404          
  4475  1545  550590025d0d4200  DOTS1:  DW II,FETCH,UDOT,lit,-2,xplusloop,DOTS1
              feff48054515      
  4476  1553  2a00              DOTS2:  DW EXIT
  4477                          
  4478                          ;C D.    d --           display d signed
  4479                          
  4480  1555  2915                    dw DOTS_link
  4481  1557  00                      db 0
  4482                          DDOT_link:
  4483                          
  4484  1558  02442e                  defm 2, "D."
  4485                          DDOT:
  4486  155b  cd5f00                  call docolon
  4487                          
  4488  155e  ca0c5101dd015809          DW LESSNUM,DUP,TOR,DABS,NUMS
              160d              
  4489  1568  f501460d2d0dfa0b          DW RFROM,SIGN,NUMGREATER,TYPE,SPACE,EXIT
              270b2a00          
  4490                          
  4491                          ;X D+               d1 d2 -- d1+d2              Add double numbers
  4492                          
  4493  1574  5815                    dw DDOT_link
  4494  1576  00                      db 0
  4495                          DPLUS_link:
  4496                          
  4497  1577  02442b                  defm 2, "D+"
  4498                          DPLUS:
  4499                          
  4500                          
  4501  157a  d9                        exx
  4502  157b  c1                        pop bc          ; BC'=d2lo
  4503  157c  d9                        exx
  4504  157d  e1                        pop hl          ; HL=d1hi,BC=d2hi
  4505  157e  d9                        exx
  4506  157f  e1                        pop hl          ; HL'=d1lo
  4507  1580  09                        add hl,bc
  4508  1581  e5                        push hl         ; 2OS=d1lo+d2lo
  4509  1582  d9                        exx
  4510  1583  ed4a                      adc hl,bc       ; HL=d1hi+d2hi+cy
  4511  1585  44                        ld b,h
  4512  1586  4d                        ld c,l
  4513                          
  4514  1587  eb                        ex de,hl
  4515                          
  4516  1588  5e                        ld e,(hl)
  4517  1589  23                        inc hl
  4518  158a  56                        ld d,(hl)
  4519  158b  23                        inc hl
  4520  158c  eb                        ex de,hl
  4521  158d  e9                        jp (hl)
  4522                          
  4523                          
  4524                          ;C 2>R   d --           2 to R
  4525                          
  4526  158e  7715                    dw DPLUS_link
  4527  1590  00                      db 0
  4528                          TWOTOR_link:
  4529                          
  4530  1591  03323e52                defm 3, "2>R"
  4531                          TWOTOR:
  4532  1595  cd5f00                  call docolon
  4533                          
  4534  1598  8401f5018401dd01          DW SWOP,RFROM,SWOP,TOR,SWOP,TOR,TOR,EXIT
              8401dd01dd012a00  
  4535                          
  4536                          ;C 2R>   d --           fetch 2 from R
  4537                          
  4538  15a8  9115                    dw TWOTOR_link
  4539  15aa  00                      db 0
  4540                          TWORFROM_link:
  4541                          
  4542  15ab  0332523e                defm 3, "2R>"
  4543                          TWORFROM:
  4544  15af  cd5f00                  call docolon
  4545                          
  4546  15b2  f501f501f5018401          DW RFROM,RFROM,RFROM,SWOP,ROT,TOR,EXIT
              aa01dd012a00      
  4547                          
  4548                          TNEGATE:
  4549  15c0  cd5f00                    call docolon
  4550  15c3  dd01b80a26035101          DW TOR,TWODUP,OR,DUP,qbranch,TNEG1,DROP,DNEGATE,lit,1
              ce04d71574012409  
              42000100          
  4551                          TNEG1:
  4552  15d7  f501d6026a032a00          DW RFROM,PLUS,NEGATE,EXIT
  4553                          
  4554                          qtneg:
  4555  15df  cd5f00                    call docolon
  4556  15e2  2f04ce04ea15c015          DW ZEROLESS,qbranch,qtneg1,TNEGATE
  4557                          qtneg1:
  4558  15ea  2a00                      DW EXIT
  4559                          
  4560                          TSTAR:
  4561  15ec  cd5f00                    call docolon
  4562  15ef  b80a3b03dd01              DW TWODUP,XOR,TOR
  4563  15f5  dd015809f5011009          DW TOR,DABS,RFROM,ABS
  4564  15fd  9515                      DW TWOTOR
  4565  15ff  0d02ac0542000000          DW RFETCH,UMSTAR,lit,0
  4566  1607  af15ac05                  DW TWORFROM,UMSTAR
  4567  160b  7a15                      DW DPLUS
  4568  160d  f501                      DW RFROM
  4569  160f  df15                      DW qtneg
  4570  1611  2a00                      DW EXIT
  4571                          
  4572                          TDIV:
  4573  1613  cd5f00                    call docolon
  4574  1616  9701dd01dd01              DW OVER,TOR,TOR
  4575  161c  5101df15                  DW DUP,qtneg
  4576  1620  0d02d905                  DW RFETCH,UMSLASHMOD
  4577  1624  aa01aa01                  DW ROT,ROT
  4578  1628  f501d905                  DW RFROM,UMSLASHMOD
  4579  162c  bd018401                  DW NIP,SWOP
  4580  1630  f5012f04ce043a16          DW RFROM,ZEROLESS,qbranch,tdiv1,DNEGATE
              2409              
  4581                          tdiv1:
  4582  163a  2a00                      DW EXIT
  4583                          
  4584                          
  4585  163c  ab15                    dw TWORFROM_link
  4586  163e  00                      db 0
  4587                          MSTARSLASH_link:
  4588                          
  4589  163f  034d2a2f                defm 3, "M*/"
  4590                          MSTARSLASH:
  4591  1643  cd5f00                  call docolon
  4592                          
  4593  1646  dd01ec15f5011316          DW TOR,TSTAR,RFROM,TDIV,EXIT
              2a00              
  4594                          
  4595                          ;Z COLD     --      cold start Forth system
  4596                          ;   UINIT U0 #INIT CMOVE      init user area
  4597                          ;   80 COUNT INTERPRET       interpret CP/M cmd
  4598                          ;   ." Z80 CamelForth etc."
  4599                          ;   ABORT ;
  4600                          
  4601  1650  3f16                    dw MSTARSLASH_link
  4602  1652  00                      db 0
  4603                          COLD_link:
  4604                          
  4605  1653  04434f4c44              defm 4, "COLD"
  4606                          COLD:
  4607  1658  cd5f00                  call docolon
  4608                          
  4609  165b  be081c08dc083b06          DW UINIT,U0,NINIT,CMOVE
  4610  1663  250c                      DW XSQUOTE
  4611  1665  235a38302043616d          DB 35,"Z80 CamelForth v1.02  25 Jan 1995"
              656c466f72746820  
              76312e3032202032  
              35204a616e203139  
              3935              
  4612  1687  0d0a                      DB 0dh,0ah
  4613  1689  fa0b2c11                  DW TYPE,ABORT       ; ABORT never returns
  4614                          
  4615                          ;Z WARM     --      warm start Forth system
  4616                          ;   ." Z80 CamelForth etc."
  4617                          ;   ABORT ;
  4618                          
  4619  168d  5316                    dw COLD_link
  4620  168f  00                      db 0
  4621                          WARM_link:
  4622                          
  4623  1690  045741524d              defm 4, "WARM"
  4624                          WARM:
  4625  1695  cd5f00                  call docolon
  4626                          
  4627  1698  250c                      DW XSQUOTE
  4628  169a  2f5a38302043616d          DB 47,"Z80 CamelForth v1.02  25 Jan 1995 (warmstart)"
              656c466f72746820  
              76312e3032202032  
              35204a616e203139  
              393520287761726d  
              737461727429      
  4629  16c8  0d0a                      DB 0dh,0ah
  4630  16ca  fa0b2c11                  DW TYPE,ABORT       ; ABORT never returns
  4631                          
  4632                             ; High Level words
  4633                          ; RC2014 Extension Words
  4634                          ;
  4635                          ; ===============================================
  4636                          ; CamelForth for the Zilog Z80
  4637                          ; Copyright (c) 1994,1995 Bradford J. Rodriguez
  4638                          ; Copyright (c) 2020 Justin Skists
  4639                          ;
  4640                          ; This program is free software; you can redistribute it and/or modify
  4641                          ; it under the terms of the GNU General Public License as published by
  4642                          ; the Free Software Foundation; either version 3 of the License, or
  4643                          ; (at your option) any later version.
  4644                          ;
  4645                          ; This program is distributed in the hope that it will be useful,
  4646                          ; but WITHOUT ANY WARRANTY; without even the implied warranty of
  4647                          ; MERCHANTABILITY or FITNESS FOR A PARTICULAR PURPOSE.  See the
  4648                          ; GNU General Public License for more details.
  4649                          ;
  4650                          ; You should have received a copy of the GNU General Public License
  4651                          ; along with this program.  If not, see <http://www.gnu.org/licenses/>.
  4652                          
  4653                          ; Commercial inquiries should be directed to the author at
  4654                          ; 115 First St., #105, Collingwood, Ontario L9Y 4W3 Canada
  4655                          ; or via email to bj@camelforth.com
  4656                          ;
  4657                          ; ===============================================
  4658                          ; RC2014 Extension Words
  4659                          ;
  4660                          ;   Forth words are documented as follows:
  4661                          ;*   NAME     stack -- stack    description
  4662                          ;   Word names in upper case are from the ANS
  4663                          ;   Forth Core word set.  Names in lower case are
  4664                          ;   "internal" implementation words & extensions.
  4665                          ; ===============================================
  4666                          
  4667                          EXTERN _hexload
  4668                          
  4669                          ;C HEXLOAD           --    call Hexloader
  4670                          
  4671  16ce  9016                    dw WARM_link
  4672  16d0  00                      db 0
  4673                          HEXLOAD_link:
  4674                          
  4675  16d1  074845584c4f4144        defm 7, "HEXLOAD"
  4676                          HEXLOAD:
  4677                          
  4678                          
  4679  16d9  c5                        push bc
  4680  16da  d5                        push de
  4681  16db  cd0000                    call _hexload
  4682  16de  d1                        pop de
  4683  16df  c1                        pop bc
  4684                          
  4685  16e0  eb                        ex de,hl
  4686                          
  4687  16e1  5e                        ld e,(hl)
  4688  16e2  23                        inc hl
  4689  16e3  56                        ld d,(hl)
  4690  16e4  23                        inc hl
  4691  16e5  eb                        ex de,hl
  4692  16e6  e9                        jp (hl)
  4693                          
  4694                          
  4695                          
  4696                          ;C CALL       a-addr --    call machine code at address
  4697                          
  4698  16e7  d116                    dw HEXLOAD_link
  4699  16e9  00                      db 0
  4700                          CALL_link:
  4701                          
  4702  16ea  0443414c4c              defm 4, "CALL"
  4703                          CALL:
  4704                          
  4705                          
  4706  16ef  dde5                      push ix
  4707  16f1  fde5                      push iy
  4708  16f3  e5                        push hl
  4709  16f4  d5                        push de
  4710                          
  4711                                  ; protect against some stack abuse
  4712  16f5  ed730100                  ld (call_stack_save), sp
  4713                          
  4714  16f9  210017                    ld hl, call_exit  ; return address
  4715  16fc  e5                        push hl
  4716  16fd  60                        ld h,b
  4717  16fe  69                        ld l,c
  4718  16ff  e9                        jp (hl)
  4719                          
  4720                          call_exit:
  4721  1700  ed7b0100                  ld sp, (call_stack_save)
  4722  1704  d1                        pop de
  4723  1705  e1                        pop hl
  4724  1706  fde1                      pop iy
  4725  1708  dde1                      pop ix
  4726                          
  4727  170a  c1                        pop bc   ; DROP the address from TOS
  4728                          
  4729  170b  eb                        ex de,hl
  4730                          
  4731  170c  5e                        ld e,(hl)
  4732  170d  23                        inc hl
  4733  170e  56                        ld d,(hl)
  4734  170f  23                        inc hl
  4735  1710  eb                        ex de,hl
  4736  1711  e9                        jp (hl)
  4737                          
  4738                          
  4739                          
  4740                          SECTION data_user
  4741                          
  4742                          call_stack_save:
  4743  0001  0100                      DEFW  call_stack_save
  4744                          
  4745                          SECTION code_user
  4746                             ; RC2014 extensions
  4747                          
  4748                                  defc lastword=CALL_link       ; nfa of last word in dict.
  4749                                  defc enddict=0x2800 ;WRKSPC       ; user's code starts here
  4750                          
