/tmp/tmpXXQGDxZr.asm:
     1                          MODULE z80_crt_asm_m4
     2                          LINE 0, "/home/derek/z88dk/lib/config/../..//libsrc/_DEVELOPMENT/target/z80/z80_crt.asm.m4"
/home/derek/z88dk/lib/config/../..//libsrc/_DEVELOPMENT/target/z80/z80_crt.asm.m4:
                                
     1                          
     2                          ;;;;;;;;;;;;;;;;;;;;;;;;;;;;;;;;;;;;;;;;;;;;;;;;;;;;;;;;;;;;;;;
     3                          ; SELECT CRT0 FROM -STARTUP=N COMMANDLINE OPTION ;;;;;;;;;;;;;;
     4                          ;;;;;;;;;;;;;;;;;;;;;;;;;;;;;;;;;;;;;;;;;;;;;;;;;;;;;;;;;;;;;;;
     5                          
     6                          
     7                          IF !DEFINED_startup
     8                          	defc	DEFINED_startup = 1
     9                          	defc startup = 1
    10                          	IFNDEF startup
    11                          	ENDIF
    12                          ENDIF
    13                          
    14                          
    15                          IF !DEFINED_CRT_ENABLE_RST
    16                          	defc	DEFINED_CRT_ENABLE_RST  = 1
    17                          	defc CRT_ENABLE_RST  = 0x8f
    18                          	IFNDEF CRT_ENABLE_RST
    19                          	ENDIF
    20                          ENDIF
    21                          
    22                          
    23                          IF !DEFINED_CRT_ORG_DATA
    24                          	defc	DEFINED_CRT_ORG_DATA  = 1
    25                          	defc CRT_ORG_DATA  = 0x2200
    26                          	IFNDEF CRT_ORG_DATA
    27                          	ENDIF
    28                          ENDIF
    29                          
    30                          
    31                          
    32                          
    33                          
    34                          
    35                          IFNDEF startup
    36                          
    37                             ; startup undefined so select a default
    38                          
    39                             defc startup = 1
    40                          
    41                          ENDIF
    42                          
    43                          
    44                          ;;;;;;;;;;;;;;;;;;;;;;;;;;;;;;;;;;;;;;;;;;;;;;;;;;;;;;;;;;;;;;;
    45                          ;; user supplied crt ;;;;;;;;;;;;;;;;;;;;;;;;;;;;;;;;;;;;;;;;;;
    46                          ;;;;;;;;;;;;;;;;;;;;;;;;;;;;;;;;;;;;;;;;;;;;;;;;;;;;;;;;;;;;;;;
    47                          
    48                          
    49                          
    50                          ;;;;;;;;;;;;;;;;;;;;;;;;;;;;;;;;;;;;;;;;;;;;;;;;;;;;;;;;;;;;;;;
    51                          ;; ram model ;;;;;;;;;;;;;;;;;;;;;;;;;;;;;;;;;;;;;;;;;;;;;;;;;;
    52                          ;;;;;;;;;;;;;;;;;;;;;;;;;;;;;;;;;;;;;;;;;;;;;;;;;;;;;;;;;;;;;;;
    53                          
    54                          
    55                          
    56                          ;;;;;;;;;;;;;;;;;;;;;;;;;;;;;;;;;;;;;;;;;;;;;;;;;;;;;;;;;;;;;;;
    57                          ;; rom model ;;;;;;;;;;;;;;;;;;;;;;;;;;;;;;;;;;;;;;;;;;;;;;;;;;
    58                          ;;;;;;;;;;;;;;;;;;;;;;;;;;;;;;;;;;;;;;;;;;;;;;;;;;;;;;;;;;;;;;;
    59                          
    60                          
    61                             ; generic embedded system
    62                             ; no files, no fds
    63                          
    64                             IFNDEF __CRTCFG
    65                          
    66                                defc __CRTCFG = 1
    67                          
    68                             ENDIF
    69                          
    70                             IFNDEF __MMAP
    71                          
    72                                defc __MMAP = 0
    73                          
    74                             ENDIF
    75                          
    76                          
    77                          
    78                          
    79                          
    80                          ;;;;;;;;;;;;;;;;;;;;;;;;;;;;;;;;;;;;;;;;;;;;;;;;;;;;;;;;;;;;;;;
    81                          ;;                   z80 standalone target                   ;;
    82                          ;;    generated from target/z80/startup/z80_crt_0.asm.m4     ;;
    83                          ;;                                                           ;;
    84                          ;;                  flat 64k address space                   ;;
    85                          ;;;;;;;;;;;;;;;;;;;;;;;;;;;;;;;;;;;;;;;;;;;;;;;;;;;;;;;;;;;;;;;
    86                          
    87                          ;;;;;;;;;;;;;;;;;;;;;;;;;;;;;;;;;;;;;;;;;;;;;;;;;;;;;;;;;;;;;;;
    88                          ;; GLOBAL SYMBOLS ;;;;;;;;;;;;;;;;;;;;;;;;;;;;;;;;;;;;;;;;;;;;;
    89                          ;;;;;;;;;;;;;;;;;;;;;;;;;;;;;;;;;;;;;;;;;;;;;;;;;;;;;;;;;;;;;;;
    90                          
    91                          include "config_z80_public.inc"
/home/derek/z88dk/lib/config/../../libsrc/_DEVELOPMENT/target/z80/config_z80_public.inc:
     1                          
     2                          
     3                          
     4                          
     5                          IFNDEF __CONFIG_Z88DK_INC_
     6                          defc   __CONFIG_Z88DK_INC_ = 1
     7                          
     8                          ; Automatically Generated at Library Build Time
     9                          
    10                          
    11                          
    12                          
    13                          
    14                          
    15                          
    16                          
    17                          
    18                          
    19                          PUBLIC __Z88DK
    20                          
    21                          
    22                          
    23                          
    24                          defc __Z88DK = 2300
    25                          
    26                          
    27                          
    28                          
    29                          
    30                          
    31                          
    32                          
    33                          
    34                          PUBLIC __EMBEDDED_Z80
    35                          
    36                          
    37                          
    38                          
    39                          defc __EMBEDDED_Z80 = 1
    40                          
    41                          
    42                          
    43                          
    44                          
    45                          
    46                          
    47                          
    48                          
    49                          PUBLIC __Z80
    50                          
    51                          PUBLIC __Z80_NMOS
    52                          PUBLIC __Z80_CMOS
    53                          
    54                          PUBLIC __CPU_CLOCK
    55                          
    56                          PUBLIC __CPU_INFO
    57                          
    58                          PUBLIC __CPU_INFO_ENABLE_SLL
    59                          
    60                          
    61                          
    62                          
    63                          defc __Z80 = 0x01
    64                          
    65                          defc __Z80_NMOS = 0x01
    66                          defc __Z80_CMOS = 0x02
    67                          
    68                          defc __CPU_CLOCK = 4000000
    69                          
    70                          defc __CPU_INFO = 0x00
    71                          
    72                          defc __CPU_INFO_ENABLE_SLL = 0x01
    73                          
    74                          
    75                          
    76                          
    77                          
    78                          
    79                          
    80                          
    81                          
    82                          PUBLIC __CLIB_OPT_MULTITHREAD
    83                          
    84                          PUBLIC __CLIB_OPT_MULTITHREAD_LOCK_HEAPS
    85                          PUBLIC __CLIB_OPT_MULTITHREAD_LOCK_FILES
    86                          PUBLIC __CLIB_OPT_MULTITHREAD_LOCK_FLIST
    87                          PUBLIC __CLIB_OPT_MULTITHREAD_LOCK_FDTBL
    88                          PUBLIC __CLIB_OPT_MULTITHREAD_LOCK_FDSTR
    89                          
    90                          PUBLIC __CLIB_OPT_IMATH
    91                          
    92                          PUBLIC __CLIB_OPT_IMATH_FAST
    93                          
    94                          PUBLIC __CLIB_OPT_IMATH_FAST_DIV_UNROLL
    95                          PUBLIC __CLIB_OPT_IMATH_FAST_DIV_LZEROS
    96                          PUBLIC __CLIB_OPT_IMATH_FAST_MUL_UNROLL
    97                          PUBLIC __CLIB_OPT_IMATH_FAST_MUL_LZEROS
    98                          PUBLIC __CLIB_OPT_IMATH_FAST_LIA
    99                          
   100                          PUBLIC __CLIB_OPT_IMATH_SELECT
   101                          
   102                          PUBLIC __CLIB_OPT_IMATH_SELECT_FAST_ASR
   103                          PUBLIC __CLIB_OPT_IMATH_SELECT_FAST_LSR
   104                          PUBLIC __CLIB_OPT_IMATH_SELECT_FAST_LSL
   105                          
   106                          PUBLIC __CLIB_OPT_TXT2NUM
   107                          
   108                          PUBLIC __CLIB_OPT_TXT2NUM_INT_BIN
   109                          PUBLIC __CLIB_OPT_TXT2NUM_INT_OCT
   110                          PUBLIC __CLIB_OPT_TXT2NUM_INT_DEC
   111                          PUBLIC __CLIB_OPT_TXT2NUM_INT_HEX
   112                          
   113                          PUBLIC __CLIB_OPT_TXT2NUM_LONG_BIN
   114                          PUBLIC __CLIB_OPT_TXT2NUM_LONG_OCT
   115                          PUBLIC __CLIB_OPT_TXT2NUM_LONG_DEC
   116                          PUBLIC __CLIB_OPT_TXT2NUM_LONG_HEX
   117                          
   118                          PUBLIC __CLIB_OPT_TXT2NUM_SELECT
   119                          
   120                          PUBLIC __CLIB_OPT_TXT2NUM_SELECT_FAST_BIN
   121                          PUBLIC __CLIB_OPT_TXT2NUM_SELECT_FAST_OCT
   122                          PUBLIC __CLIB_OPT_TXT2NUM_SELECT_FAST_DEC
   123                          PUBLIC __CLIB_OPT_TXT2NUM_SELECT_FAST_HEX
   124                          
   125                          PUBLIC __CLIB_OPT_NUM2TXT
   126                          
   127                          PUBLIC __CLIB_OPT_NUM2TXT_INT_BIN
   128                          PUBLIC __CLIB_OPT_NUM2TXT_INT_OCT
   129                          PUBLIC __CLIB_OPT_NUM2TXT_INT_DEC
   130                          PUBLIC __CLIB_OPT_NUM2TXT_INT_HEX
   131                          
   132                          PUBLIC __CLIB_OPT_NUM2TXT_LONG_BIN
   133                          PUBLIC __CLIB_OPT_NUM2TXT_LONG_OCT
   134                          PUBLIC __CLIB_OPT_NUM2TXT_LONG_DEC
   135                          PUBLIC __CLIB_OPT_NUM2TXT_LONG_HEX
   136                          
   137                          PUBLIC __CLIB_OPT_NUM2TXT_SELECT
   138                          
   139                          PUBLIC __CLIB_OPT_NUM2TXT_SELECT_FAST_BIN
   140                          PUBLIC __CLIB_OPT_NUM2TXT_SELECT_FAST_OCT
   141                          PUBLIC __CLIB_OPT_NUM2TXT_SELECT_FAST_DEC
   142                          PUBLIC __CLIB_OPT_NUM2TXT_SELECT_FAST_HEX
   143                          
   144                          PUBLIC __CLIB_OPT_STDIO
   145                          
   146                          PUBLIC __CLIB_OPT_STDIO_VALID
   147                          
   148                          PUBLIC CHAR_CR
   149                          PUBLIC CHAR_LF
   150                          PUBLIC CHAR_BS
   151                          PUBLIC CHAR_ESC
   152                          PUBLIC CHAR_CAPS
   153                          PUBLIC CHAR_BELL
   154                          PUBLIC CHAR_CTRL_C
   155                          PUBLIC CHAR_CTRL_D
   156                          PUBLIC CHAR_CTRL_Z
   157                          PUBLIC CHAR_CURSOR_UC
   158                          PUBLIC CHAR_CURSOR_LC
   159                          PUBLIC CHAR_PASSWORD
   160                          
   161                          PUBLIC __CLIB_OPT_PRINTF
   162                          
   163                          PUBLIC __CLIB_OPT_PRINTF_d
   164                          PUBLIC __CLIB_OPT_PRINTF_u
   165                          PUBLIC __CLIB_OPT_PRINTF_x
   166                          PUBLIC __CLIB_OPT_PRINTF_X
   167                          PUBLIC __CLIB_OPT_PRINTF_o
   168                          PUBLIC __CLIB_OPT_PRINTF_n
   169                          PUBLIC __CLIB_OPT_PRINTF_i
   170                          PUBLIC __CLIB_OPT_PRINTF_p
   171                          PUBLIC __CLIB_OPT_PRINTF_B
   172                          PUBLIC __CLIB_OPT_PRINTF_s
   173                          PUBLIC __CLIB_OPT_PRINTF_c
   174                          PUBLIC __CLIB_OPT_PRINTF_I
   175                          PUBLIC __CLIB_OPT_PRINTF_ld
   176                          PUBLIC __CLIB_OPT_PRINTF_lu
   177                          PUBLIC __CLIB_OPT_PRINTF_lx
   178                          PUBLIC __CLIB_OPT_PRINTF_lX
   179                          PUBLIC __CLIB_OPT_PRINTF_lo
   180                          PUBLIC __CLIB_OPT_PRINTF_ln
   181                          PUBLIC __CLIB_OPT_PRINTF_li
   182                          PUBLIC __CLIB_OPT_PRINTF_lp
   183                          PUBLIC __CLIB_OPT_PRINTF_lB
   184                          PUBLIC __CLIB_OPT_PRINTF_a
   185                          PUBLIC __CLIB_OPT_PRINTF_A
   186                          PUBLIC __CLIB_OPT_PRINTF_e
   187                          PUBLIC __CLIB_OPT_PRINTF_E
   188                          PUBLIC __CLIB_OPT_PRINTF_f
   189                          PUBLIC __CLIB_OPT_PRINTF_F
   190                          PUBLIC __CLIB_OPT_PRINTF_g
   191                          PUBLIC __CLIB_OPT_PRINTF_G
   192                          
   193                          PUBLIC __CLIB_OPT_PRINTF_2
   194                          
   195                          PUBLIC __CLIB_OPT_PRINTF_2_lld
   196                          PUBLIC __CLIB_OPT_PRINTF_2_llu
   197                          PUBLIC __CLIB_OPT_PRINTF_2_llx
   198                          PUBLIC __CLIB_OPT_PRINTF_2_llX
   199                          PUBLIC __CLIB_OPT_PRINTF_2_llo
   200                          PUBLIC __CLIB_OPT_PRINTF_2_lli
   201                          
   202                          PUBLIC __CLIB_OPT_SCANF
   203                          
   204                          PUBLIC __CLIB_OPT_SCANF_d
   205                          PUBLIC __CLIB_OPT_SCANF_u
   206                          PUBLIC __CLIB_OPT_SCANF_x
   207                          PUBLIC __CLIB_OPT_SCANF_X
   208                          PUBLIC __CLIB_OPT_SCANF_o
   209                          PUBLIC __CLIB_OPT_SCANF_n
   210                          PUBLIC __CLIB_OPT_SCANF_i
   211                          PUBLIC __CLIB_OPT_SCANF_p
   212                          PUBLIC __CLIB_OPT_SCANF_B
   213                          PUBLIC __CLIB_OPT_SCANF_s
   214                          PUBLIC __CLIB_OPT_SCANF_c
   215                          PUBLIC __CLIB_OPT_SCANF_I
   216                          PUBLIC __CLIB_OPT_SCANF_ld
   217                          PUBLIC __CLIB_OPT_SCANF_lu
   218                          PUBLIC __CLIB_OPT_SCANF_lx
   219                          PUBLIC __CLIB_OPT_SCANF_lX
   220                          PUBLIC __CLIB_OPT_SCANF_lo
   221                          PUBLIC __CLIB_OPT_SCANF_ln
   222                          PUBLIC __CLIB_OPT_SCANF_li
   223                          PUBLIC __CLIB_OPT_SCANF_lp
   224                          PUBLIC __CLIB_OPT_SCANF_lB
   225                          PUBLIC __CLIB_OPT_SCANF_BRACKET
   226                          PUBLIC __CLIB_OPT_SCANF_a
   227                          PUBLIC __CLIB_OPT_SCANF_A
   228                          PUBLIC __CLIB_OPT_SCANF_e
   229                          PUBLIC __CLIB_OPT_SCANF_E
   230                          PUBLIC __CLIB_OPT_SCANF_f
   231                          PUBLIC __CLIB_OPT_SCANF_F
   232                          PUBLIC __CLIB_OPT_SCANF_g
   233                          PUBLIC __CLIB_OPT_SCANF_G
   234                          
   235                          PUBLIC __CLIB_OPT_SCANF_2
   236                          
   237                          PUBLIC __CLIB_OPT_SCANF_2_lld
   238                          PUBLIC __CLIB_OPT_SCANF_2_llu
   239                          PUBLIC __CLIB_OPT_SCANF_2_llx
   240                          PUBLIC __CLIB_OPT_SCANF_2_llX
   241                          PUBLIC __CLIB_OPT_SCANF_2_llo
   242                          PUBLIC __CLIB_OPT_SCANF_2_lli
   243                          
   244                          PUBLIC __CLIB_OPT_UNROLL
   245                          
   246                          PUBLIC __CLIB_OPT_UNROLL_MEMCPY
   247                          PUBLIC __CLIB_OPT_UNROLL_MEMSET
   248                          PUBLIC __CLIB_OPT_UNROLL_OTIR
   249                          PUBLIC __CLIB_OPT_UNROLL_LDIR
   250                          PUBLIC __CLIB_OPT_UNROLL_USER_SMC
   251                          PUBLIC __CLIB_OPT_UNROLL_LIB_SMC
   252                          
   253                          PUBLIC __CLIB_OPT_STRTOD
   254                          
   255                          PUBLIC __CLIB_OPT_STRTOD_NAN
   256                          PUBLIC __CLIB_OPT_STRTOD_INF
   257                          PUBLIC __CLIB_OPT_STRTOD_HEX
   258                          
   259                          PUBLIC __CLIB_OPT_SORT
   260                          
   261                          PUBLIC __CLIB_OPT_SORT_INSERTION
   262                          PUBLIC __CLIB_OPT_SORT_SHELL
   263                          PUBLIC __CLIB_OPT_SORT_QUICK
   264                          
   265                          PUBLIC __CLIB_OPT_SORT_QSORT
   266                          
   267                          PUBLIC __CLIB_OPT_SORT_QSORT_PIVOT
   268                          PUBLIC __CLIB_OPT_SORT_QSORT_PIVOT_MID
   269                          PUBLIC __CLIB_OPT_SORT_QSORT_PIVOT_RAN
   270                          PUBLIC __CLIB_OPT_SORT_QSORT_ENABLE_INSERTION
   271                          PUBLIC __CLIB_OPT_SORT_QSORT_ENABLE_EQUAL
   272                          
   273                          PUBLIC __CLIB_OPT_ERROR
   274                          
   275                          PUBLIC __CLIB_OPT_ERROR_ENABLED
   276                          PUBLIC __CLIB_OPT_ERROR_VERBOSE
   277                          
   278                          
   279                          
   280                          
   281                          defc __CLIB_OPT_MULTITHREAD = 0x00
   282                          
   283                          defc __CLIB_OPT_MULTITHREAD_LOCK_HEAPS = 0x01
   284                          defc __CLIB_OPT_MULTITHREAD_LOCK_FILES = 0x02
   285                          defc __CLIB_OPT_MULTITHREAD_LOCK_FLIST = 0x04
   286                          defc __CLIB_OPT_MULTITHREAD_LOCK_FDTBL = 0x08
   287                          defc __CLIB_OPT_MULTITHREAD_LOCK_FDSTR = 0x10
   288                          
   289                          defc __CLIB_OPT_IMATH = 0
   290                          
   291                          defc __CLIB_OPT_IMATH_FAST = 0x0f
   292                          
   293                          defc __CLIB_OPT_IMATH_FAST_DIV_UNROLL = 0x01
   294                          defc __CLIB_OPT_IMATH_FAST_DIV_LZEROS = 0x02
   295                          defc __CLIB_OPT_IMATH_FAST_MUL_UNROLL = 0x04
   296                          defc __CLIB_OPT_IMATH_FAST_MUL_LZEROS = 0x08
   297                          defc __CLIB_OPT_IMATH_FAST_LIA = 0x80
   298                          
   299                          defc __CLIB_OPT_IMATH_SELECT = 0x00
   300                          
   301                          defc __CLIB_OPT_IMATH_SELECT_FAST_ASR = 0x01
   302                          defc __CLIB_OPT_IMATH_SELECT_FAST_LSR = 0x02
   303                          defc __CLIB_OPT_IMATH_SELECT_FAST_LSL = 0x04
   304                          
   305                          defc __CLIB_OPT_TXT2NUM = 0x04
   306                          
   307                          defc __CLIB_OPT_TXT2NUM_INT_BIN = 0x01
   308                          defc __CLIB_OPT_TXT2NUM_INT_OCT = 0x02
   309                          defc __CLIB_OPT_TXT2NUM_INT_DEC = 0x04
   310                          defc __CLIB_OPT_TXT2NUM_INT_HEX = 0x08
   311                          
   312                          defc __CLIB_OPT_TXT2NUM_LONG_BIN = 0x10
   313                          defc __CLIB_OPT_TXT2NUM_LONG_OCT = 0x20
   314                          defc __CLIB_OPT_TXT2NUM_LONG_DEC = 0x40
   315                          defc __CLIB_OPT_TXT2NUM_LONG_HEX = 0x80
   316                          
   317                          defc __CLIB_OPT_TXT2NUM_SELECT = 0x00
   318                          
   319                          defc __CLIB_OPT_TXT2NUM_SELECT_FAST_BIN = 0x01
   320                          defc __CLIB_OPT_TXT2NUM_SELECT_FAST_OCT = 0x02
   321                          defc __CLIB_OPT_TXT2NUM_SELECT_FAST_DEC = 0x04
   322                          defc __CLIB_OPT_TXT2NUM_SELECT_FAST_HEX = 0x08
   323                          
   324                          defc __CLIB_OPT_NUM2TXT = 0x00
   325                          
   326                          defc __CLIB_OPT_NUM2TXT_INT_BIN = 0x01
   327                          defc __CLIB_OPT_NUM2TXT_INT_OCT = 0x02
   328                          defc __CLIB_OPT_NUM2TXT_INT_DEC = 0x04
   329                          defc __CLIB_OPT_NUM2TXT_INT_HEX = 0x08
   330                          
   331                          defc __CLIB_OPT_NUM2TXT_LONG_BIN = 0x10
   332                          defc __CLIB_OPT_NUM2TXT_LONG_OCT = 0x20
   333                          defc __CLIB_OPT_NUM2TXT_LONG_DEC = 0x40
   334                          defc __CLIB_OPT_NUM2TXT_LONG_HEX = 0x80
   335                          
   336                          defc __CLIB_OPT_NUM2TXT_SELECT = 0x00
   337                          
   338                          defc __CLIB_OPT_NUM2TXT_SELECT_FAST_BIN = 0x01
   339                          defc __CLIB_OPT_NUM2TXT_SELECT_FAST_OCT = 0x02
   340                          defc __CLIB_OPT_NUM2TXT_SELECT_FAST_DEC = 0x04
   341                          defc __CLIB_OPT_NUM2TXT_SELECT_FAST_HEX = 0x08
   342                          
   343                          defc __CLIB_OPT_STDIO = 0x00
   344                          
   345                          defc __CLIB_OPT_STDIO_VALID = 0x01
   346                          
   347                          defc CHAR_CR = 13
   348                          defc CHAR_LF = 10
   349                          defc CHAR_BS = 12
   350                          defc CHAR_ESC = 27
   351                          defc CHAR_CAPS = 6
   352                          defc CHAR_BELL = 7
   353                          defc CHAR_CTRL_C = 3
   354                          defc CHAR_CTRL_D = 4
   355                          defc CHAR_CTRL_Z = 26
   356                          defc CHAR_CURSOR_UC = 45
   357                          defc CHAR_CURSOR_LC = 95
   358                          defc CHAR_PASSWORD = 42
   359                          
   360                          defc __CLIB_OPT_PRINTF = 0x002ff6ff
   361                          
   362                          defc __CLIB_OPT_PRINTF_d = 0x00000001
   363                          defc __CLIB_OPT_PRINTF_u = 0x00000002
   364                          defc __CLIB_OPT_PRINTF_x = 0x00000004
   365                          defc __CLIB_OPT_PRINTF_X = 0x00000008
   366                          defc __CLIB_OPT_PRINTF_o = 0x00000010
   367                          defc __CLIB_OPT_PRINTF_n = 0x00000020
   368                          defc __CLIB_OPT_PRINTF_i = 0x00000040
   369                          defc __CLIB_OPT_PRINTF_p = 0x00000080
   370                          defc __CLIB_OPT_PRINTF_B = 0x00000100
   371                          defc __CLIB_OPT_PRINTF_s = 0x00000200
   372                          defc __CLIB_OPT_PRINTF_c = 0x00000400
   373                          defc __CLIB_OPT_PRINTF_I = 0x00000800
   374                          defc __CLIB_OPT_PRINTF_ld = 0x00001000
   375                          defc __CLIB_OPT_PRINTF_lu = 0x00002000
   376                          defc __CLIB_OPT_PRINTF_lx = 0x00004000
   377                          defc __CLIB_OPT_PRINTF_lX = 0x00008000
   378                          defc __CLIB_OPT_PRINTF_lo = 0x00010000
   379                          defc __CLIB_OPT_PRINTF_ln = 0x00020000
   380                          defc __CLIB_OPT_PRINTF_li = 0x00040000
   381                          defc __CLIB_OPT_PRINTF_lp = 0x00080000
   382                          defc __CLIB_OPT_PRINTF_lB = 0x00100000
   383                          defc __CLIB_OPT_PRINTF_a = 0x00400000
   384                          defc __CLIB_OPT_PRINTF_A = 0x00800000
   385                          defc __CLIB_OPT_PRINTF_e = 0x01000000
   386                          defc __CLIB_OPT_PRINTF_E = 0x02000000
   387                          defc __CLIB_OPT_PRINTF_f = 0x04000000
   388                          defc __CLIB_OPT_PRINTF_F = 0x08000000
   389                          defc __CLIB_OPT_PRINTF_g = 0x10000000
   390                          defc __CLIB_OPT_PRINTF_G = 0x20000000
   391                          
   392                          defc __CLIB_OPT_PRINTF_2 = 0x00
   393                          
   394                          defc __CLIB_OPT_PRINTF_2_lld = 0x01
   395                          defc __CLIB_OPT_PRINTF_2_llu = 0x02
   396                          defc __CLIB_OPT_PRINTF_2_llx = 0x04
   397                          defc __CLIB_OPT_PRINTF_2_llX = 0x08
   398                          defc __CLIB_OPT_PRINTF_2_llo = 0x10
   399                          defc __CLIB_OPT_PRINTF_2_lli = 0x40
   400                          
   401                          defc __CLIB_OPT_SCANF = 0x002ff6ff
   402                          
   403                          defc __CLIB_OPT_SCANF_d = 0x00000001
   404                          defc __CLIB_OPT_SCANF_u = 0x00000002
   405                          defc __CLIB_OPT_SCANF_x = 0x00000004
   406                          defc __CLIB_OPT_SCANF_X = 0x00000008
   407                          defc __CLIB_OPT_SCANF_o = 0x00000010
   408                          defc __CLIB_OPT_SCANF_n = 0x00000020
   409                          defc __CLIB_OPT_SCANF_i = 0x00000040
   410                          defc __CLIB_OPT_SCANF_p = 0x00000080
   411                          defc __CLIB_OPT_SCANF_B = 0x00000100
   412                          defc __CLIB_OPT_SCANF_s = 0x00000200
   413                          defc __CLIB_OPT_SCANF_c = 0x00000400
   414                          defc __CLIB_OPT_SCANF_I = 0x00000800
   415                          defc __CLIB_OPT_SCANF_ld = 0x00001000
   416                          defc __CLIB_OPT_SCANF_lu = 0x00002000
   417                          defc __CLIB_OPT_SCANF_lx = 0x00004000
   418                          defc __CLIB_OPT_SCANF_lX = 0x00008000
   419                          defc __CLIB_OPT_SCANF_lo = 0x00010000
   420                          defc __CLIB_OPT_SCANF_ln = 0x00020000
   421                          defc __CLIB_OPT_SCANF_li = 0x00040000
   422                          defc __CLIB_OPT_SCANF_lp = 0x00080000
   423                          defc __CLIB_OPT_SCANF_lB = 0x00100000
   424                          defc __CLIB_OPT_SCANF_BRACKET = 0x00200000
   425                          defc __CLIB_OPT_SCANF_a = 0x00400000
   426                          defc __CLIB_OPT_SCANF_A = 0x00800000
   427                          defc __CLIB_OPT_SCANF_e = 0x01000000
   428                          defc __CLIB_OPT_SCANF_E = 0x02000000
   429                          defc __CLIB_OPT_SCANF_f = 0x04000000
   430                          defc __CLIB_OPT_SCANF_F = 0x08000000
   431                          defc __CLIB_OPT_SCANF_g = 0x10000000
   432                          defc __CLIB_OPT_SCANF_G = 0x20000000
   433                          
   434                          defc __CLIB_OPT_SCANF_2 = 0x00
   435                          
   436                          defc __CLIB_OPT_SCANF_2_lld = 0x01
   437                          defc __CLIB_OPT_SCANF_2_llu = 0x02
   438                          defc __CLIB_OPT_SCANF_2_llx = 0x04
   439                          defc __CLIB_OPT_SCANF_2_llX = 0x08
   440                          defc __CLIB_OPT_SCANF_2_llo = 0x10
   441                          defc __CLIB_OPT_SCANF_2_lli = 0x40
   442                          
   443                          defc __CLIB_OPT_UNROLL = 0x00
   444                          
   445                          defc __CLIB_OPT_UNROLL_MEMCPY = 0x01
   446                          defc __CLIB_OPT_UNROLL_MEMSET = 0x02
   447                          defc __CLIB_OPT_UNROLL_OTIR = 0x10
   448                          defc __CLIB_OPT_UNROLL_LDIR = 0x20
   449                          defc __CLIB_OPT_UNROLL_USER_SMC = 0x40
   450                          defc __CLIB_OPT_UNROLL_LIB_SMC = 0x80
   451                          
   452                          defc __CLIB_OPT_STRTOD = 0x00
   453                          
   454                          defc __CLIB_OPT_STRTOD_NAN = 0x01
   455                          defc __CLIB_OPT_STRTOD_INF = 0x01
   456                          defc __CLIB_OPT_STRTOD_HEX = 0x02
   457                          
   458                          defc __CLIB_OPT_SORT = 1
   459                          
   460                          defc __CLIB_OPT_SORT_INSERTION = 0
   461                          defc __CLIB_OPT_SORT_SHELL = 1
   462                          defc __CLIB_OPT_SORT_QUICK = 2
   463                          
   464                          defc __CLIB_OPT_SORT_QSORT = 0x0c
   465                          
   466                          defc __CLIB_OPT_SORT_QSORT_PIVOT = 0x3
   467                          defc __CLIB_OPT_SORT_QSORT_PIVOT_MID = 0x0
   468                          defc __CLIB_OPT_SORT_QSORT_PIVOT_RAN = 0x1
   469                          defc __CLIB_OPT_SORT_QSORT_ENABLE_INSERTION = 0x04
   470                          defc __CLIB_OPT_SORT_QSORT_ENABLE_EQUAL = 0x08
   471                          
   472                          defc __CLIB_OPT_ERROR = 0x00
   473                          
   474                          defc __CLIB_OPT_ERROR_ENABLED = 0x01
   475                          defc __CLIB_OPT_ERROR_VERBOSE = 0x02
   476                          
   477                          
   478                          
   479                          
   480                          
   481                          
   482                          
   483                          
   484                          
   485                          
   486                          
   487                          
   488                          
   489                          PUBLIC __EOK
   490                          PUBLIC __EACCES
   491                          PUBLIC __EBADF
   492                          PUBLIC __EBDFD
   493                          PUBLIC __EDOM
   494                          PUBLIC __EFBIG
   495                          PUBLIC __EINVAL
   496                          PUBLIC __EIO
   497                          PUBLIC __EMFILE
   498                          PUBLIC __ENFILE
   499                          PUBLIC __ENOLCK
   500                          PUBLIC __ENOMEM
   501                          PUBLIC __ENOTSUP
   502                          PUBLIC __EOVERFLOW
   503                          PUBLIC __ERANGE
   504                          PUBLIC __ESTAT
   505                          PUBLIC __EAGAIN
   506                          PUBLIC __EWOULDBLOCK
   507                          
   508                          PUBLIC __ERROR_NEXT
   509                          
   510                          PUBLIC STDIO_SEEK_SET
   511                          PUBLIC STDIO_SEEK_CUR
   512                          PUBLIC STDIO_SEEK_END
   513                          
   514                          PUBLIC STDIO_MSG_PUTC
   515                          PUBLIC STDIO_MSG_WRIT
   516                          PUBLIC STDIO_MSG_GETC
   517                          PUBLIC STDIO_MSG_EATC
   518                          PUBLIC STDIO_MSG_READ
   519                          PUBLIC STDIO_MSG_SEEK
   520                          PUBLIC STDIO_MSG_ICTL
   521                          PUBLIC STDIO_MSG_FLSH
   522                          PUBLIC STDIO_MSG_CLOS
   523                          
   524                          PUBLIC ITERM_MSG_GETC
   525                          PUBLIC ITERM_MSG_REJECT
   526                          PUBLIC ITERM_MSG_INTERRUPT
   527                          PUBLIC ITERM_MSG_PUTC
   528                          PUBLIC ITERM_MSG_PRINT_CURSOR
   529                          PUBLIC ITERM_MSG_ERASE_CURSOR
   530                          PUBLIC ITERM_MSG_ERASE_CURSOR_PWD
   531                          PUBLIC ITERM_MSG_BS
   532                          PUBLIC ITERM_MSG_BS_PWD
   533                          PUBLIC ITERM_MSG_READLINE_BEGIN
   534                          PUBLIC ITERM_MSG_READLINE_END
   535                          PUBLIC ITERM_MSG_READLINE_SCROLL_LIMIT
   536                          PUBLIC ITERM_MSG_BELL
   537                          
   538                          PUBLIC __MESSAGE_ITERM_NEXT__
   539                          
   540                          PUBLIC OTERM_MSG_PUTC
   541                          PUBLIC OTERM_MSG_TTY
   542                          PUBLIC OTERM_MSG_FZX_PUTC
   543                          PUBLIC OTERM_MSG_PRINTC
   544                          PUBLIC OTERM_MSG_SCROLL
   545                          PUBLIC OTERM_MSG_SCROLL_LIMIT
   546                          PUBLIC OTERM_MSG_CLS
   547                          PUBLIC OTERM_MSG_PAUSE
   548                          PUBLIC OTERM_MSG_BELL
   549                          PUBLIC OTERM_MSG_PSCROLL
   550                          PUBLIC OTERM_MSG_FZX_GET_XOR_DRAW
   551                          
   552                          PUBLIC __MESSAGE_OTERM_NEXT__
   553                          
   554                          PUBLIC ICHAR_MSG_GETC
   555                          PUBLIC OCHAR_MSG_PUTC_BIN
   556                          PUBLIC OCHAR_MSG_PUTC
   557                          
   558                          PUBLIC __MESSAGE_NEXT__
   559                          
   560                          PUBLIC mtx_plain
   561                          PUBLIC mtx_recursive
   562                          PUBLIC mtx_timed
   563                          
   564                          PUBLIC thrd_success
   565                          PUBLIC thrd_error
   566                          PUBLIC thrd_nomem
   567                          PUBLIC thrd_busy
   568                          PUBLIC thrd_timedout
   569                          
   570                          PUBLIC IOCTL_RESET
   571                          
   572                          PUBLIC IOCTL_ITERM_ECHO
   573                          PUBLIC IOCTL_ITERM_PASS
   574                          PUBLIC IOCTL_ITERM_LINE
   575                          PUBLIC IOCTL_ITERM_COOK
   576                          PUBLIC IOCTL_ITERM_CAPS
   577                          PUBLIC IOCTL_ITERM_CRLF
   578                          PUBLIC IOCTL_ITERM_CURS
   579                          
   580                          PUBLIC IOCTL_ITERM_TIE
   581                          PUBLIC IOCTL_ITERM_GET_EDITBUF
   582                          PUBLIC IOCTL_ITERM_SET_EDITBUF
   583                          
   584                          PUBLIC IOCTL_OTERM_PAGE
   585                          PUBLIC IOCTL_OTERM_PAUSE
   586                          PUBLIC IOCTL_OTERM_COOK
   587                          PUBLIC IOCTL_OTERM_CRLF
   588                          PUBLIC IOCTL_OTERM_CLEAR
   589                          PUBLIC IOCTL_OTERM_SIGNAL
   590                          PUBLIC IOCTL_OTERM_BELL
   591                          
   592                          PUBLIC IOCTL_OTERM_CLS
   593                          PUBLIC IOCTL_OTERM_RESET_SCROLL
   594                          PUBLIC IOCTL_OTERM_GET_WINDOW_COORD
   595                          PUBLIC IOCTL_OTERM_SET_WINDOW_COORD
   596                          PUBLIC IOCTL_OTERM_GET_WINDOW_RECT
   597                          PUBLIC IOCTL_OTERM_SET_WINDOW_RECT
   598                          PUBLIC IOCTL_OTERM_GET_CURSOR_COORD
   599                          PUBLIC IOCTL_OTERM_SET_CURSOR_COORD
   600                          PUBLIC IOCTL_OTERM_GET_OTERM
   601                          PUBLIC IOCTL_OTERM_SCROLL
   602                          PUBLIC IOCTL_OTERM_FONT
   603                          PUBLIC IOCTL_OTERM_SCROLL_LIMIT
   604                          
   605                          PUBLIC IOCTL_OTERM_FZX_GET_PAPER_COORD
   606                          PUBLIC IOCTL_OTERM_FZX_SET_PAPER_COORD
   607                          PUBLIC IOCTL_OTERM_FZX_GET_PAPER_RECT
   608                          PUBLIC IOCTL_OTERM_FZX_SET_PAPER_RECT
   609                          PUBLIC IOCTL_OTERM_FZX_LEFT_MARGIN
   610                          PUBLIC IOCTL_OTERM_FZX_LINE_SPACING
   611                          PUBLIC IOCTL_OTERM_FZX_SPACE_EXPAND
   612                          PUBLIC IOCTL_OTERM_FZX_GET_FZX_STATE
   613                          PUBLIC IOCTL_OTERM_FZX_SET_FZX_STATE
   614                          
   615                          PUBLIC IOCTL_ICHAR_CRLF
   616                          
   617                          PUBLIC IOCTL_OCHAR_CRLF
   618                          
   619                          
   620                          
   621                          
   622                          defc __EOK = 0
   623                          defc __EACCES = 1
   624                          defc __EBADF = 2
   625                          defc __EBDFD = 3
   626                          defc __EDOM = 4
   627                          defc __EFBIG = 5
   628                          defc __EINVAL = 6
   629                          defc __EIO = 7
   630                          defc __EMFILE = 8
   631                          defc __ENFILE = 9
   632                          defc __ENOLCK = 10
   633                          defc __ENOMEM = 11
   634                          defc __ENOTSUP = 12
   635                          defc __EOVERFLOW = 13
   636                          defc __ERANGE = 14
   637                          defc __ESTAT = 15
   638                          defc __EAGAIN = 16
   639                          defc __EWOULDBLOCK = 16
   640                          
   641                          defc __ERROR_NEXT = 50
   642                          
   643                          defc STDIO_SEEK_SET = 0
   644                          defc STDIO_SEEK_CUR = 1
   645                          defc STDIO_SEEK_END = 2
   646                          
   647                          defc STDIO_MSG_PUTC = 1
   648                          defc STDIO_MSG_WRIT = 2
   649                          defc STDIO_MSG_GETC = 3
   650                          defc STDIO_MSG_EATC = 4
   651                          defc STDIO_MSG_READ = 5
   652                          defc STDIO_MSG_SEEK = 6
   653                          defc STDIO_MSG_ICTL = 7
   654                          defc STDIO_MSG_FLSH = 8
   655                          defc STDIO_MSG_CLOS = 9
   656                          
   657                          defc ITERM_MSG_GETC = 15
   658                          defc ITERM_MSG_REJECT = 16
   659                          defc ITERM_MSG_INTERRUPT = 17
   660                          defc ITERM_MSG_PUTC = 18
   661                          defc ITERM_MSG_PRINT_CURSOR = 19
   662                          defc ITERM_MSG_ERASE_CURSOR = 20
   663                          defc ITERM_MSG_ERASE_CURSOR_PWD = 21
   664                          defc ITERM_MSG_BS = 22
   665                          defc ITERM_MSG_BS_PWD = 23
   666                          defc ITERM_MSG_READLINE_BEGIN = 24
   667                          defc ITERM_MSG_READLINE_END = 25
   668                          defc ITERM_MSG_READLINE_SCROLL_LIMIT = 26
   669                          defc ITERM_MSG_BELL = 27
   670                          
   671                          defc __MESSAGE_ITERM_NEXT__ = 28
   672                          
   673                          defc OTERM_MSG_PUTC = 30
   674                          defc OTERM_MSG_TTY = 31
   675                          defc OTERM_MSG_FZX_PUTC = 32
   676                          defc OTERM_MSG_PRINTC = 33
   677                          defc OTERM_MSG_SCROLL = 34
   678                          defc OTERM_MSG_SCROLL_LIMIT = 35
   679                          defc OTERM_MSG_CLS = 36
   680                          defc OTERM_MSG_PAUSE = 37
   681                          defc OTERM_MSG_BELL = 38
   682                          defc OTERM_MSG_PSCROLL = 39
   683                          defc OTERM_MSG_FZX_GET_XOR_DRAW = 40
   684                          
   685                          defc __MESSAGE_OTERM_NEXT__ = 41
   686                          
   687                          defc ICHAR_MSG_GETC = 15
   688                          defc OCHAR_MSG_PUTC_BIN = 30
   689                          defc OCHAR_MSG_PUTC = 33
   690                          
   691                          defc __MESSAGE_NEXT__ = 45
   692                          
   693                          defc mtx_plain = 0x01
   694                          defc mtx_recursive = 0x02
   695                          defc mtx_timed = 0x04
   696                          
   697                          defc thrd_success = 0x00
   698                          defc thrd_error = 0x01
   699                          defc thrd_nomem = 0x02
   700                          defc thrd_busy = 0x04
   701                          defc thrd_timedout = 0x08
   702                          
   703                          defc IOCTL_RESET = 0x0000
   704                          
   705                          defc IOCTL_ITERM_ECHO = 0xc081
   706                          defc IOCTL_ITERM_PASS = 0xc041
   707                          defc IOCTL_ITERM_LINE = 0xc021
   708                          defc IOCTL_ITERM_COOK = 0xc011
   709                          defc IOCTL_ITERM_CAPS = 0xc009
   710                          defc IOCTL_ITERM_CRLF = 0xc101
   711                          defc IOCTL_ITERM_CURS = 0xc201
   712                          
   713                          defc IOCTL_ITERM_TIE = 0x0201
   714                          defc IOCTL_ITERM_GET_EDITBUF = 0x0381
   715                          defc IOCTL_ITERM_SET_EDITBUF = 0x0301
   716                          
   717                          defc IOCTL_OTERM_PAGE = 0xc082
   718                          defc IOCTL_OTERM_PAUSE = 0xc042
   719                          defc IOCTL_OTERM_COOK = 0xc022
   720                          defc IOCTL_OTERM_CRLF = 0xc012
   721                          defc IOCTL_OTERM_CLEAR = 0xe002
   722                          defc IOCTL_OTERM_SIGNAL = 0xc202
   723                          defc IOCTL_OTERM_BELL = 0xc102
   724                          
   725                          defc IOCTL_OTERM_CLS = 0x0102
   726                          defc IOCTL_OTERM_RESET_SCROLL = 0x0202
   727                          defc IOCTL_OTERM_GET_WINDOW_COORD = 0x0382
   728                          defc IOCTL_OTERM_SET_WINDOW_COORD = 0x0302
   729                          defc IOCTL_OTERM_GET_WINDOW_RECT = 0x0482
   730                          defc IOCTL_OTERM_SET_WINDOW_RECT = 0x0402
   731                          defc IOCTL_OTERM_GET_CURSOR_COORD = 0x0582
   732                          defc IOCTL_OTERM_SET_CURSOR_COORD = 0x0502
   733                          defc IOCTL_OTERM_GET_OTERM = 0x0602
   734                          defc IOCTL_OTERM_SCROLL = 0x0702
   735                          defc IOCTL_OTERM_FONT = 0x0802
   736                          defc IOCTL_OTERM_SCROLL_LIMIT = 0x0902
   737                          
   738                          defc IOCTL_OTERM_FZX_GET_PAPER_COORD = 0x0a82
   739                          defc IOCTL_OTERM_FZX_SET_PAPER_COORD = 0x0a02
   740                          defc IOCTL_OTERM_FZX_GET_PAPER_RECT = 0x0b82
   741                          defc IOCTL_OTERM_FZX_SET_PAPER_RECT = 0x0b02
   742                          defc IOCTL_OTERM_FZX_LEFT_MARGIN = 0x0c02
   743                          defc IOCTL_OTERM_FZX_LINE_SPACING = 0x0d02
   744                          defc IOCTL_OTERM_FZX_SPACE_EXPAND = 0x0e02
   745                          defc IOCTL_OTERM_FZX_GET_FZX_STATE = 0x0f82
   746                          defc IOCTL_OTERM_FZX_SET_FZX_STATE = 0x0f02
   747                          
   748                          defc IOCTL_ICHAR_CRLF = 0xc103
   749                          
   750                          defc IOCTL_OCHAR_CRLF = 0xc014
   751                          
   752                          
   753                          
   754                          
   755                          
   756                          
   757                          
   758                          
   759                          
   760                          
   761                          
   762                          
   763                          
   764                          
   765                          
   766                          
   767                          
   768                          
   769                          
   770                          
   771                          
   772                          
   773                          
   774                          
   775                          
   776                          
   777                          
   778                          
   779                          ENDIF
   780                          
   781                          
/home/derek/z88dk/lib/config/../..//libsrc/_DEVELOPMENT/target/z80/z80_crt.asm.m4:
    92                          
    93                          ;;;;;;;;;;;;;;;;;;;;;;;;;;;;;;;;;;;;;;;;;;;;;;;;;;;;;;;;;;;;;;;
    94                          ;; CRT AND CLIB CONFIGURATION ;;;;;;;;;;;;;;;;;;;;;;;;;;;;;;;;;
    95                          ;;;;;;;;;;;;;;;;;;;;;;;;;;;;;;;;;;;;;;;;;;;;;;;;;;;;;;;;;;;;;;;
    96                          
    97                          include "../crt_defaults.inc"
/home/derek/z88dk/lib/config/../../libsrc/_DEVELOPMENT/target/z80/../crt_defaults.inc:
     1                          
     2                          ;;;;;;;;;;;;;;;;;;;;;;;;;;;;;;;;;;;;;;;;;;;;;;;;;;;;;;;;;;;;;;;
     3                          ;; crt defaults ;;;;;;;;;;;;;;;;;;;;;;;;;;;;;;;;;;;;;;;;;;;;;;;
     4                          ;;;;;;;;;;;;;;;;;;;;;;;;;;;;;;;;;;;;;;;;;;;;;;;;;;;;;;;;;;;;;;;
     5                          
     6                             ; crt configuration
     7                          
     8                             defc DEF__crt_org_code              = 0       ;; org of code section
     9                             defc DEF__crt_org_data              = 0       ;; org of data section (0 or -1 means follow code, -1 means generate separate binary)
    10                             defc DEF__crt_org_bss               = 0       ;; org of bss section (0 or -1 means follow data, -1 means generate separate binary)
    11                          
    12                             defc DEF__crt_model                 = 0       ;; 0 = ram model, 1 = rom model, 2 = compressed rom model
    13                             defc DEF__crt_enforce_snames        = 3       ;; bit 0 set = enforce BSS name, bit 1 set = enforce DATA name
    14                          
    15                             defc DEF__register_sp               = 0       ;; initial value of sp (-1 = do not modify (some targets may redefine meaning), 0 = top of memory)
    16                             defc DEF__crt_stack_size            = 512     ;; minimum size reserved for stack when automatically allocating memory for the malloc heap
    17                          
    18                             defc DEF__crt_initialize_bss        = 0       ;; generate code to initialize bss section at startup
    19                          
    20                             defc DEF__crt_include_preamble      = 0       ;; if non-zero, user supplies code in file "crt_preamble.asm" that is inserted at the start of the binary
    21                          
    22                             defc DEF__crt_org_vector_table      = 0       ;; if negative and Z88DK supplies page zero code, creates a section "code_vector" aligned to a page boundary to hold int vectors
    23                             defc DEF__crt_io_vector_base        = 0       ;; io vector base address for z180 internal peripherals
    24                             defc DEF__crt_interrupt_mode        = -1      ;; if 0-2 crt inserts appropriate im x instruction
    25                             defc DEF__crt_interrupt_mode_exit   = -1      ;; if 0-2 crt inserts appropriate im x instruction on exit
    26                          
    27                             defc DEF__crt_enable_commandline    = 2       ;; generate argc and argv from command line (targets without command line will get argc=1, argv[0]="", argv[1]=NULL)
    28                             defc DEF__crt_enable_commandline_ex = 0       ;; target specific bits and bits for io redirection and piping
    29                             defc DEF__crt_enable_restart        = 0       ;; if non-zero, restart the program on exit (correct initialization of static variables with rom models only)
    30                             defc DEF__crt_enable_close          = 1       ;; if non-zero, close files on exit
    31                          
    32                             defc DEF__crt_enable_eidi           = 0       ;; bit flags: 0x01 = di on start, 0x02 = ei on start, 0x10 = di on exit, 0x20 = ei on exit
    33                             defc DEF__crt_on_exit               = 0x10001 ;; halt on exit (see documentation for other exit behaviours)
    34                          
    35                             defc DEF__crt_enable_rst            = 0       ;; if non-zero and in some crts with code org = 0, set bits indicate which rst locations are implemented with user code
    36                             defc DEF__crt_enable_nmi            = 0       ;; if non-zero and in some crts with code org = 0, a jump to user code to service the nmi is inserted
    37                             defc DEF__crt_enable_trap           = 0       ;; if non-zero and in some crts with code org = 0 and 8085 or Z180 target, a jump to user code to service traps is inserted
    38                          
    39                             ; clib defaults
    40                          
    41                             defc DEF__clib_exit_stack_size      = 32      ;; max number of functions that can be registered with atexit()
    42                             defc DEF__clib_quickexit_stack_size = 32      ;; max number of functions that can be registered with at_quickexit()
    43                          
    44                             defc DEF__clib_malloc_heap_size     = -1      ;; size of malloc heap (0 = do not create a heap, -1 = automatically place heap between end of bss section and bottom of stack)
    45                             defc DEF__clib_stdio_heap_size      = 256     ;; size of stdio heap (0 = do not allocate bytes for opening of files)
    46                          
    47                             defc DEF__clib_balloc_table_size    = 0       ;; number of queues created for balloc block memory allocator
    48                          
    49                             defc DEF__clib_fopen_max            = 8       ;; max number of FILE*
    50                             defc DEF__clib_open_max             = 8       ;; max number of open files
    51                          
    52                          ;; end crt defaults ;;;;;;;;;;;;;;;;;;;;;;;;;;;;;;;;;;;;;;;;;;;
    53                          
/home/derek/z88dk/lib/config/../..//libsrc/_DEVELOPMENT/target/z80/z80_crt.asm.m4:
    98                          include "crt_config.inc"
/home/derek/z88dk/lib/config/../../libsrc/_DEVELOPMENT/target/z80/crt_config.inc:
     1                          
     2                          ;;;;;;;;;;;;;;;;;;;;;;;;;;;;;;;;;;;;;;;;;;;;;;;;;;;;;;;;;;;;;;;
     3                          ;; crt target defaults ;;;;;;;;;;;;;;;;;;;;;;;;;;;;;;;;;;;;;;;;
     4                          ;;;;;;;;;;;;;;;;;;;;;;;;;;;;;;;;;;;;;;;;;;;;;;;;;;;;;;;;;;;;;;;
     5                          
     6                          IF __CRTCFG = -1
     7                          
     8                             ;;;;;;;;;;;;;;;;;;;;;;;;;;;;;;;;;;;;;;;;;;;;;;;;;;;;;;;;;;;;
     9                             ;; user supplied crt defaults ;;;;;;;;;;;;;;;;;;;;;;;;;;;;;;
    10                             ;;;;;;;;;;;;;;;;;;;;;;;;;;;;;;;;;;;;;;;;;;;;;;;;;;;;;;;;;;;;
    11                          
    12                             INCLUDE "crt_cfg.inc"
    13                          
    14                          ENDIF
    15                          
    16                          IF __CRTCFG = 0
    17                          
    18                             ;;;;;;;;;;;;;;;;;;;;;;;;;;;;;;;;;;;;;;;;;;;;;;;;;;;;;;;;;;;;
    19                             ;; embedded ram model ;;;;;;;;;;;;;;;;;;;;;;;;;;;;;;;;;;;;;;
    20                             ;;;;;;;;;;;;;;;;;;;;;;;;;;;;;;;;;;;;;;;;;;;;;;;;;;;;;;;;;;;;
    21                          
    22                             defc TAR__crt_org_code              = 0
    23                             defc TAR__crt_org_data              = 0
    24                             defc TAR__crt_org_bss               = 0
    25                          
    26                             defc TAR__crt_model                 = 0
    27                          
    28                             defc TAR__register_sp               = 0
    29                             defc TAR__crt_stack_size            = 512
    30                          
    31                             defc TAR__crt_initialize_bss        = 0
    32                          
    33                             defc TAR__crt_include_preamble      = 0
    34                          
    35                             defc TAR__crt_org_vector_table      = 0
    36                          
    37                             defc TAR__crt_interrupt_mode        = -1
    38                             defc TAR__crt_interrupt_mode_exit   = -1
    39                          
    40                             defc TAR__crt_enable_commandline    = 0
    41                             defc TAR__crt_enable_commandline_ex = 0
    42                             defc TAR__crt_enable_restart        = 0
    43                             defc TAR__crt_enable_close          = 1
    44                          
    45                             defc TAR__crt_enable_eidi           = 0x13
    46                             defc TAR__crt_on_exit               = 0x10001
    47                          
    48                             defc TAR__crt_enable_rst            = 0
    49                             defc TAR__crt_enable_nmi            = 0
    50                          
    51                             ; clib defaults
    52                          
    53                             defc TAR__clib_exit_stack_size      = 0
    54                             defc TAR__clib_quickexit_stack_size = 0
    55                          
    56                             defc TAR__clib_malloc_heap_size     = -1
    57                             defc TAR__clib_stdio_heap_size      = 128
    58                          
    59                             defc TAR__clib_balloc_table_size    = 0
    60                          
    61                             defc TAR__clib_fopen_max            = 0
    62                             defc TAR__clib_open_max             = 0
    63                          
    64                          ENDIF
    65                          
    66                          IF __CRTCFG = 1
    67                          
    68                             ;;;;;;;;;;;;;;;;;;;;;;;;;;;;;;;;;;;;;;;;;;;;;;;;;;;;;;;;;;;;
    69                             ;; embedded rom model ;;;;;;;;;;;;;;;;;;;;;;;;;;;;;;;;;;;;;;
    70                             ;;;;;;;;;;;;;;;;;;;;;;;;;;;;;;;;;;;;;;;;;;;;;;;;;;;;;;;;;;;;
    71                          
    72                             defc TAR__crt_org_code              = 0
    73                             defc TAR__crt_org_data              = 32768
    74                             defc TAR__crt_org_bss               = -1
    75                          
    76                             defc TAR__crt_model                 = 1
    77                          
    78                             defc TAR__register_sp               = 0
    79                             defc TAR__crt_stack_size            = 512
    80                          
    81                             defc TAR__crt_initialize_bss        = 1
    82                          
    83                             defc TAR__crt_include_preamble      = 0
    84                          
    85                             defc TAR__crt_org_vector_table      = 0
    86                          
    87                             defc TAR__crt_interrupt_mode        = -1
    88                             defc TAR__crt_interrupt_mode_exit   = -1
    89                          
    90                             defc TAR__crt_enable_commandline    = 0
    91                             defc TAR__crt_enable_commandline_ex = 0
    92                             defc TAR__crt_enable_restart        = 0
    93                             defc TAR__crt_enable_close          = 1
    94                          
    95                             defc TAR__crt_enable_eidi           = 0x13
    96                             defc TAR__crt_on_exit               = 0x10001
    97                          
    98                             defc TAR__crt_enable_rst            = 0
    99                             defc TAR__crt_enable_nmi            = 0
   100                          
   101                             ; clib defaults
   102                          
   103                             defc TAR__clib_exit_stack_size      = 0
   104                             defc TAR__clib_quickexit_stack_size = 0
   105                          
   106                             defc TAR__clib_malloc_heap_size     = -1
   107                             defc TAR__clib_stdio_heap_size      = 128
   108                          
   109                             defc TAR__clib_balloc_table_size    = 0
   110                          
   111                             defc TAR__clib_fopen_max            = 0
   112                             defc TAR__clib_open_max             = 0
   113                          
   114                          ENDIF
   115                          
   116                          IF __CRTCFG = 2
   117                          
   118                             ;;;;;;;;;;;;;;;;;;;;;;;;;;;;;;;;;;;;;;;;;;;;;;;;;;;;;;;;;;;;
   119                             ;; embedded compressed rom model ;;;;;;;;;;;;;;;;;;;;;;;;;;;
   120                             ;;;;;;;;;;;;;;;;;;;;;;;;;;;;;;;;;;;;;;;;;;;;;;;;;;;;;;;;;;;;
   121                          
   122                             defc TAR__crt_org_code              = 0
   123                             defc TAR__crt_org_data              = 32768
   124                             defc TAR__crt_org_bss               = -1
   125                          
   126                             defc TAR__crt_model                 = 2
   127                          
   128                             defc TAR__register_sp               = 0
   129                             defc TAR__crt_stack_size            = 512
   130                          
   131                             defc TAR__crt_initialize_bss        = 1
   132                          
   133                             defc TAR__crt_include_preamble      = 0
   134                          
   135                             defc TAR__crt_org_vector_table      = 0
   136                          
   137                             defc TAR__crt_interrupt_mode        = -1
   138                             defc TAR__crt_interrupt_mode_exit   = -1
   139                          
   140                             defc TAR__crt_enable_commandline    = 0
   141                             defc TAR__crt_enable_commandline_ex = 0
   142                             defc TAR__crt_enable_restart        = 0
   143                             defc TAR__crt_enable_close          = 1
   144                          
   145                             defc TAR__crt_enable_eidi           = 0x13
   146                             defc TAR__crt_on_exit               = 0x10001
   147                          
   148                             defc TAR__crt_enable_rst            = 0
   149                             defc TAR__crt_enable_nmi            = 0
   150                          
   151                             ; clib defaults
   152                          
   153                             defc TAR__clib_exit_stack_size      = 0
   154                             defc TAR__clib_quickexit_stack_size = 0
   155                          
   156                             defc TAR__clib_malloc_heap_size     = -1
   157                             defc TAR__clib_stdio_heap_size      = 128
   158                          
   159                             defc TAR__clib_balloc_table_size    = 0
   160                          
   161                             defc TAR__clib_fopen_max            = 0
   162                             defc TAR__clib_open_max             = 0
   163                          
   164                          ENDIF
   165                          
   166                          ;; end crt target defaults ;;;;;;;;;;;;;;;;;;;;;;;;;;;;;;;;;;;;
   167                          
/home/derek/z88dk/lib/config/../..//libsrc/_DEVELOPMENT/target/z80/z80_crt.asm.m4:
    99                          
   100                          ;;;;;;;;;;;;;;;;;;;;;;;;;;;;;;;;;;;;;;;;;;;;;;;;;;;;;;;;;;;;;;;
   101                          ;; crt rules ;;;;;;;;;;;;;;;;;;;;;;;;;;;;;;;;;;;;;;;;;;;;;;;;;;
   102                          ;;;;;;;;;;;;;;;;;;;;;;;;;;;;;;;;;;;;;;;;;;;;;;;;;;;;;;;;;;;;;;;
   103                          
   104                          
   105                             IFDEF CRT_ORG_CODE
   106                          
   107                                defc __crt_org_code = CRT_ORG_CODE
   108                          
   109                             ELSE
   110                          
   111                                IFDEF TAR__crt_org_code
   112                          
   113                                   defc __crt_org_code = TAR__crt_org_code
   114                          
   115                                ELSE
   116                          
   117                                   defc __crt_org_code = DEF__crt_org_code
   118                          
   119                                ENDIF
   120                          
   121                             ENDIF
   122                          
   123                             IFDEF REGISTER_SP
   124                          
   125                                defc __register_sp = REGISTER_SP
   126                          
   127                             ELSE
   128                          
   129                                IFDEF STACKPTR
   130                          
   131                                   defc __register_sp = STACKPTR
   132                          
   133                                ELSE
   134                          
   135                                   IFDEF TAR__register_sp
   136                          
   137                                      defc __register_sp = TAR__register_sp
   138                          
   139                                   ELSE
   140                          
   141                                      defc __register_sp = DEF__register_sp
   142                          
   143                                   ENDIF
   144                          
   145                                ENDIF
   146                          
   147                             ENDIF
   148                          
   149                          
   150                             IFDEF CRT_STACK_SIZE
   151                          
   152                                defc __crt_stack_size = CRT_STACK_SIZE
   153                          
   154                             ELSE
   155                          
   156                                IFDEF TAR__crt_stack_size
   157                          
   158                                   defc __crt_stack_size = TAR__crt_stack_size
   159                          
   160                                ELSE
   161                          
   162                                   defc __crt_stack_size = DEF__crt_stack_size
   163                          
   164                                ENDIF
   165                          
   166                             ENDIF
   167                          
   168                          
   169                             IFDEF CRT_ORG_DATA
   170                          
   171                                defc __crt_org_data = CRT_ORG_DATA
   172                          
   173                             ELSE
   174                          
   175                                IFDEF TAR__crt_org_data
   176                          
   177                                   defc __crt_org_data = TAR__crt_org_data
   178                          
   179                                ELSE
   180                          
   181                                   defc __crt_org_data = DEF__crt_org_data
   182                          
   183                                ENDIF
   184                          
   185                             ENDIF
   186                          
   187                          
   188                             IFDEF CRT_ORG_BSS
   189                          
   190                                defc __crt_org_bss = CRT_ORG_BSS
   191                          
   192                             ELSE
   193                          
   194                                IFDEF TAR__crt_org_bss
   195                          
   196                                   defc __crt_org_bss = TAR__crt_org_bss
   197                          
   198                                ELSE
   199                          
   200                                   defc __crt_org_bss = DEF__crt_org_bss
   201                          
   202                                ENDIF
   203                          
   204                             ENDIF
   205                          
   206                          
   207                             IFDEF CRT_MODEL
   208                          
   209                                defc __crt_model = CRT_MODEL
   210                          
   211                             ELSE
   212                          
   213                                IFDEF TAR__crt_model
   214                          
   215                                   defc __crt_model = TAR__crt_model
   216                          
   217                                ELSE
   218                          
   219                                   defc __crt_model = DEF__crt_model
   220                          
   221                                ENDIF
   222                          
   223                             ENDIF
   224                          
   225                             IFDEF CRT_INITIALIZE_BSS
   226                          
   227                                defc __crt_initialize_bss = CRT_INITIALIZE_BSS
   228                          
   229                             ELSE
   230                          
   231                                IFDEF TAR__crt_initialize_bss
   232                          
   233                                   defc __crt_initialize_bss = TAR__crt_initialize_bss
   234                          
   235                                ELSE
   236                          
   237                                   defc __crt_initialize_bss = DEF__crt_initialize_bss
   238                          
   239                                ENDIF
   240                          
   241                             ENDIF
   242                          
   243                          
   244                             IFDEF CRT_INCLUDE_PREAMBLE
   245                          
   246                                defc __crt_include_preamble = CRT_INCLUDE_PREAMBLE
   247                          
   248                             ELSE
   249                          
   250                                IFDEF TAR__crt_include_preamble
   251                          
   252                                   defc __crt_include_preamble = TAR__crt_include_preamble
   253                          
   254                                ELSE
   255                          
   256                                   defc __crt_include_preamble = DEF__crt_include_preamble
   257                          
   258                                ENDIF
   259                          
   260                             ENDIF
   261                          
   262                             IFDEF CRT_ORG_VECTOR_TABLE
   263                          
   264                                defc __crt_org_vector_table = CRT_ORG_VECTOR_TABLE
   265                          
   266                             ELSE
   267                          
   268                                IFDEF TAR__crt_org_vector_table
   269                          
   270                                   defc __crt_org_vector_table = TAR__crt_org_vector_table
   271                          
   272                                ELSE
   273                          
   274                                   defc __crt_org_vector_table = DEF__crt_org_vector_table
   275                          
   276                                ENDIF
   277                          
   278                             ENDIF
   279                          
   280                          IF __Z180
   281                          
   282                             IFDEF CRT_IO_VECTOR_BASE
   283                          
   284                                defc __crt_io_vector_base = CRT_IO_VECTOR_BASE
   285                          
   286                             ELSE
   287                          
   288                                IFDEF TAR__crt_io_vector_base
   289                          
   290                                   defc __crt_io_vector_base = TAR__crt_io_vector_base
   291                          
   292                                ELSE
   293                          
   294                                   defc __crt_io_vector_base = DEF__crt_io_vector_base
   295                          
   296                                ENDIF
   297                          
   298                             ENDIF
   299                          
   300                          ENDIF
   301                          
   302                             IFDEF CRT_INTERRUPT_MODE
   303                          
   304                                defc __crt_interrupt_mode = CRT_INTERRUPT_MODE
   305                          
   306                             ELSE
   307                          
   308                                IFDEF TAR__crt_interrupt_mode
   309                          
   310                                   defc __crt_interrupt_mode = TAR__crt_interrupt_mode
   311                          
   312                                ELSE
   313                          
   314                                   defc __crt_interrupt_mode = DEF__crt_interrupt_mode
   315                          
   316                                ENDIF
   317                          
   318                             ENDIF
   319                          
   320                          
   321                             IFDEF CRT_INTERRUPT_MODE_EXIT
   322                          
   323                                defc __crt_interrupt_mode_exit = CRT_INTERRUPT_MODE_EXIT
   324                          
   325                             ELSE
   326                          
   327                                IFDEF TAR__crt_interrupt_mode_exit
   328                          
   329                                   defc __crt_interrupt_mode_exit = TAR__crt_interrupt_mode_exit
   330                          
   331                                ELSE
   332                          
   333                                   defc __crt_interrupt_mode_exit = DEF__crt_interrupt_mode_exit
   334                          
   335                                ENDIF
   336                          
   337                             ENDIF
   338                          
   339                          
   340                             IFDEF CRT_ENABLE_COMMANDLINE
   341                          
   342                                defc __crt_enable_commandline = CRT_ENABLE_COMMANDLINE
   343                          
   344                             ELSE
   345                          
   346                                IFDEF TAR__crt_enable_commandline
   347                          
   348                                   defc __crt_enable_commandline = TAR__crt_enable_commandline
   349                          
   350                                ELSE
   351                          
   352                                   defc __crt_enable_commandline = DEF__crt_enable_commandline
   353                          
   354                                ENDIF
   355                          
   356                             ENDIF
   357                          
   358                          
   359                             IFDEF CRT_ENABLE_COMMANDLINE_EX
   360                          
   361                                defc __crt_enable_commandline_ex = CRT_ENABLE_COMMANDLINE_EX
   362                          
   363                             ELSE
   364                          
   365                                IFDEF TAR__crt_enable_commandline_ex
   366                          
   367                                   defc __crt_enable_commandline_ex = TAR__crt_enable_commandline_ex
   368                          
   369                                ELSE
   370                          
   371                                   defc __crt_enable_commandline_ex = DEF__crt_enable_commandline_ex
   372                          
   373                                ENDIF
   374                          
   375                             ENDIF
   376                          
   377                          
   378                             IFDEF CRT_ENABLE_RESTART
   379                          
   380                                defc __crt_enable_restart = CRT_ENABLE_RESTART
   381                          
   382                             ELSE
   383                          
   384                                IFDEF TAR__crt_enable_restart
   385                          
   386                                   defc __crt_enable_restart = TAR__crt_enable_restart
   387                          
   388                                ELSE
   389                          
   390                                   defc __crt_enable_restart = DEF__crt_enable_restart
   391                          
   392                                ENDIF
   393                          
   394                             ENDIF
   395                          
   396                          
   397                             IFDEF CRT_ENABLE_CLOSE
   398                          
   399                                defc __crt_enable_close = CRT_ENABLE_CLOSE
   400                          
   401                             ELSE
   402                          
   403                                IFDEF TAR__crt_enable_close
   404                          
   405                                   defc __crt_enable_close = TAR__crt_enable_close
   406                          
   407                                ELSE
   408                          
   409                                   defc __crt_enable_close = DEF__crt_enable_close
   410                          
   411                                ENDIF
   412                          
   413                             ENDIF
   414                          
   415                          
   416                             IFDEF CRT_ENABLE_EIDI
   417                          
   418                                defc __crt_enable_eidi = CRT_ENABLE_EIDI
   419                          
   420                             ELSE
   421                          
   422                                IFDEF TAR__crt_enable_eidi
   423                          
   424                                   defc __crt_enable_eidi = TAR__crt_enable_eidi
   425                          
   426                                ELSE
   427                          
   428                                   defc __crt_enable_eidi = DEF__crt_enable_eidi
   429                          
   430                                ENDIF
   431                          
   432                             ENDIF
   433                          
   434                          
   435                             IF __crt_enable_restart
   436                          
   437                                defc __crt_on_exit = 0x10008
   438                          
   439                             ELSE
   440                          
   441                                IFDEF CRT_ON_EXIT
   442                          
   443                                   defc __crt_on_exit = CRT_ON_EXIT
   444                          
   445                                ELSE
   446                          
   447                                   IFDEF TAR__crt_on_exit
   448                          
   449                                      defc __crt_on_exit = TAR__crt_on_exit
   450                          
   451                                   ELSE
   452                          
   453                                      defc __crt_on_exit = DEF__crt_on_exit
   454                          
   455                                   ENDIF
   456                          
   457                                ENDIF
   458                          
   459                             ENDIF
   460                          
   461                          
   462                             IFDEF CLIB_EXIT_STACK_SIZE
   463                          
   464                                defc __clib_exit_stack_size = CLIB_EXIT_STACK_SIZE
   465                          
   466                             ELSE
   467                          
   468                                IFDEF TAR__clib_exit_stack_size
   469                          
   470                                   defc __clib_exit_stack_size = TAR__clib_exit_stack_size
   471                          
   472                                ELSE
   473                          
   474                                   defc __clib_exit_stack_size = DEF__clib_exit_stack_size
   475                          
   476                                ENDIF
   477                          
   478                             ENDIF
   479                          
   480                          
   481                             IFDEF CLIB_QUICKEXIT_STACK_SIZE
   482                          
   483                                defc __clib_quickexit_stack_size = CLIB_QUICKEXIT_STACK_SIZE
   484                          
   485                             ELSE
   486                          
   487                                IFDEF TAR__clib_quickexit_stack_size
   488                          
   489                                   defc __clib_quickexit_stack_size = TAR__clib_quickexit_stack_size
   490                          
   491                                ELSE
   492                          
   493                                   defc __clib_quickexit_stack_size = DEF__clib_quickexit_stack_size
   494                          
   495                                ENDIF
   496                          
   497                             ENDIF
   498                          
   499                          
   500                             IFDEF CLIB_MALLOC_HEAP_SIZE
   501                          
   502                                defc __clib_malloc_heap_size = CLIB_MALLOC_HEAP_SIZE
   503                          
   504                             ELSE
   505                          
   506                                IFDEF TAR__clib_malloc_heap_size
   507                          
   508                                   defc __clib_malloc_heap_size = TAR__clib_malloc_heap_size
   509                          
   510                                ELSE
   511                          
   512                                   defc __clib_malloc_heap_size = DEF__clib_malloc_heap_size
   513                          
   514                                ENDIF
   515                          
   516                             ENDIF
   517                          
   518                          
   519                             IFDEF CLIB_STDIO_HEAP_SIZE
   520                          
   521                                defc __clib_stdio_heap_size = CLIB_STDIO_HEAP_SIZE
   522                          
   523                             ELSE
   524                          
   525                                IFDEF TAR__clib_stdio_heap_size
   526                          
   527                                   defc __clib_stdio_heap_size = TAR__clib_stdio_heap_size
   528                          
   529                                ELSE
   530                          
   531                                   defc __clib_stdio_heap_size = DEF__clib_stdio_heap_size
   532                          
   533                                ENDIF
   534                          
   535                             ENDIF
   536                          
   537                          
   538                             IFDEF CLIB_BALLOC_TABLE_SIZE
   539                          
   540                                defc __clib_balloc_table_size = CLIB_BALLOC_TABLE_SIZE
   541                          
   542                             ELSE
   543                          
   544                                IFDEF TAR__clib_balloc_table_size
   545                          
   546                                   defc __clib_balloc_table_size = TAR__clib_balloc_table_size
   547                          
   548                                ELSE
   549                          
   550                                   defc __clib_balloc_table_size = DEF__clib_balloc_table_size
   551                          
   552                                ENDIF
   553                          
   554                             ENDIF
   555                          
   556                          
   557                             IFDEF CLIB_FOPEN_MAX
   558                          
   559                                defc __clib_fopen_max = CLIB_FOPEN_MAX
   560                          
   561                             ELSE
   562                          
   563                                IFDEF TAR__clib_fopen_max
   564                          
   565                                   defc __clib_fopen_max = TAR__clib_fopen_max
   566                          
   567                                ELSE
   568                          
   569                                   defc __clib_fopen_max = DEF__clib_fopen_max
   570                          
   571                                ENDIF
   572                          
   573                             ENDIF
   574                          
   575                          
   576                             IFDEF CLIB_OPEN_MAX
   577                          
   578                                defc __clib_open_max = CLIB_OPEN_MAX
   579                          
   580                             ELSE
   581                          
   582                                IFDEF TAR__clib_open_max
   583                          
   584                                   defc __clib_open_max = TAR__clib_open_max
   585                          
   586                                ELSE
   587                          
   588                                   defc __clib_open_max = DEF__clib_open_max
   589                          
   590                                ENDIF
   591                          
   592                             ENDIF
   593                          
   594                          
   595                             IFDEF CRT_ENABLE_RST
   596                          
   597                                defc __crt_enable_rst = CRT_ENABLE_RST
   598                          
   599                             ELSE
   600                          
   601                                IFDEF TAR__crt_enable_rst
   602                          
   603                                   defc __crt_enable_rst = TAR__crt_enable_rst
   604                          
   605                                ELSE
   606                          
   607                                   defc __crt_enable_rst = DEF__crt_enable_rst
   608                          
   609                                ENDIF
   610                          
   611                             ENDIF
   612                          
   613                          
   614                             IFDEF CRT_ENABLE_NMI
   615                          
   616                                defc __crt_enable_nmi = CRT_ENABLE_NMI
   617                          
   618                             ELSE
   619                          
   620                                IFDEF TAR__crt_enable_nmi
   621                          
   622                                   defc __crt_enable_nmi = TAR__crt_enable_nmi
   623                          
   624                                ELSE
   625                          
   626                                   defc __crt_enable_nmi = DEF__crt_enable_nmi
   627                          
   628                                ENDIF
   629                          
   630                             ENDIF
   631                          
   632                          
   633                             IFDEF CRT_ENABLE_TRAP
   634                          
   635                                defc __crt_enable_trap = CRT_ENABLE_TRAP
   636                          
   637                             ELSE
   638                          
   639                                IFDEF TAR__crt_enable_trap
   640                          
   641                                   defc __crt_enable_trap = TAR__crt_enable_trap
   642                          
   643                                ELSE
   644                          
   645                                   defc __crt_enable_trap = DEF__crt_enable_trap
   646                          
   647                                ENDIF
   648                          
   649                             ENDIF
   650                          
   651                          IF __8085
   652                          
   653                             IFDEF CRT_ENABLE_INT55
   654                          
   655                                defc __crt_enable_int55 = CRT_ENABLE_INT55
   656                          
   657                             ELSE
   658                          
   659                                IFDEF TAR__crt_enable_int55
   660                          
   661                                   defc __crt_enable_int55 = TAR__crt_enable_int55
   662                          
   663                                ELSE
   664                          
   665                                   defc __crt_enable_int55 = DEF__crt_enable_int55
   666                          
   667                                ENDIF
   668                          
   669                             ENDIF
   670                          
   671                          
   672                             IFDEF CRT_ENABLE_INT65
   673                          
   674                                defc __crt_enable_int65 = CRT_ENABLE_INT65
   675                          
   676                             ELSE
   677                          
   678                                IFDEF TAR__crt_enable_int65
   679                          
   680                                   defc __crt_enable_int65 = TAR__crt_enable_int65
   681                          
   682                                ELSE
   683                          
   684                                   defc __crt_enable_int65 = DEF__crt_enable_int65
   685                          
   686                                ENDIF
   687                          
   688                             ENDIF
   689                          
   690                          
   691                             IFDEF CRT_ENABLE_INT65
   692                          
   693                                defc __crt_enable_int75 = CRT_ENABLE_INT65
   694                          
   695                             ELSE
   696                          
   697                                IFDEF TAR__crt_enable_int75
   698                          
   699                                   defc __crt_enable_int75 = TAR__crt_enable_int75
   700                          
   701                                ELSE
   702                          
   703                                   defc __crt_enable_int75 = DEF__crt_enable_int75
   704                          
   705                                ENDIF
   706                          
   707                             ENDIF
   708                          
   709                          
   710                             IFDEF CRT_ENABLE_RST40H
   711                          
   712                                defc __crt_enable_rst40h = CRT_ENABLE_RST40H
   713                          
   714                             ELSE
   715                          
   716                                IFDEF TAR__crt_enable_rst40h
   717                          
   718                                   defc __crt_enable_rst40h = TAR__crt_enable_rst40h
   719                          
   720                                ELSE
   721                          
   722                                   defc __crt_enable_rst40h = DEF__crt_enable_rst40h
   723                          
   724                                ENDIF
   725                          
   726                             ENDIF
   727                          
   728                          ENDIF
   729                          
   730                             ;; rules that must be processed by m4
   731                          
   732                          
   733                          
   734                             IFNDEF __crt_include_driver_instantiation
   735                                defc __crt_include_driver_instantiation = 0
   736                             ENDIF
   737                          
   738                             ;; public definitions
   739                          
   740                             PUBLIC __clib_fopen_max
   741                             PUBLIC __clib_open_max
   742                          
   743                             PUBLIC __exit_stack_size
   744                             PUBLIC __quickexit_stack_size
   745                          
   746                             defc __exit_stack_size = __clib_exit_stack_size
   747                             defc __quickexit_stack_size = __clib_quickexit_stack_size
   748                          
   749                             IF __Z180
   750                          
   751                                PUBLIC __IO_VECTOR_BASE
   752                          
   753                                IF __crt_io_vector_base < 0
   754                          
   755                                   IF (__crt_org_vector_table < 0)
   756                          
   757                                      IF (-__crt_org_vector_table) & 0x1f
   758                          
   759                                         "Cannot place __IO_VECTOR_BASE at start of interrupt vector table"
   760                          
   761                                      ELSE
   762                          
   763                                         defc __IO_VECTOR_BASE = (-__crt_org_vector_table) & 0xe0
   764                          
   765                                      ENDIF
   766                          
   767                                   ELSE
   768                          
   769                                      IF __crt_org_vector_table & 0x1f
   770                          
   771                                         "Cannot place __IO_VECTOR_BASE at start of interrupt vector table"
   772                          
   773                                      ELSE
   774                          
   775                                         defc __IO_VECTOR_BASE = __crt_org_vector_table & 0xe0
   776                          
   777                                      ENDIF
   778                          
   779                                   ENDIF
   780                          
   781                                ELSE
   782                          
   783                                   IF __crt_io_vector_base & 0x1f
   784                          
   785                                      "Illegal __IO_VECTOR_BASE"
   786                          
   787                                   ELSE
   788                          
   789                                      defc __IO_VECTOR_BASE = __crt_io_vector_base & 0xe0
   790                          
   791                                   ENDIF
   792                          
   793                                ENDIF
   794                          
   795                             ENDIF
   796                          
   797                          ;; end crt rules ;;;;;;;;;;;;;;;;;;;;;;;;;;;;;;;;;;;;;;;;;;;;;;
   798                          
   799                          
   800                          
   801                          ;;;;;;;;;;;;;;;;;;;;;;;;;;;;;;;;;;;;;;;;;;;;;;;;;;;;;;;;;;;;;;;
   802                          ;; SET UP MEMORY MAP ;;;;;;;;;;;;;;;;;;;;;;;;;;;;;;;;;;;;;;;;;;
   803                          ;;;;;;;;;;;;;;;;;;;;;;;;;;;;;;;;;;;;;;;;;;;;;;;;;;;;;;;;;;;;;;;
   804                          
   805                          
   806                          ;;;;;;;;;;;;;;;;;;;;;;;;;;;;;;;;;;;;;;;;;;;;;;;;;;;;;;;;;;;;;;;
   807                          ;; memory map ;;;;;;;;;;;;;;;;;;;;;;;;;;;;;;;;;;;;;;;;;;;;;;;;;
   808                          ;;;;;;;;;;;;;;;;;;;;;;;;;;;;;;;;;;;;;;;;;;;;;;;;;;;;;;;;;;;;;;;
   809                          
   810                          IF __MMAP = -1
   811                          
   812                             ;;;;;;;;;;;;;;;;;;;;;;;;;;;;;;;;;;;;;;;;;;;;;;;;;;;;;;;;;;;;
   813                             ;; user supplied memory map ;;;;;;;;;;;;;;;;;;;;;;;;;;;;;;;;
   814                             ;;;;;;;;;;;;;;;;;;;;;;;;;;;;;;;;;;;;;;;;;;;;;;;;;;;;;;;;;;;;
   815                          
   816                          
   817                          
   818                             SECTION UNASSIGNED
   819                             org 0
   820                          
   821                          ENDIF
   822                          
   823                          IF __MMAP = 0
   824                          
   825                             ;;;;;;;;;;;;;;;;;;;;;;;;;;;;;;;;;;;;;;;;;;;;;;;;;;;;;;;;;;;;
   826                             ;; standard CODE/DATA/BSS memory map ;;;;;;;;;;;;;;;;;;;;;;;
   827                             ;;;;;;;;;;;;;;;;;;;;;;;;;;;;;;;;;;;;;;;;;;;;;;;;;;;;;;;;;;;;
   828                          
   829                             INCLUDE "../crt_memory_model_z80.inc"
/home/derek/z88dk/lib/config/../../libsrc/_DEVELOPMENT/target/z80/../crt_memory_model_z80.inc:
     1                          
     2                          ;;;;;;;;;;;;;;;;;;;;;;;;;;;;;;;;;;;;;;;;;;;;;;;;;;;;;;;;;;;;;;;
     3                          ;; memory model ;;;;;;;;;;;;;;;;;;;;;;;;;;;;;;;;;;;;;;;;;;;;;;;
     4                          ;;;;;;;;;;;;;;;;;;;;;;;;;;;;;;;;;;;;;;;;;;;;;;;;;;;;;;;;;;;;;;;
     5                          
     6                          ;;;;;;;;;;;;;;;;;;;;;;;;;;;;;;;;;;;;;;;;;;;;;;;;;;;;;;;;;;;;;;;
     7                          
     8                          SECTION CODE
     9                          
    10                          org __crt_org_code
    11                          
    12                          IF (__crt_org_vector_table = -0x80) || (__crt_org_vector_table = -0x100)
    13                          
    14                          section code_crt_interrupt_vector_table
    15                          section code_crt_start
    16                          
    17                          ENDIF
    18                          
    19                          section code_crt_init
    20                          section code_crt_init_exit
    21                          section code_crt_main
    22                          section code_crt_exit
    23                          section code_crt_exit_exit
    24                          section code_crt_return
    25                          section code_crt_common
    26                          
    27                          IF (__crt_org_vector_table) && (__crt_org_vector_table != -0x80) && (__crt_org_vector_table != -0x100)
    28                          
    29                          section code_crt_interrupt_vector_table
    30                          
    31                          ENDIF
    32                          
    33                          section code_driver
    34                          section code_font
    35                          section code_clib
    36                            include "../../clib_code.inc"
/home/derek/z88dk/lib/config/../../libsrc/_DEVELOPMENT/target/z80/../../clib_code.inc:
     1                          
     2                          ;; clib code segments ;;;;;;;;;
     3                          
     4                          section code_adt_b_array
     5                          section code_adt_b_vector
     6                          section code_adt_ba_priority_queue
     7                          section code_adt_ba_stack
     8                          section code_adt_bv_priority_queue
     9                          section code_adt_bv_stack
    10                          section code_adt_p_forward_list
    11                          section code_adt_p_forward_list_alt
    12                          section code_adt_p_list
    13                          section code_adt_p_queue
    14                          section code_adt_p_stack
    15                          section code_adt_w_array
    16                          section code_adt_w_vector
    17                          section code_adt_wa_priority_queue
    18                          section code_adt_wa_stack
    19                          section code_adt_wv_priority_queue
    20                          section code_adt_wv_stack
    21                          section code_alloc_balloc
    22                          section code_alloc_malloc
    23                          section code_alloc_obstack
    24                          section code_arch
    25                          section code_bifrost_h
    26                          section code_bifrost_l
    27                          section code_bifrost2
    28                          section code_compress_aplib
    29                          section code_compress_zx7
    30                          section code_compress_zx0
    31                          section code_compress_zx1
    32                          section code_compress_zx2
    33                          section code_ctype
    34                          section code_driver_general
    35                          section code_driver_character_input
    36                          section code_driver_character_output
    37                          section code_driver_memstream
    38                          section code_driver_terminal_input
    39                          section code_driver_terminal_output
    40                          section code_driver_tty
    41                          section code_env
    42                          section code_error
    43                          section code_esxdos
    44                          section code_fcntl
    45                          section code_font_fzx
    46                          section code_fp_am9511
    47                          section code_fp_math48
    48                          section code_fp_math32
    49                          section code_fp_math16
    50                          section code_fp_mbf32
    51                          section code_im2
    52                          section code_input
    53                          section code_inttypes
    54                          section code_l
    55                          section code_l_sccz80
    56                          section code_l_sdcc
    57                          section code_l_clang
    58                          section code_locale
    59                          section code_math
    60                          section code_network
    61                          section code_nirvanam
    62                          section code_nirvanap
    63                          section code_PSGlib
    64                          section code_setjmp
    65                          section code_SMSlib
    66                          section code_sound_bit
    67                          section code_sound_ay
    68                          section code_stdio
    69                          section code_stdlib
    70                          section code_string
    71                          section code_temp_sp1
    72                          section code_threads
    73                          section code_threads_mutex
    74                          section code_time
    75                          section code_z180
    76                          section code_z80
    77                          
    78                          ;;;;;;;;;;;;;;;;;;;;;;;;;;;;;;;
    79                          
/home/derek/z88dk/lib/config/../../libsrc/_DEVELOPMENT/target/z80/../crt_memory_model_z80.inc:
    37                          section code_lib
    38                          section code_compiler
    39                          section code_user
    40                          
    41                          section rodata_align_256
    42                          align 256
    43                          
    44                          section rodata_align_128
    45                          align 128
    46                          
    47                          section rodata_align_64
    48                          align 64
    49                          
    50                          section rodata_align_32
    51                          align 32
    52                          
    53                          section rodata_align_16
    54                          align 16
    55                          
    56                          section rodata_align_8
    57                          align 8
    58                          
    59                          section rodata_align_4
    60                          align 4
    61                          
    62                          section rodata_align_2
    63                          align 2
    64                          
    65                          section rodata_driver
    66                          section rodata_font
    67                          section rodata_clib
    68                            include "../../clib_rodata.inc"
/home/derek/z88dk/lib/config/../../libsrc/_DEVELOPMENT/target/z80/../../clib_rodata.inc:
     1                          
     2                          ;; clib rodata segments ;;;;;;;
     3                          
     4                          section rodata_align_256
     5                          section rodata_align_128
     6                          section rodata_align_64
     7                          section rodata_align_32
     8                          section rodata_align_16
     9                          section rodata_align_8
    10                          section rodata_align_4
    11                          section rodata_align_2
    12                          section rodata_arch
    13                          section rodata_env
    14                          section rodata_error_strings
    15                          section rodata_error_string_end
    16  0000  00                defb 0
    17                          section rodata_fcntl
    18                          section rodata_font_4x8
    19                          section rodata_font_8x8
    20                          section rodata_font_fzx
    21                          section rodata_fp_am9511
    22                          section rodata_fp_math48
    23                          section rodata_fp_math32
    24                          section rodata_fp_math16
    25                          section rodata_fp_mbf32
    26                          section rodata_input
    27                          section rodata_SMSlib
    28                          section rodata_sound_ay
    29                          section rodata_sound_bit
    30                          section rodata_stdio
    31                          section rodata_stdlib
    32                          
    33                          ;;;;;;;;;;;;;;;;;;;;;;;;;;;;;;;
    34                          
/home/derek/z88dk/lib/config/../../libsrc/_DEVELOPMENT/target/z80/../crt_memory_model_z80.inc:
    69                            ;;section rodata_error_strings
    70                            ;;section rodata_error_string_end
    71                            ;;defb 0
    72                          section rodata_lib
    73                          section rodata_compiler
    74                          section rodata_user
    75                          
    76                          SECTION CODE_END
    77                          
    78                          ;;;;;;;;;;;;;;;;;;;;;;;;;;;;;;;;;;;;;;;;;;;;;;;;;;;;;;;;;;;;;;;
    79                          
    80                          SECTION DATA
    81                          
    82                          IF __crt_org_data
    83                          
    84                             org __crt_org_data
    85                          
    86                          ELSE
    87                          
    88                             IF __crt_model
    89                          
    90                                "DATA section address must be specified for rom models"
    91                          
    92                             ENDIF
    93                          
    94                          ENDIF
    95                          
    96                          section data_align_256
    97                          align 256
    98                          
    99                          section data_align_128
   100                          align 128
   101                          
   102                          section data_align_64
   103                          align 64
   104                          
   105                          section data_align_32
   106                          align 32
   107                          
   108                          section data_align_16
   109                          align 16
   110                          
   111                          section data_align_8
   112                          align 8
   113                          
   114                          section data_align_4
   115                          align 4
   116                          
   117                          section data_align_2
   118                          align 2
   119                          
   120                          section smc_jump_vectors
   121                          section smc_driver
   122                          section smc_font
   123                          section smc_clib
   124                            include "../../clib_smc.inc"
/home/derek/z88dk/lib/config/../../libsrc/_DEVELOPMENT/target/z80/../../clib_smc.inc:
     1                          
     2                          ;; clib self-modifying code ;;;
     3                          
     4                          section smc_fcntl
     5                          section smc_l
     6                          section smc_sound_bit
     7                          section smc_sound_ay
     8                          section smc_compress
     9                          
    10                          ;;;;;;;;;;;;;;;;;;;;;;;;;;;;;;;
    11                          
/home/derek/z88dk/lib/config/../../libsrc/_DEVELOPMENT/target/z80/../crt_memory_model_z80.inc:
   125                          section smc_lib
   126                          section smc_compiler
   127                          section smc_user
   128                          
   129                          section data_crt
   130                          section data_driver
   131                          section data_font
   132                          section data_clib
   133                            include "../../clib_data.inc"
/home/derek/z88dk/lib/config/../../libsrc/_DEVELOPMENT/target/z80/../../clib_data.inc:
     1                          
     2                          ;; clib data segments ;;;;;;;;;
     3                          
     4                          section data_alloc_balloc
     5                          section data_alloc_malloc
     6                          section data_arch
     7                          section data_fcntl
     8                          section data_fcntl_stdio_heap_head
     9                          section data_fcntl_stdio_heap_body
    10                          section data_fcntl_stdio_heap_tail
    11                          section data_fcntl_fdtable_body
    12                          section data_fp_mbf32
    13                          section data_PSGlib
    14                          section data_SMSlib
    15                          section data_sound_bit
    16                          section data_sound_ay
    17                          section data_stdio
    18                          section data_stdlib
    19                          section data_threads
    20                          
    21                          ;;;;;;;;;;;;;;;;;;;;;;;;;;;;;;;
    22                          
/home/derek/z88dk/lib/config/../../libsrc/_DEVELOPMENT/target/z80/../crt_memory_model_z80.inc:
   134                            ;;section data_fcntl_stdio_heap_head
   135                            ;;section data_fcntl_stdio_heap_body
   136                            ;;section data_fcntl_stdio_heap_tail
   137                            ;;section data_fcntl_fdtable_body
   138                          section data_lib
   139                          section data_compiler
   140                          section data_user
   141                          
   142                          SECTION DATA_END
   143                          
   144                          ;;;;;;;;;;;;;;;;;;;;;;;;;;;;;;;;;;;;;;;;;;;;;;;;;;;;;;;;;;;;;;;
   145                          
   146                          SECTION BSS
   147                          
   148                          IF __crt_org_bss
   149                          
   150                             org __crt_org_bss
   151                          
   152                          ELSE
   153                          
   154                             IF __crt_model
   155                          
   156                                org -1
   157                          
   158                             ENDIF
   159                          
   160                          ENDIF
   161                          
   162                          section bss_align_256
   163                          align 256
   164                          
   165                          section bss_align_128
   166                          align 128
   167                          
   168                          section bss_align_64
   169                          align 64
   170                          
   171                          section bss_align_32
   172                          align 32
   173                          
   174                          section bss_align_16
   175                          align 16
   176                          
   177                          section bss_align_8
   178                          align 8
   179                          
   180                          section bss_align_4
   181                          align 4
   182                          
   183                          section bss_align_2
   184                          align 2
   185                          
   186                          section bss_crt
   187                          section bss_driver
   188                          section bss_font
   189                          section bss_clib
   190                            include "../../clib_bss.inc"
/home/derek/z88dk/lib/config/../../libsrc/_DEVELOPMENT/target/z80/../../clib_bss.inc:
     1                          
     2                          ;; clib bss segments ;;;;;;;;;;
     3                          
     4                          section bss_arch
     5                          section bss_alloc_balloc
     6                          section bss_alloc_malloc
     7                          section bss_compress_aplib
     8                          section bss_error
     9                          section bss_env
    10                          section bss_esxdos
    11                          section bss_fcntl
    12                          section bss_fp_am9511
    13                          section bss_fp_math48
    14                          section bss_fp_math32
    15                          section bss_fp_math16
    16                          section bss_fp_mbf32
    17                          section bss_input
    18                          section bss_PSGlib
    19                          section bss_SMSlib
    20                          section bss_sound_bit
    21                          section bss_sound_ay
    22                          section bss_stdio
    23                          section bss_stdlib
    24                          section bss_string
    25                          
    26                          ;;;;;;;;;;;;;;;;;;;;;;;;;;;;;;;
    27                          
/home/derek/z88dk/lib/config/../../libsrc/_DEVELOPMENT/target/z80/../crt_memory_model_z80.inc:
   191                          section bss_lib
   192                          section bss_compiler
   193                          section bss_user
   194                          
   195                          section BSS_UNINITIALIZED
   196                          SECTION BSS_END
   197                          
   198                          ;;;;;;;;;;;;;;;;;;;;;;;;;;;;;;;;;;;;;;;;;;;;;;;;;;;;;;;;;;;;;;;
   199                          
   200                          IF (__crt_org_vector_table = 0)
   201                          
   202                          section code_crt_interrupt_vector_table
   203                          org 0
   204                          
   205                          ENDIF
   206                          
   207                          ;;;;;;;;;;;;;;;;;;;;;;;;;;;;;;;;;;;;;;;;;;;;;;;;;;;;;;;;;;;;;;;
   208                          
/home/derek/z88dk/lib/config/../..//libsrc/_DEVELOPMENT/target/z80/z80_crt.asm.m4:
   830                          
   831                          
   832                          
   833                             SECTION UNASSIGNED
   834                             org 0
   835                          
   836                             ;;;;;;;;;;;;;;;;;;;;;;;;;;;;;;;;;;;;;;;;;;;;;;;;;;;;;;;;;;;;
   837                          
   838                          ENDIF
   839                          
   840                          ;; end memory model ;;;;;;;;;;;;;;;;;;;;;;;;;;;;;;;;;;;;;;;;;;;
   841                          
   842                          
   843                          ;;;;;;;;;;;;;;;;;;;;;;;;;;;;;;;;;;;;;;;;;;;;;;;;;;;;;;;;;;;;;;;
   844                          ;; INSTANTIATE DRIVERS ;;;;;;;;;;;;;;;;;;;;;;;;;;;;;;;;;;;;;;;;
   845                          ;;;;;;;;;;;;;;;;;;;;;;;;;;;;;;;;;;;;;;;;;;;;;;;;;;;;;;;;;;;;;;;
   846                          
   847                          ; The embedded target has no device drivers so it cannot
   848                          ; instantiate FILEs.
   849                          
   850                          ; It can use sprint/sscanf + family and it can create
   851                          ; memstreams in the default configuration.
   852                          
   853                          
   854                          ; When FILEs and FDSTRUCTs are instantiated labels are assigned
   855                          ; to point at created structures.
   856                          ;
   857                          ; The label formats are:
   858                          ;
   859                          ; __i_stdio_file_n     = address of static FILE structure #n (0..__I_STDIO_NUM_FILE-1)
   860                          ; __i_fcntl_fdstruct_n = address of static FDSTRUCT #n (0..__I_FCNTL_NUM_FD-1)
   861                          ; __i_fcntl_heap_n     = address of allocation #n on heap (0..__I_FCNTL_NUM_HEAP-1)
   862                          
   863                          
   864                          
   865                          
   866                          
   867                          
   868                             ;;;;;;;;;;;;;;;;;;;;;;;;;;;;;;;;;;;;;;;;;;;;;;;;;;;;;;;;;;;;
   869                             ;; create open and closed FILE lists
   870                             ;;;;;;;;;;;;;;;;;;;;;;;;;;;;;;;;;;;;;;;;;;;;;;;;;;;;;;;;;;;;
   871                          
   872                             ; __clib_fopen_max   = max number of open FILEs specified by user
   873                             ; 0 = number of static FILEs instantiated in crt
   874                             ; __i_stdio_file_n   = address of static FILE structure #n (0..I_STDIO_FILE_NUM-1)
   875                          
   876                          	PUBLIC __MAX_FOPEN
   877                          
   878                             SECTION data_clib
   879                             SECTION data_stdio
   880                          
   881                             IF (__clib_fopen_max > 0) || (0 > 0)
   882                          
   883                                ; number of FILEs > 0
   884                          
   885                                ; construct list of open files
   886                          
   887                                IF 0 > 0
   888                          
   889                                   ; number of FILEs statically generated > 0
   890                          
   891                                   SECTION data_clib
   892                                   SECTION data_stdio
   893                          
   894                                   PUBLIC __stdio_open_file_list
   895                          
   896                                   __stdio_open_file_list:  defw __i_stdio_file_-1
   897                          
   898                                ELSE
   899                          
   900                                   ; number of FILEs statically generated = 0
   901                          
   902                                   SECTION bss_clib
   903                                   SECTION bss_stdio
   904                          
   905                                   PUBLIC __stdio_open_file_list
   906                          
   907                                   __stdio_open_file_list:  defw 0
   908                          
   909                                ENDIF
   910                          
   911                                ; construct list of closed / available FILEs
   912                          
   913                                SECTION data_clib
   914                                SECTION data_stdio
   915                          
   916                                PUBLIC __stdio_closed_file_list
   917                          
   918                                __stdio_closed_file_list:   defw 0, __stdio_closed_file_list
   919                          
   920                                IF __clib_fopen_max > 0
   921                          
   922                                   defc __MAX_FOPEN = __clib_fopen_max
   923                          
   924                                   ; create extra FILE structures
   925                          
   926                                   SECTION bss_clib
   927                                   SECTION bss_stdio
   928                          
   929                                   __stdio_file_extra:      defs (__clib_fopen_max - 0) * 15
   930                          
   931                                   SECTION code_crt_init
   932                          
   933                                      ld bc,__stdio_closed_file_list
   934                                      ld de,__stdio_file_extra
   935                                      ld l,__clib_fopen_max - 0
   936                          
   937                                   loop:
   938                          
   939                                      push hl
   940                          
   941                                      EXTERN asm_p_forward_list_alt_push_front
   942                                      call asm_p_forward_list_alt_push_front
   943                          
   944                                      ld de,15
   945                                      add hl,de
   946                                      ex de,hl
   947                          
   948                                      pop hl
   949                          
   950                                      dec l
   951                                      jr nz, loop
   952                          
   953                                ELSE
   954                          
   955                                   defc __MAX_FOPEN = 0
   956                          
   957                                ENDIF
   958                          
   959                             ENDIF
   960                          
   961                             IF (__clib_fopen_max = 0) && (0 = 0)
   962                          
   963                                defc __MAX_FOPEN = 0
   964                          
   965                                ; create empty file lists
   966                          
   967                                SECTION bss_clib
   968                                SECTION bss_stdio
   969                          
   970                                PUBLIC __stdio_open_file_list
   971  0000  0000                    __stdio_open_file_list:  defw 0
   972                          
   973                                SECTION data_clib
   974                                SECTION data_stdio
   975                          
   976                                PUBLIC __stdio_closed_file_list
   977  0000  00000000                __stdio_closed_file_list:   defw 0, __stdio_closed_file_list
   978                          
   979                             ENDIF
   980                          
   981                             IF (__clib_fopen_max < 0) && (0 = 0)
   982                          
   983                                defc __MAX_FOPEN = 0
   984                          
   985                             ENDIF
   986                          
   987                             ;;;;;;;;;;;;;;;;;;;;;;;;;;;;;;;;;;;;;;;;;;;;;;;;;;;;;;;;;;;;
   988                             ;; create fd table
   989                             ;;;;;;;;;;;;;;;;;;;;;;;;;;;;;;;;;;;;;;;;;;;;;;;;;;;;;;;;;;;;
   990                          
   991                             ; __clib_open_max  = max number of open fds specified by user
   992                             ; 0 = number of static file descriptors created
   993                          
   994                             PUBLIC __fcntl_fdtbl
   995                             PUBLIC __fcntl_fdtbl_size
   996                          
   997                             IF 0 > 0
   998                          
   999                                ; create rest of fd table in data segment
  1000                          
  1001                                SECTION data_fcntl_fdtable_body
  1002                          
  1003                                EXTERN __data_fcntl_fdtable_body_head
  1004                          
  1005                                defc __fcntl_fdtbl = __data_fcntl_fdtable_body_head
  1006                          
  1007                                IF __clib_open_max > 0
  1008                          
  1009                                   SECTION data_fcntl_fdtable_body
  1010                          
  1011                                   defs (__clib_open_max - 0) * 2
  1012                                   defc __fcntl_fdtbl_size = __clib_open_max
  1013                          
  1014                                ELSE
  1015                          
  1016                                   defc __fcntl_fdtbl_size = 0
  1017                          
  1018                                ENDIF
  1019                          
  1020                             ELSE
  1021                          
  1022                                IF __clib_open_max > 0
  1023                          
  1024                                   ; create fd table in bss segment
  1025                          
  1026                                   SECTION bss_clib
  1027                                   SECTION bss_fcntl
  1028                          
  1029                                   __fcntl_fdtbl:        defs __clib_open_max * 2
  1030                          
  1031                                ELSE
  1032                          
  1033                                   ; no fd table at all
  1034                          
  1035                                   defc __fcntl_fdtbl = 0
  1036                          
  1037                                ENDIF
  1038                          
  1039                                defc __fcntl_fdtbl_size = __clib_open_max
  1040                          
  1041                             ENDIF
  1042                          
  1043                          	PUBLIC __MAX_OPEN
  1044                          	defc   __MAX_OPEN = __fcntl_fdtbl_size
  1045                          
  1046                             ;;;;;;;;;;;;;;;;;;;;;;;;;;;;;;;;;;;;;;;;;;;;;;;;;;;;;;;;;;;;
  1047                             ;; finalize stdio heap
  1048                             ;;;;;;;;;;;;;;;;;;;;;;;;;;;;;;;;;;;;;;;;;;;;;;;;;;;;;;;;;;;;
  1049                          
  1050                             ; __clib_stdio_heap_size  = desired stdio heap size in bytes
  1051                             ; 0  = byte size of static FDSTRUCTs
  1052                             ; 0   = number of heap allocations
  1053                             ; __i_fcntl_heap_n     = address of allocation #n on heap (0..__I_FCNTL_NUM_HEAP-1)
  1054                          
  1055                             IF 0 > 0
  1056                          
  1057                                ; static FDSTRUCTs have been allocated in the heap
  1058                          
  1059                                SECTION data_clib
  1060                                SECTION data_fcntl
  1061                          
  1062                                PUBLIC __stdio_heap
  1063                          
  1064                                __stdio_heap:            defw __stdio_block
  1065                          
  1066                                SECTION data_fcntl_stdio_heap_head
  1067                          
  1068                                __stdio_block:
  1069                          
  1070                                   defb 0                ; no owner
  1071                                   defb 0x01             ; mtx_plain
  1072                                   defb 0                ; number of lock acquisitions
  1073                                   defb 0xfe             ; spinlock (unlocked)
  1074                                   defw 0                ; list of threads blocked on mutex
  1075                          
  1076                                IF __clib_stdio_heap_size > (0 + 14)
  1077                          
  1078                                   ; expand stdio heap to desired size
  1079                          
  1080                                   SECTION data_fcntl_stdio_heap_body
  1081                          
  1082                                   __i_fcntl_heap_0:
  1083                          
  1084                                      defw __i_fcntl_heap_1
  1085                                      defw 0
  1086                                      defw __i_fcntl_heap_-1
  1087                                      defs __clib_stdio_heap_size - 0 - 14
  1088                          
  1089                                   ; terminate stdio heap
  1090                          
  1091                                   SECTION data_fcntl_stdio_heap_tail
  1092                          
  1093                                   __i_fcntl_heap_1:   defw 0
  1094                          
  1095                                ELSE
  1096                          
  1097                                   ; terminate stdio heap
  1098                          
  1099                                   SECTION data_fcntl_stdio_heap_tail
  1100                          
  1101                                   __i_fcntl_heap_0:   defw 0
  1102                          
  1103                                ENDIF
  1104                          
  1105                             ELSE
  1106                          
  1107                                ; no FDSTRUCTs statically created
  1108                          
  1109                                IF __clib_stdio_heap_size > 14
  1110                          
  1111                                   SECTION data_clib
  1112                                   SECTION data_fcntl
  1113                          
  1114                                   PUBLIC __stdio_heap
  1115                          
  1116  0000  0000                       __stdio_heap:         defw __stdio_block
  1117                          
  1118                                   SECTION bss_clib
  1119                                   SECTION bss_fcntl
  1120                          
  1121                                   PUBLIC __stdio_block
  1122                          
  1123  0000  0000000000000000           __stdio_block:         defs __clib_stdio_heap_size
              0000000000000000  
              0000000000000000  
              0000000000000000  
              0000000000000000  
              0000000000000000  
              0000000000000000  
              0000000000000000  
              0000000000000000  
              0000000000000000  
              0000000000000000  
              0000000000000000  
              0000000000000000  
              0000000000000000  
              0000000000000000  
              0000000000000000  
  1124                          
  1125                                   SECTION code_crt_init
  1126                          
  1127  0000  210000                     ld hl,__stdio_block
  1128  0003  010000                     ld bc,__clib_stdio_heap_size
  1129                          
  1130                                   EXTERN asm_heap_init
  1131  0006  cd0000                     call asm_heap_init
  1132                          
  1133                                ENDIF
  1134                          
  1135                             ENDIF
  1136                          
  1137                          
  1138                          ;;;;;;;;;;;;;;;;;;;;;;;;;;;;;;;;;;;;;;;;;;;;;;;;;;;;;;;;;;;;;;;
  1139                          ;; STARTUP ;;;;;;;;;;;;;;;;;;;;;;;;;;;;;;;;;;;;;;;;;;;;;;;;;;;;
  1140                          ;;;;;;;;;;;;;;;;;;;;;;;;;;;;;;;;;;;;;;;;;;;;;;;;;;;;;;;;;;;;;;;
  1141                          
  1142                          SECTION CODE
  1143                          
  1144                          PUBLIC __Start, __Exit
  1145                          
  1146                          EXTERN _main
  1147                          
  1148                          ;;;;;;;;;;;;;;;;;;;;;;;;;;;;;;;;;;;;;;;;;;;;;;;;;;;;;;;;;;;;;;;
  1149                          ;; USER PREAMBLE ;;;;;;;;;;;;;;;;;;;;;;;;;;;;;;;;;;;;;;;;;;;;;;
  1150                          ;;;;;;;;;;;;;;;;;;;;;;;;;;;;;;;;;;;;;;;;;;;;;;;;;;;;;;;;;;;;;;;
  1151                          
  1152                          IF __crt_include_preamble
  1153                          
  1154                             include "crt_preamble.asm"
  1155                             SECTION CODE
  1156                          
  1157                          ENDIF
  1158                          
  1159                          ;;;;;;;;;;;;;;;;;;;;;;;;;;;;;;;;;;;;;;;;;;;;;;;;;;;;;;;;;;;;;;;
  1160                          ;; PAGE ZERO ;;;;;;;;;;;;;;;;;;;;;;;;;;;;;;;;;;;;;;;;;;;;;;;;;;
  1161                          ;;;;;;;;;;;;;;;;;;;;;;;;;;;;;;;;;;;;;;;;;;;;;;;;;;;;;;;;;;;;;;;
  1162                          
  1163                          IF (ASMPC = 0) && (__crt_org_code = 0)
  1164                          
  1165                             include "../crt_page_zero_z80.inc"
/home/derek/z88dk/lib/config/../../libsrc/_DEVELOPMENT/target/z80/../crt_page_zero_z80.inc:
     1                          ; address = 0x0000
     2                          
     3  0000  f3                   di
     4  0001  ed56                 im 1
     5  0003  c30000               jp __Start
     6                          
     7                          ; address = 0x0008
     8                          
     9  0006  0000                 ALIGN 0x0008
    10                          
    11                          IF ((__crt_enable_rst & $0202) = $02)
    12                          
    13                             EXTERN _z80_rst_08h
    14  0008  000000               jp     _z80_rst_08h
    15                          
    16                          ELSE
    17                          
    18                             IF ((__crt_enable_rst & $0202) = $0202)
    19                          
    20                             jp     __z80_rst_08h
    21                          
    22                             ELSE
    23                          
    24                             jp     l_ret
    25                          
    26                             ENDIF
    27                          
    28                          ENDIF
    29                          
    30                          IF ((__crt_enable_rst & $0202) != $0202)
    31                          
    32                             PUBLIC _z80_rst_08h_vector
    33                             defc   _z80_rst_08h_vector = $09
    34                          
    35                          ENDIF
    36                          
    37  000b  5a3838444b           defm "Z88DK"
    38                          
    39                          ; address = 0x0010
    40                          
    41                             ALIGN 0x0010
    42                          
    43                          IF ((__crt_enable_rst & $0404) = $04)
    44                          
    45                             EXTERN _z80_rst_10h
    46  0010  c30000               jp     _z80_rst_10h
    47                          
    48                          ELSE
    49                          
    50                             IF ((__crt_enable_rst & $0404) = $0404)
    51                          
    52                             jp     __z80_rst_10h
    53                          
    54                             ELSE
    55                          
    56                             jp     l_ret
    57                          
    58                             ENDIF
    59                          
    60                          ENDIF
    61                          
    62                          IF ((__crt_enable_rst & $0404) != $0404)
    63                          
    64                             PUBLIC _z80_rst_10h_vector
    65                             defc   _z80_rst_10h_vector = $11
    66                          
    67                          ENDIF
    68                          
    69  0013  322e3330             defm "2.30"
    70                          
    71                          ; address = 0x0018
    72                          
    73  0017  00                   ALIGN 0x0018
    74                          
    75                          IF ((__crt_enable_rst & $0808) = $08)
    76                          
    77                             EXTERN _z80_rst_18h
    78  0018  c30000               jp     _z80_rst_18h
    79                          
    80                          ELSE
    81                          
    82                             IF ((__crt_enable_rst & $0808) = $0808)
    83                          
    84                             jp     __z80_rst_18h
    85                          
    86                             ELSE
    87                          
    88                             jp     l_ret
    89                          
    90                             ENDIF
    91                          
    92                          ENDIF
    93                          
    94                          IF ((__crt_enable_rst & $0808) != $0808)
    95                          
    96                             PUBLIC _z80_rst_18h_vector
    97                             defc   _z80_rst_18h_vector = $19
    98                          
    99                          ENDIF
   100                          
   101                             PUBLIC l_dec_de
   102                          
   103  001b  1b                   dec de
   104  001c  1b                   dec de
   105  001d  1b                   dec de
   106                          
   107                          l_dec_de:
   108                          
   109  001e  c9                   ret
   110                          
   111                          ; address = 0x0020
   112                          
   113  001f  00                   ALIGN 0x0020
   114                          
   115                          IF ((__crt_enable_rst & $1010) = $10)
   116                          
   117                             EXTERN _z80_rst_20h
   118                             jp     _z80_rst_20h
   119                          
   120                          ELSE
   121                          
   122                             IF ((__crt_enable_rst & $1010) = $1010)
   123                          
   124                             jp     __z80_rst_20h
   125                          
   126                             ELSE
   127                          
   128  0020  c30000               jp     l_ret
   129                          
   130                             ENDIF
   131                          
   132                          ENDIF
   133                          
   134                          IF ((__crt_enable_rst & $1010) != $1010)
   135                          
   136                             PUBLIC _z80_rst_20h_vector
   137                             defc   _z80_rst_20h_vector = $21
   138                          
   139                          ENDIF
   140                          
   141                             PUBLIC l_dec_bc
   142                          
   143  0023  0b                   dec bc
   144  0024  0b                   dec bc
   145  0025  0b                   dec bc
   146                          
   147                          l_dec_bc:
   148                          
   149  0026  c9                   ret
   150                          
   151                          ; address = 0x0028
   152                          
   153  0027  00                   ALIGN 0x0028
   154                          
   155                          IF ((__crt_enable_rst & $2020) = $20)
   156                          
   157                             EXTERN _z80_rst_28h
   158                             jp     _z80_rst_28h
   159                          
   160                          ELSE
   161                          
   162                             IF ((__crt_enable_rst & $2020) = $2020)
   163                          
   164                             jp     __z80_rst_28h
   165                          
   166                             ELSE
   167                          
   168  0028  c30000               jp     l_ret
   169                          
   170                             ENDIF
   171                          
   172                          ENDIF
   173                          
   174                          IF ((__crt_enable_rst & $2020) != $2020)
   175                          
   176                             PUBLIC _z80_rst_28h_vector
   177                             defc   _z80_rst_28h_vector = $29
   178                          
   179                          ENDIF
   180                          
   181                             PUBLIC l_ret
   182                          
   183  002b  e1                   pop hl
   184  002c  e1                   pop hl
   185  002d  e1                   pop hl
   186                          
   187                          l_ret:
   188                          
   189  002e  c9                   ret
   190                          
   191                          ; address = 0x0030
   192                          
   193  002f  00                   ALIGN 0x0030
   194                          
   195                          IF ((__crt_enable_rst & $4040) = $40)
   196                          
   197                             EXTERN _z80_rst_30h
   198                             jp     _z80_rst_30h
   199                          
   200                          ELSE
   201                          
   202                             IF ((__crt_enable_rst & $4040) = $4040)
   203                          
   204                             jp     __z80_rst_30h
   205                          
   206                             ELSE
   207                          
   208  0030  c30000               jp     l_ret
   209                          
   210                             ENDIF
   211                          
   212                          ENDIF
   213                          
   214                          IF ((__crt_enable_rst & $4040) != $4040)
   215                          
   216                             PUBLIC _z80_rst_30h_vector
   217                             defc   _z80_rst_30h_vector = $31
   218                          
   219                          ENDIF
   220                          
   221                          IF __SDCC_IY
   222                          
   223                             PUBLIC l_jpix
   224                          
   225                             l_jpix:
   226                          
   227  0033  00                      defb $fd
   228                          
   229                             PUBLIC l_jphl
   230                          
   231                             l_jphl:
   232                          
   233  0034  e9                      jp (hl)
   234                          
   235                             PUBLIC l_jpiy
   236                          
   237                             l_jpiy:
   238                          
   239  0035  dde9                    jp (ix)
   240                          
   241                          ELSE
   242                          
   243                             PUBLIC l_jpix
   244                          
   245                             l_jpix:
   246                          
   247                                defb $dd
   248                          
   249                             PUBLIC l_jphl
   250                          
   251                             l_jphl:
   252                          
   253                                jp (hl)
   254                          
   255                             PUBLIC l_jpiy
   256                          
   257                             l_jpiy:
   258                          
   259                                jp (iy)
   260                          
   261                          ENDIF
   262                          
   263                          ; address = 0x0038
   264                          ; im 1 isr
   265                          
   266  0037  00                   ALIGN 0x0038
   267                          
   268                          IF ((__crt_enable_rst & $8080) = $80)
   269                          
   270                             EXTERN _z80_rst_38h
   271  0038  c30000               jp     _z80_rst_38h
   272                          
   273                          ELSE
   274                          
   275                             IF ((__crt_enable_rst & $8080) = $8080)
   276                          
   277                             jp     __z80_rst_38h
   278                          
   279                             ELSE
   280                          
   281                             EXTERN l_ei_reti
   282                             jp     l_ei_reti
   283                          
   284                             ENDIF
   285                          
   286                          ENDIF
   287                          
   288                          IF ((__crt_enable_rst & $8080) != $8080)
   289                          
   290                             PUBLIC _z80_rst_38h_vector
   291                             defc   _z80_rst_38h_vector = $39
   292                          
   293                          ENDIF
   294                          
   295                             PUBLIC l_setmem_hl
   296                          
   297  003b  77                   ld (hl),a
   298  003c  23                   inc hl
   299  003d  77                   ld (hl),a
   300  003e  23                   inc hl
   301  003f  77                   ld (hl),a
   302  0040  23                   inc hl
   303  0041  77                   ld (hl),a
   304  0042  23                   inc hl
   305                          
   306  0043  77                   ld (hl),a
   307  0044  23                   inc hl
   308  0045  77                   ld (hl),a
   309  0046  23                   inc hl
   310  0047  77                   ld (hl),a
   311  0048  23                   inc hl
   312  0049  77                   ld (hl),a
   313  004a  23                   inc hl
   314                          
   315  004b  77                   ld (hl),a
   316  004c  23                   inc hl
   317  004d  77                   ld (hl),a
   318  004e  23                   inc hl
   319  004f  77                   ld (hl),a
   320  0050  23                   inc hl
   321  0051  77                   ld (hl),a
   322  0052  23                   inc hl
   323                          
   324  0053  77                   ld (hl),a
   325  0054  23                   inc hl
   326  0055  77                   ld (hl),a
   327  0056  23                   inc hl
   328  0057  77                   ld (hl),a
   329  0058  23                   inc hl
   330  0059  77                   ld (hl),a
   331  005a  23                   inc hl
   332                          
   333                          l_setmem_hl:
   334                          
   335  005b  c9                   ret
   336                          
   337                             PUBLIC l_inc_hl
   338                          
   339  005c  23                   inc hl
   340  005d  23                   inc hl
   341                          
   342  005e  23                   inc hl
   343  005f  23                   inc hl
   344                          
   345  0060  23                   inc hl
   346  0061  23                   inc hl
   347                          
   348  0062  23                   inc hl
   349  0063  23                   inc hl
   350                          
   351                          l_inc_hl:
   352                          
   353  0064  c9                   ret
   354                          
   355                          ; address = 0x0066
   356                          
   357  0065  00                   ALIGN 0x0066
   358                          
   359                          IF (__crt_enable_nmi = 1)
   360                          
   361                             EXTERN _z80_nmi
   362                             jp     _z80_nmi
   363                          
   364                          ELSE
   365                          
   366                             IF (__crt_enable_nmi > 1)
   367                          
   368                             jp     __z80_nmi
   369                          
   370                             ELSE
   371                          
   372                             EXTERN l_retn
   373  0066  c30000               jp     l_retn
   374                          
   375                             ENDIF
   376                          
   377                          ENDIF
   378                          
   379                          IF (__crt_enable_nmi <= 1)
   380                          
   381                             PUBLIC _z80_nmi_vector
   382                             defc   _z80_nmi_vector = $67
   383                          
   384                          ENDIF
   385                          
   386                          IF (__crt_org_vector_table = -0x0080)
   387                          
   388                          ; place vector table at address 0x0080
   389                          
   390                          ; current address = 0x0069
   391                          ; that is 23 bytes to pad, make it count!
   392                          
   393                          PUBLIC error_mc
   394                          
   395                             pop hl
   396                             pop hl
   397                             pop hl
   398                          
   399                          error_mc:
   400                          
   401                             ld hl,-1
   402                             scf
   403                             ret
   404                          
   405                          PUBLIC error_zc
   406                          
   407                             pop hl
   408                             pop hl
   409                             pop hl
   410                             pop hl
   411                          
   412                          error_zc:
   413                          
   414                             ld hl,0
   415                             scf
   416                             ret
   417                          
   418                          ; address = 0x80
   419                          
   420                             ALIGN 0x0080
   421                          
   422                          section code_crt_start
   423                          
   424                          ELIF (__crt_org_vector_table = -0x0100)
   425                          
   426                          ; place vector table at address 0x0100
   427                          
   428                          ; current address = 0x0069
   429                          ; that is 151 bytes to pad, make it count!
   430                          
   431                          PUBLIC l_inc_sp
   432                          
   433                             inc sp
   434                             inc sp
   435                          
   436                             inc sp
   437                             inc sp
   438                          
   439                             inc sp
   440                             inc sp
   441                          
   442                             inc sp
   443                             inc sp
   444                          
   445                          l_inc_sp:
   446                          
   447                             ret
   448                          
   449                          PUBLIC l_setmem_de
   450                          
   451                             ld (de),a
   452                             inc de
   453                             ld (de),a
   454                             inc de
   455                             ld (de),a
   456                             inc de
   457                             ld (de),a
   458                             inc de
   459                          
   460                             ld (de),a
   461                             inc de
   462                             ld (de),a
   463                             inc de
   464                             ld (de),a
   465                             inc de
   466                             ld (de),a
   467                             inc de
   468                          
   469                          l_setmem_de:
   470                          
   471                             ret
   472                          
   473                          PUBLIC l_neg_hl
   474                          
   475                          l_neg_hl:
   476                          
   477                             ld a,l
   478                             cpl
   479                             ld l,a
   480                          
   481                             ld a,h
   482                             cpl
   483                             ld h,a
   484                          
   485                             inc hl
   486                             ret
   487                          
   488                          PUBLIC l_neg_de
   489                          
   490                          l_neg_de:
   491                          
   492                             ld a,e
   493                             cpl
   494                             ld e,a
   495                          
   496                             ld a,d
   497                             cpl
   498                             ld d,a
   499                          
   500                             inc de
   501                             ret
   502                          
   503                          PUBLIC l_neg_bc
   504                          
   505                          l_neg_bc:
   506                          
   507                             ld a,c
   508                             cpl
   509                             ld c,a
   510                          
   511                             ld a,b
   512                             cpl
   513                             ld b,a
   514                          
   515                             inc bc
   516                             ret
   517                          
   518                          PUBLIC error_mc
   519                          
   520                             pop hl
   521                             pop hl
   522                             pop hl
   523                          
   524                          error_mc:
   525                          
   526                             ld hl,-1
   527                             scf
   528                             ret
   529                          
   530                          PUBLIC error_mnc
   531                          
   532                             pop hl
   533                             pop hl
   534                             pop hl
   535                          
   536                          error_mnc:
   537                          
   538                             ld hl,-1
   539                          
   540                             scf
   541                             ccf
   542                          
   543                             ret
   544                          
   545                          PUBLIC error_zc
   546                          
   547                             pop hl
   548                             pop hl
   549                             pop hl
   550                             pop hl
   551                          
   552                          error_zc:
   553                          
   554                             ld hl,0
   555                             scf
   556                             ret
   557                          
   558                          PUBLIC error_znc
   559                          
   560                             pop hl
   561                             pop hl
   562                             pop hl
   563                          
   564                          error_znc:
   565                          
   566                             ld hl,0
   567                          
   568                             scf
   569                             ccf
   570                          
   571                             ret
   572                          
   573                          PUBLIC error_lzc
   574                          
   575                             pop hl
   576                          
   577                          error_lzc:
   578                          
   579                             ld de,0
   580                             jp error_zc
   581                          
   582                          PUBLIC error_lznc
   583                          
   584                             pop hl
   585                          
   586                          error_lznc:
   587                          
   588                             ld de,0
   589                             jp error_znc
   590                          
   591                          PUBLIC error_lmc
   592                          
   593                             pop hl
   594                          
   595                          error_lmc:
   596                          
   597                             ld de,-1
   598                             jp error_mc
   599                          
   600                          PUBLIC error_lmnc
   601                          
   602                             pop hl
   603                          
   604                          error_lmnc:
   605                          
   606                             ld de,-1
   607                             jp error_mnc
   608                          
   609                          PUBLIC error_oc
   610                          
   611                             pop hl
   612                          
   613                          error_oc:
   614                          
   615                             ld hl,1
   616                             scf
   617                          
   618                             ret
   619                          
   620                          PUBLIC error_onc
   621                          
   622                             pop hl
   623                             pop hl
   624                             pop hl
   625                          
   626                          error_onc:
   627                          
   628                             ld hl,1
   629                          
   630                             scf
   631                             ccf
   632                          
   633                             ret
   634                          
   635                          PUBLIC l_readword_hl
   636                          
   637                             inc hl
   638                             inc hl
   639                          
   640                             inc hl
   641                             inc hl
   642                          
   643                             inc hl
   644                             inc hl
   645                          
   646                             inc hl
   647                             inc hl
   648                          
   649                          l_readword_hl:
   650                          
   651                             ld a,(hl)
   652                             inc hl
   653                             ld h,(hl)
   654                             ld l,a
   655                          
   656                             ret
   657                          
   658                          PUBLIC l_offset_ix_de
   659                          
   660                          l_offset_ix_de:
   661                          
   662                             push ix
   663                             pop de
   664                          
   665                             add hl,de
   666                             ret
   667                          
   668                          PUBLIC l_offset_ix_bc
   669                          
   670                          l_offset_ix_bc:
   671                          
   672                             push ix
   673                             pop bc
   674                          
   675                             add hl,bc
   676                             ret
   677                          
   678                          ; address = 0x100
   679                          
   680                             ALIGN 0x0100
   681                          
   682                          section code_crt_start
   683                          
   684                          ELSE
   685                          
   686                          section code_crt_init
   687                          
   688                          ENDIF
   689                          
   690                          defc __page_zero_present = 1
   691                          
/home/derek/z88dk/lib/config/../..//libsrc/_DEVELOPMENT/target/z80/z80_crt.asm.m4:
  1166                          
  1167                          ENDIF
  1168                          
  1169                          ;;;;;;;;;;;;;;;;;;;;;;;;;;;;;;;;;;;;;;;;;;;;;;;;;;;;;;;;;;;;;;;
  1170                          ;; CRT INIT ;;;;;;;;;;;;;;;;;;;;;;;;;;;;;;;;;;;;;;;;;;;;;;;;;;;
  1171                          ;;;;;;;;;;;;;;;;;;;;;;;;;;;;;;;;;;;;;;;;;;;;;;;;;;;;;;;;;;;;;;;
  1172                          
  1173                          __Start:
  1174                          
  1175                             include "../crt_start_di.inc"
/home/derek/z88dk/lib/config/../../libsrc/_DEVELOPMENT/target/z80/../crt_start_di.inc:
     1                             IF (__crt_enable_eidi & 0x01)
     2                          
     3  0009  00                      di
     4                          
     5                             ENDIF
     6                          
/home/derek/z88dk/lib/config/../..//libsrc/_DEVELOPMENT/target/z80/z80_crt.asm.m4:
  1176                             include "../crt_save_sp.inc"
/home/derek/z88dk/lib/config/../../libsrc/_DEVELOPMENT/target/z80/../crt_save_sp.inc:
     1                          
     2                             ; do not save sp if
     3                             ; * program jumps to address on exit
     4                             ; * program halts on exit
     5                          
     6                             IF (__crt_on_exit & 0x10000)
     7                          
     8                                IF (__crt_on_exit & 0x8)
     9                          
    10                                   ; program restarts on exit
    11                          
    12                                   IF (__register_sp = -1)
    13                          
    14                                      IF __CPU_INTEL__ || __CPU_GBZ80__
    15                                       ld hl,sp
    16                                       ld (__sp_or_ret),hl
    17                                     ELSE
    18                                       ld (__sp_or_ret),sp
    19                                     ENDIF
    20                          
    21                                   ENDIF
    22                          
    23                                ELIF (__crt_on_exit & 0x4)
    24                          
    25                                   ; program jumps to caller on exit
    26                          
    27                                   IF (__crt_enable_commandline != 2)
    28                                      pop hl
    29                                      ld (__sp_or_ret),hl
    30                                   ELSE
    31                                      pop de
    32                                      ld (__sp_or_ret),de
    33                                   ENDIF
    34                          
    35                                ELIF (__crt_on_exit & 0x2)
    36                          
    37                                   ; program returns to caller on exit
    38                          
    39                                   IF __CPU_INTEL__ || __CPU_GBZ80__
    40                                      ld hl,sp
    41                                      ld (__sp_or_ret),hl
    42                                   ELSE
    43                                      ld (__sp_or_ret),sp
    44                                   ENDIF
    45                          
    46                                ENDIF
    47                          
    48                             ENDIF
    49                          
/home/derek/z88dk/lib/config/../..//libsrc/_DEVELOPMENT/target/z80/z80_crt.asm.m4:
  1177                          
  1178                          __Restart:
  1179                          
  1180                             include "../crt_init_sp.inc"
/home/derek/z88dk/lib/config/../../libsrc/_DEVELOPMENT/target/z80/../crt_init_sp.inc:
     1                          IF __register_sp < -1
     2                             IF __CPU_INTEL__
     3                               ld hl,(-__register_sp)      ; stack location is stored at memory address
     4                               ld sp,hl
     5                             ELSE
     6                               ld sp,(-__register_sp)      ; stack location is stored at memory address
     7                             ENDIF
     8                          ELSE
     9                          
    10                             IF __register_sp != -1
    11                          
    12  000a  000000                  ld sp,__register_sp      ; stack is at fixed address
    13                          
    14                             ENDIF
    15                          
    16                          ENDIF
    17                          
/home/derek/z88dk/lib/config/../..//libsrc/_DEVELOPMENT/target/z80/z80_crt.asm.m4:
  1181                          
  1182                             ; command line
  1183                          
  1184                          IF (__crt_enable_commandline = 1) || (__crt_enable_commandline >= 3)
  1185                          
  1186                             include "../crt_cmdline_empty.inc"
  1187                          
  1188                          ENDIF
  1189                          
  1190                          __Restart_2:
  1191                          
  1192                          IF __crt_enable_commandline >= 1
  1193                          
  1194                             push hl                     ; argv
  1195                             push bc                     ; argc
  1196                          
  1197                          ENDIF
  1198                          
  1199                             ; initialize data section
  1200                          
  1201                             include "../clib_init_data.inc"
/home/derek/z88dk/lib/config/../../libsrc/_DEVELOPMENT/target/z80/../clib_init_data.inc:
     1                          
     2                             ; initialize data section
     3                          
     4                             IF (__crt_model = 1)
     5                          
     6                                ; rom model + data section is not compressed
     7                          
     8                                EXTERN __CODE_END_tail
     9                                EXTERN __DATA_head, __DATA_END_tail
    10                          
    11  000d  210000                  ld hl,__CODE_END_tail
    12  0010  110000                  ld de,__DATA_head
    13  0013  010000                  ld bc,__DATA_END_tail - __DATA_head
    14                          
    15                                EXTERN asm_memcpy
    16  0016  cd0000                  call   asm_memcpy
    17                          
    18                             ENDIF
    19                          
    20                             IF (__crt_model >= 2)
    21                          
    22                                ; rom model + data section is compressed
    23                          
    24                                EXTERN __CODE_END_tail
    25                                EXTERN __DATA_head, __DATA_END_tail
    26                          
    27                                ld hl,__CODE_END_tail
    28                                ld de,__DATA_head
    29                                ld bc,__DATA_END_tail - __DATA_head
    30                          
    31                                ld a,b
    32                                or c
    33                          
    34                              IF (__crt_model = 2)
    35                                EXTERN   asm_dzx7_standard
    36                                call nz, asm_dzx7_standard
    37                              ELIF (__crt_model = 3)
    38                                EXTERN   asm_dzx0_standard
    39                                call nz, asm_dzx0_standard
    40                              ENDIF
    41                          
    42                             ENDIF
    43                          
/home/derek/z88dk/lib/config/../..//libsrc/_DEVELOPMENT/target/z80/z80_crt.asm.m4:
  1202                          
  1203                             ; initialize bss section
  1204                          
  1205                             include "../clib_init_bss.inc"
/home/derek/z88dk/lib/config/../../libsrc/_DEVELOPMENT/target/z80/../clib_init_bss.inc:
     1                          
     2                             ; initialize bss section
     3                          
     4                             IF __crt_initialize_bss
     5                          
     6                                   EXTERN asm_memset
     7                                   EXTERN __BSS_head, __BSS_UNINITIALIZED_head
     8                          
     9  0019  000000                     ld hl,__BSS_head
    10  001c  010000                     ld bc,__BSS_UNINITIALIZED_head - __BSS_head
    11                          
    12  001f  1e00                       ld e,0
    13  0021  2e0000                     call asm_memset
    14                          
    15                             ENDIF
    16                          
/home/derek/z88dk/lib/config/../..//libsrc/_DEVELOPMENT/target/z80/z80_crt.asm.m4:
  1206                          
  1207                             ; interrupt mode
  1208                          
  1209                             include "../crt_set_interrupt_mode.inc"
/home/derek/z88dk/lib/config/../../libsrc/_DEVELOPMENT/target/z80/../crt_set_interrupt_mode.inc:
     1                             IF (__crt_org_vector_table > 0)
     2                          
     3                                ; copy interrupt vector table to final location
     4                          
     5                                EXTERN __code_crt_interrupt_vector_table_head
     6                                EXTERN __code_crt_interrupt_vector_table_size
     7                          
     8                                ld hl,__code_crt_interrupt_vector_table_head
     9                                ld de,__crt_org_vector_table
    10                                ld bc,__code_crt_interrupt_vector_table_size
    11                          
    12                                EXTERN asm_memcpy
    13                                call   asm_memcpy
    14                          
    15                             ENDIF
    16                          
    17                             IF (__crt_org_vector_table != 0)
    18                          
    19                                IF (__crt_org_vector_table < 0)
    20                          
    21                                   ld a,-__crt_org_vector_table/$100
    22                          
    23                                ELSE
    24                          
    25                                   ld a,__crt_org_vector_table/$100
    26                          
    27                                ENDIF
    28                          
    29                                ld i,a
    30                          
    31                                IF (__Z180)
    32                          
    33                                  ; Set the z180 internal interrupt vector low byte
    34                          
    35                                  IF (__crt_org_vector_table < 0)
    36                          
    37                                     ld a,+(-__crt_org_vector_table+__IO_VECTOR_BASE)&$E0
    38                          
    39                                  ELSE
    40                          
    41                                     ld a,+(__crt_org_vector_table+__IO_VECTOR_BASE)&$E0
    42                          
    43                                  ENDIF
    44                          
    45                                  out0 (IL),a
    46                          
    47                                ENDIF
    48                          
    49                             ENDIF
    50                          
    51                             IF (__crt_interrupt_mode >= 0) && (__crt_interrupt_mode <= 2)
    52                          
    53                                ; set interrupt mode
    54                          
    55                                im __crt_interrupt_mode
    56                          
    57                             ENDIF
    58                          
/home/derek/z88dk/lib/config/../..//libsrc/_DEVELOPMENT/target/z80/z80_crt.asm.m4:
  1210                          
  1211                          SECTION code_crt_init          ; user and library initialization
  1212                          
  1213                          ;;;;;;;;;;;;;;;;;;;;;;;;;;;;;;;;;;;;;;;;;;;;;;;;;;;;;;;;;;;;;;;
  1214                          ;; MAIN ;;;;;;;;;;;;;;;;;;;;;;;;;;;;;;;;;;;;;;;;;;;;;;;;;;;;;;;
  1215                          ;;;;;;;;;;;;;;;;;;;;;;;;;;;;;;;;;;;;;;;;;;;;;;;;;;;;;;;;;;;;;;;
  1216                          
  1217                          SECTION code_crt_main
  1218                          
  1219                             include "../crt_start_ei.inc"
/home/derek/z88dk/lib/config/../../libsrc/_DEVELOPMENT/target/z80/../crt_start_ei.inc:
     1                             IF (__crt_enable_eidi & 0x02)
     2                          
     3  0000  fb                      ei
     4                          
     5                             ENDIF
     6                          
/home/derek/z88dk/lib/config/../..//libsrc/_DEVELOPMENT/target/z80/z80_crt.asm.m4:
  1220                          
  1221                             ; call user program
  1222                          
  1223  0001  cd0000               call _main                  ; hl = return status
  1224                          
  1225                             ; run exit stack
  1226                          
  1227                          IF __clib_exit_stack_size > 0
  1228                          
  1229                             EXTERN asm_exit
  1230                             jp asm_exit                 ; exit function jumps to __Exit
  1231                          
  1232                          ENDIF
  1233                          
  1234                          __Exit:
  1235                          
  1236                          IF !((__crt_on_exit & 0x10000) && (__crt_on_exit & 0x8))
  1237                          
  1238                             ; not restarting
  1239                          
  1240  0004  e5                   push hl                     ; save return status
  1241                          
  1242                          ENDIF
  1243                          
  1244                          SECTION code_crt_exit          ; user and library cleanup
  1245                          SECTION code_crt_return
  1246                          
  1247                             ; close files
  1248                          
  1249                             include "../clib_close.inc"
/home/derek/z88dk/lib/config/../../libsrc/_DEVELOPMENT/target/z80/../clib_close.inc:
     1                             IF __crt_enable_close
     2                          
     3                                ; TODO
     4                                ; close open files
     5                          
     6                             ENDIF
     7                          
/home/derek/z88dk/lib/config/../..//libsrc/_DEVELOPMENT/target/z80/z80_crt.asm.m4:
  1250                          
  1251                             ; terminate
  1252                          
  1253                             include "../crt_exit_eidi.inc"
/home/derek/z88dk/lib/config/../../libsrc/_DEVELOPMENT/target/z80/../crt_exit_eidi.inc:
     1                             IF (__crt_enable_eidi & 0x10)
     2                          
     3  0000  f3                      di
     4                          
     5                             ENDIF
     6                          
     7                             IF (__crt_interrupt_mode_exit >= 0) && (__crt_interrupt_mode_exit <= 2)
     8                          
     9                                   im __crt_interrupt_mode_exit
    10                          
    11                             ENDIF
    12                          
    13                             IF (__crt_enable_eidi & 0x20)
    14                          
    15                                ei
    16                          
    17                             ENDIF
    18                          
/home/derek/z88dk/lib/config/../..//libsrc/_DEVELOPMENT/target/z80/z80_crt.asm.m4:
  1254                             include "../crt_restore_sp.inc"
/home/derek/z88dk/lib/config/../../libsrc/_DEVELOPMENT/target/z80/../crt_restore_sp.inc:
     1                          
     2                             IF (__crt_on_exit & 0x10000)
     3                          
     4                                IF (__crt_on_exit & 0x8)
     5                          
     6                                   ; program restarts
     7                          
     8                                   IF (__crt_enable_commandline < 2)
     9                          
    10                                      IF (__register_sp = -1)
    11                          
    12                                        IF __CPU_INTEL__
    13                                          ld hl,(__sp_or_ret)
    14                                          ld sp,hl
    15                                        ELSE
    16                                          ld sp,(__sp_or_ret)
    17                                        ENDIF
    18                          
    19                                      ENDIF
    20                          
    21                                   ELSE
    22                          
    23                                      IF (__register_sp = -1)
    24                          
    25                                        IF __CPU_INTEL__
    26                                          ld hl,(__sp_or_ret)
    27                                          ld sp,hl
    28                                        ELSE
    29                                          ld sp,(__sp_or_ret)
    30                                        ENDIF
    31                          
    32                                      ENDIF
    33                          
    34                                   ENDIF
    35                          
    36                                ELSE
    37                          
    38  0001  e1                         pop hl                ; hl = return status
    39                          
    40                                   IF (__crt_on_exit & 0x2)
    41                          
    42                                      ; program returns to caller
    43                          
    44                                     IF __CPU_INTEL__
    45                                       ld hl,(__sp_or_ret)
    46                                       ld sp,hl
    47                                     ELSE
    48                                       ld sp,(__sp_or_ret)
    49                                     ENDIF
    50                          
    51                                   ENDIF
    52                          
    53                                ENDIF
    54                          
    55                             ELSE
    56                          
    57                                ; program jumps to absolute address
    58                          
    59                                pop hl                   ; hl = return status
    60                          
    61                             ENDIF
    62                          
/home/derek/z88dk/lib/config/../..//libsrc/_DEVELOPMENT/target/z80/z80_crt.asm.m4:
  1255                             include "../crt_program_exit.inc"
/home/derek/z88dk/lib/config/../../libsrc/_DEVELOPMENT/target/z80/../crt_program_exit.inc:
     1                          
     2                             IF (__crt_on_exit & 0x10000)
     3                          
     4                                IF (__crt_on_exit & 0x8)
     5                          
     6                                   ; program restarts
     7                          
     8                                   IF (__crt_enable_commandline < 2)
     9                          
    10                                      jp __Restart
    11                          
    12                                   ELSE
    13                          
    14                                      IF (__register_sp != -1)
    15                          
    16                                         include "../crt_init_sp.inc"
    17                          
    18                                      ENDIF
    19                          
    20                                      include "../crt_cmdline_empty.inc"
    21                          
    22                                      jp __Restart_2
    23                          
    24                                   ENDIF
    25                          
    26                                ELIF (__crt_on_exit & 0x4)
    27                          
    28                                   ; program jumps to caller
    29                          
    30                                   ld de,(__sp_or_ret)
    31                                   push de
    32                                   ret
    33                          
    34                                ELIF (__crt_on_exit & 0x2)
    35                          
    36                                   ; program returns to caller
    37                          
    38                                   ret
    39                          
    40                                ELSE
    41                          
    42                                   ; program halts
    43                          
    44  0002  00                         halt
    45  0003  00fe                       jr ASMPC
    46                          
    47                                ENDIF
    48                          
    49                             ELSE
    50                          
    51                                ; program jumps to absolute address
    52                          
    53                                IF (__crt_on_exit & 0xffff)
    54                          
    55                                   jp __crt_on_exit & 0xffff
    56                          
    57                                ELSE
    58                          
    59                                   rst 0
    60                          
    61                                ENDIF
    62                          
    63                             ENDIF
    64                          
/home/derek/z88dk/lib/config/../..//libsrc/_DEVELOPMENT/target/z80/z80_crt.asm.m4:
  1256                          
  1257                          ;;;;;;;;;;;;;;;;;;;;;;;;;;;;;;;;;;;;;;;;;;;;;;;;;;;;;;;;;;;;;;;
  1258                          ;; RUNTIME VARS ;;;;;;;;;;;;;;;;;;;;;;;;;;;;;;;;;;;;;;;;;;;;;;;
  1259                          ;;;;;;;;;;;;;;;;;;;;;;;;;;;;;;;;;;;;;;;;;;;;;;;;;;;;;;;;;;;;;;;
  1260                          
  1261                          include "../crt_jump_vectors_z80.inc"
/home/derek/z88dk/lib/config/../../libsrc/_DEVELOPMENT/target/z80/../crt_jump_vectors_z80.inc:
     1                          IF __page_zero_present
     2                          
     3                          SECTION smc_jump_vectors
     4                          
     5                          IF ((__crt_enable_rst & 0x0202) = 0x0202)
     6                          
     7                             PUBLIC _z80_rst_08h_vector
     8                          
     9                             defc _z80_rst_08h_vector = __z80_rst_08h + 1
    10                          
    11                             EXTERN _z80_rst_08h
    12                          
    13                             __z80_rst_08h:
    14                          
    15                                jp _z80_rst_08h
    16                          
    17                          ENDIF
    18                          
    19                          IF ((__crt_enable_rst & 0x0404) = 0x0404)
    20                          
    21                             PUBLIC _z80_rst_10h_vector
    22                          
    23                             defc _z80_rst_10h_vector = __z80_rst_10h + 1
    24                          
    25                             EXTERN _z80_rst_10h
    26                          
    27                             __z80_rst_10h:
    28                          
    29                                jp _z80_rst_10h
    30                          
    31                          ENDIF
    32                          
    33                          IF ((__crt_enable_rst & 0x0808) = 0x0808)
    34                          
    35                             PUBLIC _z80_rst_18h_vector
    36                          
    37                             defc _z80_rst_18h_vector = __z80_rst_18h + 1
    38                          
    39                             EXTERN _z80_rst_18h
    40                          
    41                             __z80_rst_18h:
    42                          
    43                                jp _z80_rst_18h
    44                          
    45                          ENDIF
    46                          
    47                          IF ((__crt_enable_rst & 0x1010) = 0x1010)
    48                          
    49                             PUBLIC _z80_rst_20h_vector
    50                          
    51                             defc _z80_rst_20h_vector = __z80_rst_20h + 1
    52                          
    53                             EXTERN _z80_rst_20h
    54                          
    55                             __z80_rst_20h:
    56                          
    57                                jp _z80_rst_20h
    58                          
    59                          ENDIF
    60                          
    61                          IF ((__crt_enable_rst & 0x2020) = 0x2020)
    62                          
    63                             PUBLIC _z80_rst_28h_vector
    64                          
    65                             defc _z80_rst_28h_vector = __z80_rst_28h + 1
    66                          
    67                             EXTERN _z80_rst_28h
    68                          
    69                             __z80_rst_28h:
    70                          
    71                                jp _z80_rst_28h
    72                          
    73                          ENDIF
    74                          
    75                          IF ((__crt_enable_rst & 0x4040) = 0x4040)
    76                          
    77                             PUBLIC _z80_rst_30h_vector
    78                          
    79                             defc _z80_rst_30h_vector = __z80_rst_30h + 1
    80                          
    81                             EXTERN _z80_rst_30h
    82                          
    83                             __z80_rst_30h:
    84                          
    85                                jp _z80_rst_30h
    86                          
    87                          ENDIF
    88                          
    89                          IF ((__crt_enable_rst & 0x8080) = 0x8080)
    90                          
    91                             PUBLIC _z80_rst_38h_vector
    92                          
    93                             defc _z80_rst_38h_vector = __z80_rst_38h + 1
    94                          
    95                             EXTERN _z80_rst_38h
    96                          
    97                             __z80_rst_38h:
    98                          
    99                                jp _z80_rst_38h
   100                          
   101                          ENDIF
   102                          
   103                          IF (__crt_enable_nmi > 1)
   104                          
   105                             PUBLIC _z80_nmi_vector
   106                          
   107                             defc _z80_nmi_vector = __z80_nmi + 1
   108                          
   109                             EXTERN _z80_nmi
   110                          
   111                             __z80_nmi:
   112                          
   113                                jp _z80_nmi
   114                          
   115                          ENDIF
   116                          
   117                          ENDIF
   118                          
/home/derek/z88dk/lib/config/../..//libsrc/_DEVELOPMENT/target/z80/z80_crt.asm.m4:
  1262                          
  1263                          IF (__crt_on_exit & 0x10000) && ((__crt_on_exit & 0x6) || ((__crt_on_exit & 0x8) && (__register_sp = -1)))
  1264                          
  1265                             SECTION BSS_UNINITIALIZED
  1266                             __sp_or_ret:  defw 0
  1267                          
  1268                          ENDIF
  1269                          
  1270                          include "../clib_variables.inc"
/home/derek/z88dk/lib/config/../../libsrc/_DEVELOPMENT/target/z80/../clib_variables.inc:
     1                          
     2                          ;;;;;;;;;;;;;;;;;;;;;;;;;;;;;;;;;;;;;;;;;;;;;;;;;;;;;;;;;;;;;;;
     3                          ;; library variables ;;;;;;;;;;;;;;;;;;;;;;;;;;;;;;;;;;;;;;;;;;
     4                          ;;;;;;;;;;;;;;;;;;;;;;;;;;;;;;;;;;;;;;;;;;;;;;;;;;;;;;;;;;;;;;;
     5                          
     6                          IF __clib_balloc_table_size > 0
     7                          
     8                             ; create balloc table
     9                          
    10                             SECTION data_clib
    11                             SECTION data_alloc_balloc
    12                          
    13                             PUBLIC __balloc_array
    14                          
    15                             __balloc_array:             defw __balloc_table
    16                          
    17                             SECTION bss_clib
    18                             SECTION bss_alloc_balloc
    19                          
    20                             __balloc_table:             defs __clib_balloc_table_size * 2
    21                          
    22                          ENDIF
    23                          
    24                          IF __clib_malloc_heap_size = -1
    25                          
    26                             ; place malloc heap between bss section and bottom of the stack
    27                          
    28                             SECTION data_clib
    29                             SECTION data_alloc_malloc
    30                          
    31                             PUBLIC __malloc_heap
    32                          
    33                             EXTERN __BSS_END_tail
    34                          
    35  0000  0000                 __malloc_heap:              defw __BSS_END_tail
    36                          
    37                             SECTION code_crt_init
    38                          
    39  0024  21ffff               ld hl,-1                    ; ensure sp == 0 is accepted
    40  0027  39                   add hl,sp                   ; hl = top of the stack
    41                          
    42  0028  010000               ld bc,__BSS_END_tail
    43                          
    44                          IF __CPU_8085__
    45                             sub hl,bc                   ; hl = space between top of stack and end of bss - 1
    46                          ELIF __CPU_8080__ || __CPU_GBZ80__
    47                             ld a,l
    48                             sub c
    49                             ld a,h
    50                             sbc b                       ; hl = space between top of stack and end of bss - 1
    51                          ELSE
    52  002b  b7                   or a
    53  002c  ed42                 sbc hl,bc                   ; hl = space between top of stack and end of bss - 1
    54                          ENDIF
    55                          
    56  002e  da0400               jp C,__Exit                 ; if stack overlaps bss, this is a fatal error
    57                          
    58  0031  2e0e02               ld bc,__crt_stack_size + 14 ; amount of space reserved by stack + minimum heap size - 1
    59                          
    60                          IF __CPU_8085__
    61                             sub hl,bc                   ; hl = max heap size - 15
    62                          ELIF __CPU_8080__ || __CPU_GBZ80__
    63                             ld a,l
    64                             sub c
    65                             ld a,h
    66                             sbc b                       ; hl = max heap size - 15
    67                          ELSE
    68  0034  ed42                 sbc hl,bc                   ; hl = max heap size - 15
    69                          ENDIF
    70                          
    71  0036  da0400               jp C,__Exit                 ; if no room for heap, this is a fatal error
    72                          
    73  0039  000f00               ld bc,15
    74  003c  09                   add hl,bc
    75                          
    76  003d  444d                 ld bc,hl                    ; bc = available heap size
    77                          
    78  003f  210000               ld hl,__BSS_END_tail        ; hl = __BSS_END_tail = start of heap
    79                          
    80                             EXTERN asm_heap_init
    81  0042  cd0000               call asm_heap_init
    82                          
    83                          ELIF __clib_malloc_heap_size < -1
    84                          
    85                             ; place malloc heap between bss section and including address abs(CLIB_MALLOC_HEAP_SIZE)
    86                          
    87                             SECTION data_clib
    88                             SECTION data_alloc_malloc
    89                          
    90                             PUBLIC __malloc_heap
    91                          
    92                             EXTERN __BSS_END_tail
    93                          
    94                             __malloc_heap:              defw __BSS_END_tail
    95                          
    96                             SECTION code_crt_init
    97                          
    98                             ld hl,-__clib_malloc_heap_size - 13
    99                          
   100                             ld bc,__BSS_END_tail
   101                          
   102                          IF __CPU_8085__
   103                             sub hl,bc                   ; hl = space between top of stack and end of bss - 1
   104                          ELIF __CPU_8080__ || __CPU_GBZ80__
   105                             ld a,l
   106                             sub c
   107                             ld a,h
   108                             sbc b
   109                          ELSE
   110                             or a
   111                             sbc hl,bc                   ; hl = space between top of stack and end of bss - 1
   112                          ENDIF
   113                          
   114                             jp C,__Exit                 ; if no room for minimum size heap, fatal error
   115                          
   116                             ld bc,14
   117                             add hl,bc
   118                          
   119                             ld bc,hl                    ; bc = available heap size
   120                          
   121                             ld hl,__BSS_END_tail        ; hl = __BSS_END_tail = start of heap
   122                          
   123                             EXTERN asm_heap_init
   124                             call asm_heap_init
   125                          
   126                          ELIF __clib_malloc_heap_size > 14
   127                          
   128                             ; create malloc heap in bss section
   129                          
   130                             SECTION data_clib
   131                             SECTION data_alloc_malloc
   132                          
   133                             PUBLIC __malloc_heap
   134                          
   135                             __malloc_heap:              defw __malloc_block
   136                          
   137                             SECTION bss_clib
   138                             SECTION bss_alloc_malloc
   139                          
   140                             __malloc_block:             defs __clib_malloc_heap_size
   141                          
   142                             SECTION code_crt_init
   143                          
   144                             ld hl,__malloc_block
   145                          
   146                             ld bc,__clib_malloc_heap_size
   147                          
   148                             EXTERN asm_heap_init
   149                             call asm_heap_init
   150                          
   151                          ENDIF
   152                          
   153                             ; create exit stack
   154                          
   155                             SECTION bss_clib
   156                             SECTION bss_stdlib
   157                          
   158                             PUBLIC __exit_stack
   159                          
   160  0000  00                   __exit_stack:               defb 0
   161                                                         defs __exit_stack_size * 2
   162                          
   163                             ; create quickexit stack
   164                          
   165                             SECTION bss_clib
   166                             SECTION bss_stdlib
   167                          
   168                             PUBLIC __quickexit_stack
   169                          
   170  0001  00                   __quickexit_stack:          defb 0
   171                                                         defs __quickexit_stack_size * 2
   172                          
   173                             ; assign thread id
   174                          
   175                             SECTION data_clib
   176                             SECTION data_threads
   177                          
   178                             PUBLIC __thrd_id
   179                          
   180  0000  01                   __thrd_id:                  defb 1
   181                          
   182                          ;; end library variables ;;;;;;;;;;;;;;;;;;;;;;;;;;;;;;;;;;;;;;
   183                          
/home/derek/z88dk/lib/config/../..//libsrc/_DEVELOPMENT/target/z80/z80_crt.asm.m4:
  1271                          
  1272                          ;;;;;;;;;;;;;;;;;;;;;;;;;;;;;;;;;;;;;;;;;;;;;;;;;;;;;;;;;;;;;;;
  1273                          ;; CLIB STUBS ;;;;;;;;;;;;;;;;;;;;;;;;;;;;;;;;;;;;;;;;;;;;;;;;;
  1274                          ;;;;;;;;;;;;;;;;;;;;;;;;;;;;;;;;;;;;;;;;;;;;;;;;;;;;;;;;;;;;;;;
  1275                          
  1276                          include "../clib_stubs.inc"
/home/derek/z88dk/lib/config/../../libsrc/_DEVELOPMENT/target/z80/../clib_stubs.inc:
     1                          
     2                             ;;;;;;;;;;;;;;;;;;;;;;;;;;;;;;;;;;;;;;;;;;;;;;;;;;;;;;;;;;;;
     3                             ;; unimplemented
     4                             ;;;;;;;;;;;;;;;;;;;;;;;;;;;;;;;;;;;;;;;;;;;;;;;;;;;;;;;;;;;;
     5                          
     6                             ; system()
     7                          
     8                             PUBLIC __ch_system
     9                          
    10                             EXTERN error_zc
    11                          
    12                             defc __ch_system = error_zc
    13                          
    14                             ; threads
    15                             ; these functions are preliminary only
    16                          
    17                             PUBLIC __thread_context_switch
    18                             PUBLIC __thread_block_timeout
    19                             PUBLIC __thread_unblock
    20                          
    21                             EXTERN l_ret
    22                          
    23                             defc __thread_context_switch = l_ret
    24                             defc __thread_block_timeout  = l_ret
    25                             defc __thread_unblock        = l_ret
    26                          
    27                             ;;;;;;;;;;;;;;;;;;;;;;;;;;;;;;;;;;;;;;;;;;;;;;;;;;;;;;;;;;;;
    28                             ;; dynamically generated functions
    29                             ;;;;;;;;;;;;;;;;;;;;;;;;;;;;;;;;;;;;;;;;;;;;;;;;;;;;;;;;;;;;
    30                          
    31                             ; dynamic printf
    32                          
    33                             IFNDEF CLIB_OPT_PRINTF
    34                                IFDEF CLIB_OPT_PRINTF_2
    35                                   defc CLIB_OPT_PRINTF = 0
    36                                ENDIF
    37                             ENDIF
    38                          
    39                             IFNDEF CLIB_OPT_PRINTF_2
    40                                IFDEF CLIB_OPT_PRINTF
    41                                   defc CLIB_OPT_PRINTF_2 = 0
    42                                ENDIF
    43                             ENDIF
    44                          
    45                             IFDEF CLIB_OPT_PRINTF
    46                          
    47                                IF __SDCC_IY
    48                          
    49                                   INCLUDE "../../stdio/z80/asm_vfprintf_unlocked_iy.asm"
    50                          
    51                                ELSE
    52                          
    53                                   INCLUDE "../../stdio/z80/asm_vfprintf_unlocked.asm"
    54                          
    55                                ENDIF
    56                          
    57                             ENDIF
    58                          
    59                             ; dynamic scanf
    60                          
    61                             IFNDEF CLIB_OPT_SCANF
    62                                IFDEF CLIB_OPT_SCANF_2
    63                                   defc CLIB_OPT_SCANF = 0
    64                                ENDIF
    65                             ENDIF
    66                          
    67                             IFNDEF CLIB_OPT_SCANF_2
    68                                IFDEF CLIB_OPT_SCANF
    69                                   defc CLIB_OPT_SCANF_2 = 0
    70                                ENDIF
    71                             ENDIF
    72                          
    73                             IFDEF CLIB_OPT_SCANF
    74                          
    75                                IF __SDCC_IY
    76                          
    77                                   INCLUDE "../../stdio/z80/asm_vfscanf_unlocked_iy.asm"
    78                          
    79                                ELSE
    80                          
    81                                   INCLUDE "../../stdio/z80/asm_vfscanf_unlocked.asm"
    82                          
    83                                ENDIF
    84                          
    85                             ENDIF
    86                          
/home/derek/z88dk/lib/config/../..//libsrc/_DEVELOPMENT/target/z80/z80_crt.asm.m4:
  1277                          
  1278                          
  1279                          
  1280                          ;;;;;;;;;;;;;;;;;;;;;;;;;;;;;;;;;;;;;;;;;;;;;;;;;;;;;;;;;;;;;;;
  1281                          ;; compressed rom model ;;;;;;;;;;;;;;;;;;;;;;;;;;;;;;;;;;;;;;;
  1282                          ;;;;;;;;;;;;;;;;;;;;;;;;;;;;;;;;;;;;;;;;;;;;;;;;;;;;;;;;;;;;;;;
  1283                          
  1284                          
  1285                          
